<?xml version = '1.0' encoding = 'UTF-8'?>
<relationalModel class="oracle.dbtools.crest.model.design.relational.RelationalDesign" name="Relational_1" id="107C4392-418F-1A37-4389-5648A617C221" mainViewID="820FCC46-EEA1-7EE9-21DB-B485620325D3">
<createdBy>diegocarvajalarias</createdBy>
<createdTime>2025-10-12 01:36:43 UTC</createdTime>
<ownerDesignName>examen_semana09</ownerDesignName>
<shouldBeOpen>false</shouldBeOpen>
<selectedRDBMSSite>32076570-2523-435C-2E92-BF29817DFF70</selectedRDBMSSite>
</relationalModel>