<?xml version = '1.0' encoding = 'UTF-8'?>
<Entity class="oracle.dbtools.crest.model.design.logical.Entity" directorySegmentName="seg_0" id="5E05F870-7217-03EB-075F-21BA31EB5758" name="COMUNA">
<createdBy>diegocarvajalarias</createdBy>
<createdTime>2025-10-12 01:37:17 UTC</createdTime>
<ownerDesignName>examen_semana09</ownerDesignName>
<engineerTo>
<item key="107C4392-418F-1A37-4389-5648A617C221" value="true"/>
</engineerTo>
<adequatelyNormalized>NO</adequatelyNormalized>
<expectedVolumes>0</expectedVolumes>
<fwdEngineeringStrategyName>Single Table</fwdEngineeringStrategyName>
<growthPercent>0</growthPercent>
<growthType>Year</growthType>
<maxVolumes>9999999</maxVolumes>
<minVolumes>0</minVolumes>
<normalForm>Third</normalForm>
<attributes itemClass="oracle.dbtools.crest.model.design.logical.Attribute">
<Attribute name="id_comuna" id="5CA4C253-973C-9180-CC0F-2EFA9D8369B8">
<createdBy>diegocarvajalarias</createdBy>
<createdTime>2025-10-12 01:47:18 UTC</createdTime>
<ownerDesignName>examen_semana09</ownerDesignName>
<engineerTo>
<item key="107C4392-418F-1A37-4389-5648A617C221" value="true"/>
</engineerTo>
<useDomainConstraints>false</useDomainConstraints>
<use>1</use>
<logicalDatatype>LOGDT019</logicalDatatype>
<dataTypePrecision>4</dataTypePrecision>
<ownDataTypeParameters>,4,</ownDataTypeParameters>
</Attribute>
<Attribute name="nombre_comuna" id="71C76184-0677-F56B-A34E-DA8DB2FE6F31">
<createdBy>diegocarvajalarias</createdBy>
<createdTime>2025-10-12 01:47:46 UTC</createdTime>
<ownerDesignName>examen_semana09</ownerDesignName>
<engineerTo>
<item key="107C4392-418F-1A37-4389-5648A617C221" value="true"/>
</engineerTo>
<useDomainConstraints>false</useDomainConstraints>
<use>1</use>
<logicalDatatype>LOGDT024</logicalDatatype>
<dataTypeSize>255</dataTypeSize>
<ownDataTypeParameters>255,,</ownDataTypeParameters>
</Attribute>
<Attribute name="id_region" id="49B9B343-2BDF-EF5D-8825-60E68E5184B9">
<createdBy>diegocarvajalarias</createdBy>
<createdTime>2025-10-12 03:49:25 UTC</createdTime>
<generatorID>BA8AC490-7A28-4329-D5C8-E62DB397F82A</generatorID>
<ownerDesignName>examen_semana09</ownerDesignName>
<engineerTo>
<item key="107C4392-418F-1A37-4389-5648A617C221" value="true"/>
</engineerTo>
<referedAttribute>B9675593-1E56-8CDF-43C3-300DE69EAF7A</referedAttribute>
<useDomainConstraints>false</useDomainConstraints>
<use>1</use>
<logicalDatatype>LOGDT019</logicalDatatype>
<dataTypePrecision>10</dataTypePrecision>
<ownDataTypeParameters>,,</ownDataTypeParameters>
</Attribute>
</attributes>
<identifiers itemClass="oracle.dbtools.crest.model.design.logical.CandidateKey">
<identifier id="59B7B432-F041-010F-FE74-4F913E504CC0" name="COMUNA PK">
<createdBy>diegocarvajalarias</createdBy>
<createdTime>2025-10-12 01:47:39 UTC</createdTime>
<ownerDesignName>examen_semana09</ownerDesignName>
<engineerTo>
<item key="107C4392-418F-1A37-4389-5648A617C221" value="true"/>
</engineerTo>
<pk>true</pk>
<usedAttributes>
<attributeRef>5CA4C253-973C-9180-CC0F-2EFA9D8369B8</attributeRef>
</usedAttributes>
</identifier>
</identifiers>
</Entity>