<?xml version = '1.0' encoding = 'UTF-8'?>
<Entity class="oracle.dbtools.crest.model.design.logical.Entity" directorySegmentName="seg_0" id="5FA9D022-F1B6-8846-70E0-D49BF49FB360" name="ORDEN_MANTENCION">
<createdBy>diegocarvajalarias</createdBy>
<createdTime>2025-10-12 02:57:21 UTC</createdTime>
<ownerDesignName>examen_semana09</ownerDesignName>
<engineerTo>
<item key="107C4392-418F-1A37-4389-5648A617C221" value="true"/>
</engineerTo>
<adequatelyNormalized>NO</adequatelyNormalized>
<expectedVolumes>0</expectedVolumes>
<fwdEngineeringStrategyName>Single Table</fwdEngineeringStrategyName>
<growthPercent>0</growthPercent>
<growthType>Year</growthType>
<maxVolumes>9999999</maxVolumes>
<minVolumes>0</minVolumes>
<normalForm>Third</normalForm>
<attributes itemClass="oracle.dbtools.crest.model.design.logical.Attribute">
<Attribute name="id_orden_mantencion" id="7A3303F6-8B84-C49B-EED5-E906771A27F9">
<createdBy>diegocarvajalarias</createdBy>
<createdTime>2025-10-12 02:57:24 UTC</createdTime>
<ownerDesignName>examen_semana09</ownerDesignName>
<engineerTo>
<item key="107C4392-418F-1A37-4389-5648A617C221" value="true"/>
</engineerTo>
<useDomainConstraints>false</useDomainConstraints>
<use>1</use>
<logicalDatatype>LOGDT019</logicalDatatype>
<dataTypePrecision>8</dataTypePrecision>
<ownDataTypeParameters>,8,</ownDataTypeParameters>
</Attribute>
<Attribute name="fecha_programada" id="3CB44A25-4349-977A-5F5F-0CD2D7CBDAC9">
<createdBy>diegocarvajalarias</createdBy>
<createdTime>2025-10-12 02:57:31 UTC</createdTime>
<ownerDesignName>examen_semana09</ownerDesignName>
<engineerTo>
<item key="107C4392-418F-1A37-4389-5648A617C221" value="true"/>
</engineerTo>
<useDomainConstraints>false</useDomainConstraints>
<use>1</use>
<logicalDatatype>LOGDT007</logicalDatatype>
<ownDataTypeParameters>,,</ownDataTypeParameters>
</Attribute>
<Attribute name="fecha_ejecucion" id="B8702BA9-D84B-333F-2E44-0801A1FABACD">
<createdBy>diegocarvajalarias</createdBy>
<createdTime>2025-10-12 02:57:34 UTC</createdTime>
<ownerDesignName>examen_semana09</ownerDesignName>
<engineerTo>
<item key="107C4392-418F-1A37-4389-5648A617C221" value="true"/>
</engineerTo>
<nullsAllowed>true</nullsAllowed>
<useDomainConstraints>false</useDomainConstraints>
<use>1</use>
<logicalDatatype>LOGDT007</logicalDatatype>
<ownDataTypeParameters>,,</ownDataTypeParameters>
</Attribute>
<Attribute name="descripcion_trabajo" id="160CF32D-AB19-3A06-C5E7-A9A7D98ED0F4">
<createdBy>diegocarvajalarias</createdBy>
<createdTime>2025-10-12 02:57:37 UTC</createdTime>
<ownerDesignName>examen_semana09</ownerDesignName>
<engineerTo>
<item key="107C4392-418F-1A37-4389-5648A617C221" value="true"/>
</engineerTo>
<useDomainConstraints>false</useDomainConstraints>
<use>1</use>
<logicalDatatype>LOGDT024</logicalDatatype>
<dataTypeSize>255</dataTypeSize>
<ownDataTypeParameters>255,,</ownDataTypeParameters>
</Attribute>
<Attribute name="numero_maquina" id="00C1B9F0-A69D-E205-389E-74F791EDF3FB">
<createdBy>diegocarvajalarias</createdBy>
<createdTime>2025-10-12 04:10:33 UTC</createdTime>
<generatorID>1C634CD8-3C14-9483-C8F9-6F6C0E41AF15</generatorID>
<ownerDesignName>examen_semana09</ownerDesignName>
<engineerTo>
<item key="107C4392-418F-1A37-4389-5648A617C221" value="true"/>
</engineerTo>
<referedAttribute>08497A4D-D5AC-6CEE-C92E-E38C201E7E3E</referedAttribute>
<useDomainConstraints>false</useDomainConstraints>
<use>1</use>
<logicalDatatype>LOGDT019</logicalDatatype>
<dataTypePrecision>5</dataTypePrecision>
<ownDataTypeParameters>,,</ownDataTypeParameters>
</Attribute>
<Attribute name="id_planta" id="3744E073-5079-BBC7-91F7-5876DBC67889">
<createdBy>diegocarvajalarias</createdBy>
<createdTime>2025-10-12 04:10:33 UTC</createdTime>
<generatorID>1C634CD8-3C14-9483-C8F9-6F6C0E41AF15</generatorID>
<ownerDesignName>examen_semana09</ownerDesignName>
<engineerTo>
<item key="107C4392-418F-1A37-4389-5648A617C221" value="true"/>
</engineerTo>
<referedAttribute>2B31C5A8-3FC4-DDC9-37AD-EFB810DB6EEE</referedAttribute>
<useDomainConstraints>false</useDomainConstraints>
<use>1</use>
<logicalDatatype>LOGDT019</logicalDatatype>
<dataTypePrecision>10</dataTypePrecision>
<ownDataTypeParameters>,,</ownDataTypeParameters>
</Attribute>
<Attribute name="id_empleado" id="93BD3464-6D43-87E9-A185-1BFAB87BEAB6">
<createdBy>diegocarvajalarias</createdBy>
<createdTime>2025-10-12 04:12:34 UTC</createdTime>
<generatorID>72147EBE-B970-B639-D40E-0DD8E21DAFC4</generatorID>
<ownerDesignName>examen_semana09</ownerDesignName>
<engineerTo>
<item key="107C4392-418F-1A37-4389-5648A617C221" value="true"/>
</engineerTo>
<referedAttribute>45B7036A-4F44-F57C-3537-8A68CE2DF6BD</referedAttribute>
<useDomainConstraints>false</useDomainConstraints>
<use>1</use>
<logicalDatatype>LOGDT019</logicalDatatype>
<dataTypePrecision>5</dataTypePrecision>
<ownDataTypeParameters>,,</ownDataTypeParameters>
</Attribute>
</attributes>
<identifiers itemClass="oracle.dbtools.crest.model.design.logical.CandidateKey">
<identifier id="18EA56F8-F514-CBE4-CC66-996730643531" name="ORDEN_MANTENCION PK">
<createdBy>diegocarvajalarias</createdBy>
<createdTime>2025-10-12 03:27:42 UTC</createdTime>
<ownerDesignName>examen_semana09</ownerDesignName>
<engineerTo>
<item key="107C4392-418F-1A37-4389-5648A617C221" value="true"/>
</engineerTo>
<pk>true</pk>
<usedAttributes>
<attributeRef>7A3303F6-8B84-C49B-EED5-E906771A27F9</attributeRef>
<attributeRef>93BD3464-6D43-87E9-A185-1BFAB87BEAB6</attributeRef>
</usedAttributes>
</identifier>
</identifiers>
</Entity>