<?xml version = '1.0' encoding = 'UTF-8'?>
<Entity class="oracle.dbtools.crest.model.design.logical.Entity" directorySegmentName="seg_0" id="7281F282-2C77-5157-A565-D03DA6A19439" name="ASIGNACION_TURNO">
<createdBy>diegocarvajalarias</createdBy>
<createdTime>2025-10-12 02:57:02 UTC</createdTime>
<ownerDesignName>examen_semana09</ownerDesignName>
<engineerTo>
<item key="107C4392-418F-1A37-4389-5648A617C221" value="true"/>
</engineerTo>
<adequatelyNormalized>NO</adequatelyNormalized>
<expectedVolumes>0</expectedVolumes>
<fwdEngineeringStrategyName>Single Table</fwdEngineeringStrategyName>
<growthPercent>0</growthPercent>
<growthType>Year</growthType>
<maxVolumes>9999999</maxVolumes>
<minVolumes>0</minVolumes>
<normalForm>Third</normalForm>
<attributes itemClass="oracle.dbtools.crest.model.design.logical.Attribute">
<Attribute name="fecha" id="33AB2720-F5A9-3DDE-BFB9-E9BF8A674E59">
<createdBy>diegocarvajalarias</createdBy>
<createdTime>2025-10-12 02:57:08 UTC</createdTime>
<ownerDesignName>examen_semana09</ownerDesignName>
<engineerTo>
<item key="107C4392-418F-1A37-4389-5648A617C221" value="true"/>
</engineerTo>
<useDomainConstraints>false</useDomainConstraints>
<use>1</use>
<logicalDatatype>LOGDT007</logicalDatatype>
<ownDataTypeParameters>,,</ownDataTypeParameters>
</Attribute>
<Attribute name="rol_desempenado" id="97861FFE-179E-41BA-A6DF-AD02A0EAFF17">
<createdBy>diegocarvajalarias</createdBy>
<createdTime>2025-10-12 02:57:09 UTC</createdTime>
<ownerDesignName>examen_semana09</ownerDesignName>
<engineerTo>
<item key="107C4392-418F-1A37-4389-5648A617C221" value="true"/>
</engineerTo>
<nullsAllowed>true</nullsAllowed>
<useDomainConstraints>false</useDomainConstraints>
<use>1</use>
<logicalDatatype>LOGDT024</logicalDatatype>
<dataTypeSize>30</dataTypeSize>
<ownDataTypeParameters>30,,</ownDataTypeParameters>
</Attribute>
<Attribute name="id_empleado" id="FBD0D15B-33D8-9961-128E-972502D4EF57">
<createdBy>diegocarvajalarias</createdBy>
<createdTime>2025-10-12 04:07:36 UTC</createdTime>
<generatorID>249D586D-7747-46B2-5534-265EDB0E0CB9</generatorID>
<ownerDesignName>examen_semana09</ownerDesignName>
<engineerTo>
<item key="107C4392-418F-1A37-4389-5648A617C221" value="true"/>
</engineerTo>
<referedAttribute>45B7036A-4F44-F57C-3537-8A68CE2DF6BD</referedAttribute>
<useDomainConstraints>false</useDomainConstraints>
<use>1</use>
<logicalDatatype>LOGDT019</logicalDatatype>
<dataTypePrecision>5</dataTypePrecision>
<ownDataTypeParameters>,,</ownDataTypeParameters>
</Attribute>
<Attribute name="numero_maquina" id="64ECB5D4-D346-CCEB-7739-E50C239F7EE4">
<createdBy>diegocarvajalarias</createdBy>
<createdTime>2025-10-12 04:08:16 UTC</createdTime>
<generatorID>24AD467E-63A8-0A31-4571-04A739B585CD</generatorID>
<ownerDesignName>examen_semana09</ownerDesignName>
<engineerTo>
<item key="107C4392-418F-1A37-4389-5648A617C221" value="true"/>
</engineerTo>
<referedAttribute>08497A4D-D5AC-6CEE-C92E-E38C201E7E3E</referedAttribute>
<useDomainConstraints>false</useDomainConstraints>
<use>1</use>
<logicalDatatype>LOGDT019</logicalDatatype>
<dataTypePrecision>5</dataTypePrecision>
<ownDataTypeParameters>,,</ownDataTypeParameters>
</Attribute>
<Attribute name="id_planta" id="A07D750A-20B0-7875-AAC7-9A9F90869895">
<createdBy>diegocarvajalarias</createdBy>
<createdTime>2025-10-12 04:08:16 UTC</createdTime>
<generatorID>24AD467E-63A8-0A31-4571-04A739B585CD</generatorID>
<ownerDesignName>examen_semana09</ownerDesignName>
<engineerTo>
<item key="107C4392-418F-1A37-4389-5648A617C221" value="true"/>
</engineerTo>
<referedAttribute>2B31C5A8-3FC4-DDC9-37AD-EFB810DB6EEE</referedAttribute>
<useDomainConstraints>false</useDomainConstraints>
<use>1</use>
<logicalDatatype>LOGDT019</logicalDatatype>
<dataTypePrecision>10</dataTypePrecision>
<ownDataTypeParameters>,,</ownDataTypeParameters>
</Attribute>
<Attribute name="id_turno" id="750A09D4-F115-8F65-0016-F4C3397C33E3">
<createdBy>diegocarvajalarias</createdBy>
<createdTime>2025-10-12 04:09:10 UTC</createdTime>
<generatorID>39B5B2AD-B279-85EA-9FB7-5D2D500483DB</generatorID>
<ownerDesignName>examen_semana09</ownerDesignName>
<engineerTo>
<item key="107C4392-418F-1A37-4389-5648A617C221" value="true"/>
</engineerTo>
<referedAttribute>FF4C3B87-610D-3A5F-73C7-9A31948825AF</referedAttribute>
<useDomainConstraints>false</useDomainConstraints>
<use>1</use>
<logicalDatatype>LOGDT024</logicalDatatype>
<dataTypeSize>5</dataTypeSize>
<ownDataTypeParameters>,,</ownDataTypeParameters>
</Attribute>
</attributes>
<identifiers itemClass="oracle.dbtools.crest.model.design.logical.CandidateKey">
<identifier id="9C3DB22C-DC11-B360-2090-95FF7A9F1684" name="ASIGNACION_TURNO PK">
<createdBy>diegocarvajalarias</createdBy>
<createdTime>2025-10-12 03:08:40 UTC</createdTime>
<ownerDesignName>examen_semana09</ownerDesignName>
<engineerTo>
<item key="107C4392-418F-1A37-4389-5648A617C221" value="true"/>
</engineerTo>
<pk>true</pk>
<usedAttributes>
<attributeRef>33AB2720-F5A9-3DDE-BFB9-E9BF8A674E59</attributeRef>
<attributeRef>FBD0D15B-33D8-9961-128E-972502D4EF57</attributeRef>
<attributeRef>64ECB5D4-D346-CCEB-7739-E50C239F7EE4</attributeRef>
<attributeRef>A07D750A-20B0-7875-AAC7-9A9F90869895</attributeRef>
<attributeRef>750A09D4-F115-8F65-0016-F4C3397C33E3</attributeRef>
</usedAttributes>
</identifier>
</identifiers>
</Entity>