<?xml version = '1.0' encoding = 'UTF-8'?>
<Entity class="oracle.dbtools.crest.model.design.logical.Entity" directorySegmentName="seg_0" id="CB533BCE-7E8B-1814-F4D1-4257F4F83FF8" name="REGION">
<createdBy>diegocarvajalarias</createdBy>
<createdTime>2025-10-12 01:37:06 UTC</createdTime>
<ownerDesignName>examen_semana09</ownerDesignName>
<engineerTo>
<item key="107C4392-418F-1A37-4389-5648A617C221" value="true"/>
</engineerTo>
<adequatelyNormalized>NO</adequatelyNormalized>
<expectedVolumes>0</expectedVolumes>
<fwdEngineeringStrategyName>Single Table</fwdEngineeringStrategyName>
<growthPercent>0</growthPercent>
<growthType>Year</growthType>
<maxVolumes>9999999</maxVolumes>
<minVolumes>0</minVolumes>
<normalForm>Third</normalForm>
<attributes itemClass="oracle.dbtools.crest.model.design.logical.Attribute">
<Attribute name="id_region" id="B9675593-1E56-8CDF-43C3-300DE69EAF7A">
<createdBy>diegocarvajalarias</createdBy>
<createdTime>2025-10-12 01:45:01 UTC</createdTime>
<ownerDesignName>examen_semana09</ownerDesignName>
<engineerTo>
<item key="107C4392-418F-1A37-4389-5648A617C221" value="true"/>
</engineerTo>
<useDomainConstraints>false</useDomainConstraints>
<use>1</use>
<logicalDatatype>LOGDT019</logicalDatatype>
<dataTypePrecision>10</dataTypePrecision>
<ownDataTypeParameters>,10,</ownDataTypeParameters>
</Attribute>
<Attribute name="nombre_region" id="525B9C98-D172-C6AA-1300-A0EDC3BB0168">
<createdBy>diegocarvajalarias</createdBy>
<createdTime>2025-10-12 01:45:44 UTC</createdTime>
<ownerDesignName>examen_semana09</ownerDesignName>
<engineerTo>
<item key="107C4392-418F-1A37-4389-5648A617C221" value="true"/>
</engineerTo>
<useDomainConstraints>false</useDomainConstraints>
<use>1</use>
<logicalDatatype>LOGDT024</logicalDatatype>
<dataTypeSize>255</dataTypeSize>
<ownDataTypeParameters>255,,</ownDataTypeParameters>
</Attribute>
</attributes>
<identifiers itemClass="oracle.dbtools.crest.model.design.logical.CandidateKey">
<identifier id="476D52F1-405D-C418-7169-88B3DD9BA0CA" name="REGION_PK">
<createdBy>diegocarvajalarias</createdBy>
<createdTime>2025-10-12 01:45:23 UTC</createdTime>
<ownerDesignName>examen_semana09</ownerDesignName>
<engineerTo>
<item key="107C4392-418F-1A37-4389-5648A617C221" value="true"/>
</engineerTo>
<pk>true</pk>
<newElementsIDs>B9675593-1E56-8CDF-43C3-300DE69EAF7A</newElementsIDs>
<usedAttributes>
<attributeRef>B9675593-1E56-8CDF-43C3-300DE69EAF7A</attributeRef>
</usedAttributes>
</identifier>
</identifiers>
</Entity>