<?xml version = '1.0' encoding = 'UTF-8'?>
<Entity class="oracle.dbtools.crest.model.design.logical.Entity" directorySegmentName="seg_0" id="CBFF21DC-4AFC-3031-0841-D6102298D736" name="MAQUINA">
<createdBy>diegocarvajalarias</createdBy>
<createdTime>2025-10-12 02:55:44 UTC</createdTime>
<ownerDesignName>examen_semana09</ownerDesignName>
<engineerTo>
<item key="107C4392-418F-1A37-4389-5648A617C221" value="true"/>
</engineerTo>
<adequatelyNormalized>NO</adequatelyNormalized>
<expectedVolumes>0</expectedVolumes>
<fwdEngineeringStrategyName>Single Table</fwdEngineeringStrategyName>
<growthPercent>0</growthPercent>
<growthType>Year</growthType>
<maxVolumes>9999999</maxVolumes>
<minVolumes>0</minVolumes>
<normalForm>Third</normalForm>
<attributes itemClass="oracle.dbtools.crest.model.design.logical.Attribute">
<Attribute name="numero_maquina" id="08497A4D-D5AC-6CEE-C92E-E38C201E7E3E">
<createdBy>diegocarvajalarias</createdBy>
<createdTime>2025-10-12 02:55:50 UTC</createdTime>
<ownerDesignName>examen_semana09</ownerDesignName>
<engineerTo>
<item key="107C4392-418F-1A37-4389-5648A617C221" value="true"/>
</engineerTo>
<useDomainConstraints>false</useDomainConstraints>
<use>1</use>
<logicalDatatype>LOGDT019</logicalDatatype>
<dataTypePrecision>5</dataTypePrecision>
<ownDataTypeParameters>,5,</ownDataTypeParameters>
</Attribute>
<Attribute name="nombre_maquina" id="B58C58A9-6D96-AF09-85B5-4350DADD3DBE">
<createdBy>diegocarvajalarias</createdBy>
<createdTime>2025-10-12 02:56:01 UTC</createdTime>
<ownerDesignName>examen_semana09</ownerDesignName>
<engineerTo>
<item key="107C4392-418F-1A37-4389-5648A617C221" value="true"/>
</engineerTo>
<useDomainConstraints>false</useDomainConstraints>
<use>1</use>
<logicalDatatype>LOGDT024</logicalDatatype>
<dataTypeSize>100</dataTypeSize>
<ownDataTypeParameters>100,,</ownDataTypeParameters>
</Attribute>
<Attribute name="estado_activo" id="5565C425-7A0C-D3C3-1F00-7E4DC0B375FC">
<createdBy>diegocarvajalarias</createdBy>
<createdTime>2025-10-12 02:56:05 UTC</createdTime>
<ownerDesignName>examen_semana09</ownerDesignName>
<engineerTo>
<item key="107C4392-418F-1A37-4389-5648A617C221" value="true"/>
</engineerTo>
<constraintName>CHECK_ESTADO_MAQUINA</constraintName>
<nullsAllowed>true</nullsAllowed>
<useDomainConstraints>false</useDomainConstraints>
<use>1</use>
<logicalDatatype>LOGDT025</logicalDatatype>
<dataTypeSize>1</dataTypeSize>
<listOfValues>
<valueDef value="N" description=""/>
<valueDef value="S" description=""/>
</listOfValues>
<defaultValue>S</defaultValue>
<ownDataTypeParameters>1,,</ownDataTypeParameters>
</Attribute>
<Attribute name="id_tipo_maquina" id="541F3A0A-DCDA-3AF5-E58C-C96269DD1000">
<createdBy>diegocarvajalarias</createdBy>
<createdTime>2025-10-12 03:52:08 UTC</createdTime>
<generatorID>EB706EF6-29DB-6149-358C-5339CC12C927</generatorID>
<ownerDesignName>examen_semana09</ownerDesignName>
<engineerTo>
<item key="107C4392-418F-1A37-4389-5648A617C221" value="true"/>
</engineerTo>
<referedAttribute>44DE13CE-69E7-6A8D-B8A6-15BA27719214</referedAttribute>
<useDomainConstraints>false</useDomainConstraints>
<use>1</use>
<logicalDatatype>LOGDT019</logicalDatatype>
<dataTypePrecision>3</dataTypePrecision>
<ownDataTypeParameters>,,</ownDataTypeParameters>
</Attribute>
<Attribute name="id_planta" id="2B31C5A8-3FC4-DDC9-37AD-EFB810DB6EEE">
<createdBy>diegocarvajalarias</createdBy>
<createdTime>2025-10-12 03:53:16 UTC</createdTime>
<generatorID>E70C8D3A-B3F8-AFB1-3866-2E1CFEECFD51</generatorID>
<ownerDesignName>examen_semana09</ownerDesignName>
<engineerTo>
<item key="107C4392-418F-1A37-4389-5648A617C221" value="true"/>
</engineerTo>
<referedAttribute>38E8BB8D-CEBA-DA83-E15A-573750153BF2</referedAttribute>
<useDomainConstraints>false</useDomainConstraints>
<use>1</use>
<logicalDatatype>LOGDT019</logicalDatatype>
<dataTypePrecision>10</dataTypePrecision>
<ownDataTypeParameters>,,</ownDataTypeParameters>
</Attribute>
</attributes>
<identifiers itemClass="oracle.dbtools.crest.model.design.logical.CandidateKey">
<identifier id="69F43708-748E-CDD3-334D-5FC0419E9242" name="MAQUINA PK">
<createdBy>diegocarvajalarias</createdBy>
<createdTime>2025-10-12 03:25:38 UTC</createdTime>
<ownerDesignName>examen_semana09</ownerDesignName>
<engineerTo>
<item key="107C4392-418F-1A37-4389-5648A617C221" value="true"/>
</engineerTo>
<pk>true</pk>
<usedAttributes>
<attributeRef>08497A4D-D5AC-6CEE-C92E-E38C201E7E3E</attributeRef>
<attributeRef>2B31C5A8-3FC4-DDC9-37AD-EFB810DB6EEE</attributeRef>
</usedAttributes>
</identifier>
</identifiers>
</Entity>