<?xml version = '1.0' encoding = 'UTF-8'?>
<Entity class="oracle.dbtools.crest.model.design.logical.Entity" directorySegmentName="seg_0" id="F36B88EB-1C49-0926-8FD4-2324A1F4BE30" name="PLANTA">
<createdBy>diegocarvajalarias</createdBy>
<createdTime>2025-10-12 01:37:43 UTC</createdTime>
<ownerDesignName>examen_semana09</ownerDesignName>
<engineerTo>
<item key="107C4392-418F-1A37-4389-5648A617C221" value="true"/>
</engineerTo>
<adequatelyNormalized>NO</adequatelyNormalized>
<expectedVolumes>0</expectedVolumes>
<fwdEngineeringStrategyName>Single Table</fwdEngineeringStrategyName>
<growthPercent>0</growthPercent>
<growthType>Year</growthType>
<maxVolumes>9999999</maxVolumes>
<minVolumes>0</minVolumes>
<normalForm>Third</normalForm>
<attributes itemClass="oracle.dbtools.crest.model.design.logical.Attribute">
<Attribute name="id_planta" id="38E8BB8D-CEBA-DA83-E15A-573750153BF2">
<createdBy>diegocarvajalarias</createdBy>
<createdTime>2025-10-12 01:49:15 UTC</createdTime>
<ownerDesignName>examen_semana09</ownerDesignName>
<engineerTo>
<item key="107C4392-418F-1A37-4389-5648A617C221" value="true"/>
</engineerTo>
<useDomainConstraints>false</useDomainConstraints>
<use>1</use>
<logicalDatatype>LOGDT019</logicalDatatype>
<dataTypePrecision>10</dataTypePrecision>
<ownDataTypeParameters>,10,</ownDataTypeParameters>
</Attribute>
<Attribute name="nombre_de_planta" id="FE2BF13C-8E07-CAE9-3483-B40BD868F098">
<createdBy>diegocarvajalarias</createdBy>
<createdTime>2025-10-12 01:49:38 UTC</createdTime>
<ownerDesignName>examen_semana09</ownerDesignName>
<engineerTo>
<item key="107C4392-418F-1A37-4389-5648A617C221" value="true"/>
</engineerTo>
<useDomainConstraints>false</useDomainConstraints>
<use>1</use>
<logicalDatatype>LOGDT024</logicalDatatype>
<dataTypeSize>255</dataTypeSize>
<ownDataTypeParameters>255,,</ownDataTypeParameters>
</Attribute>
<Attribute name="dirreccion" id="7EA70611-33DE-D60A-CF42-35B055B553B2">
<createdBy>diegocarvajalarias</createdBy>
<createdTime>2025-10-12 02:11:03 UTC</createdTime>
<ownerDesignName>examen_semana09</ownerDesignName>
<engineerTo>
<item key="107C4392-418F-1A37-4389-5648A617C221" value="true"/>
</engineerTo>
<useDomainConstraints>false</useDomainConstraints>
<use>1</use>
<logicalDatatype>LOGDT024</logicalDatatype>
<dataTypeSize>255</dataTypeSize>
<ownDataTypeParameters>255,,</ownDataTypeParameters>
</Attribute>
<Attribute name="comuna_id" id="476B8915-B2EE-D280-48E0-B6998460C963">
<createdBy>diegocarvajalarias</createdBy>
<createdTime>2025-10-12 02:11:32 UTC</createdTime>
<ownerDesignName>examen_semana09</ownerDesignName>
<engineerTo>
<item key="107C4392-418F-1A37-4389-5648A617C221" value="true"/>
</engineerTo>
<nullsAllowed>true</nullsAllowed>
<useDomainConstraints>false</useDomainConstraints>
<use>1</use>
<logicalDatatype>LOGDT019</logicalDatatype>
<dataTypePrecision>4</dataTypePrecision>
<ownDataTypeParameters>,4,</ownDataTypeParameters>
</Attribute>
<Attribute name="id_comuna" id="EE9D2F39-04C7-703B-4E15-6EE99A61F860">
<createdBy>diegocarvajalarias</createdBy>
<createdTime>2025-10-12 03:48:19 UTC</createdTime>
<generatorID>437A4C3C-28B0-65D6-500C-BC423B4F87F2</generatorID>
<ownerDesignName>examen_semana09</ownerDesignName>
<engineerTo>
<item key="107C4392-418F-1A37-4389-5648A617C221" value="true"/>
</engineerTo>
<referedAttribute>5CA4C253-973C-9180-CC0F-2EFA9D8369B8</referedAttribute>
<useDomainConstraints>false</useDomainConstraints>
<use>1</use>
<logicalDatatype>LOGDT019</logicalDatatype>
<dataTypePrecision>4</dataTypePrecision>
<ownDataTypeParameters>,,</ownDataTypeParameters>
</Attribute>
</attributes>
<identifiers itemClass="oracle.dbtools.crest.model.design.logical.CandidateKey">
<identifier id="29264E8D-6AA6-4AF3-E87A-9C05041D37F9" name="PLANTA PK">
<createdBy>diegocarvajalarias</createdBy>
<createdTime>2025-10-12 01:49:36 UTC</createdTime>
<ownerDesignName>examen_semana09</ownerDesignName>
<engineerTo>
<item key="107C4392-418F-1A37-4389-5648A617C221" value="true"/>
</engineerTo>
<pk>true</pk>
<usedAttributes>
<attributeRef>38E8BB8D-CEBA-DA83-E15A-573750153BF2</attributeRef>
</usedAttributes>
</identifier>
</identifiers>
</Entity>