<?xml version = '1.0' encoding = 'UTF-8'?>
<Relation class="oracle.dbtools.crest.model.design.logical.InheritanceRelation" name="Hierarchy_5" directorySegmentName="seg_0" id="39E36E68-8201-FF9F-826C-40DB1BC277B6">
<createdBy>diegocarvajalarias</createdBy>
<createdTime>2025-09-02 03:17:37 UTC</createdTime>
<ownerDesignName>exp03_s03_dcarvajal</ownerDesignName>
<engineerTo>
<item key="087077CE-AFD7-CB8B-4824-1384F4B87775" value="true"/>
</engineerTo>
<identifying>false</identifying>
<nameOnSource>Super Type</nameOnSource>
<nameOnTarget>Sub Type</nameOnTarget>
<optionalSource>true</optionalSource>
<optionalTarget>true</optionalTarget>
<sourceEntity>D92EAAF8-897E-0208-119A-9679F59E68CE</sourceEntity>
<targetEntity>A49820BD-9B96-747B-550E-3E3177318364</targetEntity>
<transferable>true</transferable>
<deleteRule>NO ACTION</deleteRule>
</Relation>