<?xml version = '1.0' encoding = 'UTF-8'?>
<Relation class="oracle.dbtools.crest.model.design.logical.InheritanceRelation" name="Hierarchy_6" directorySegmentName="seg_0" id="9D6D342F-19D6-DACB-A046-6E84F6283CDE">
<createdBy>diegocarvajalarias</createdBy>
<createdTime>2025-09-02 03:17:47 UTC</createdTime>
<ownerDesignName>exp03_s03_dcarvajal</ownerDesignName>
<engineerTo>
<item key="087077CE-AFD7-CB8B-4824-1384F4B87775" value="true"/>
</engineerTo>
<identifying>false</identifying>
<nameOnSource>Super Type</nameOnSource>
<nameOnTarget>Sub Type</nameOnTarget>
<optionalSource>true</optionalSource>
<optionalTarget>true</optionalTarget>
<sourceEntity>D92EAAF8-897E-0208-119A-9679F59E68CE</sourceEntity>
<targetEntity>251B2CB8-B74A-84C3-8D2B-B454E906FACD</targetEntity>
<transferable>true</transferable>
<deleteRule>NO ACTION</deleteRule>
</Relation>