<?xml version = '1.0' encoding = 'UTF-8'?>
<Relation class="oracle.dbtools.crest.model.design.logical.InheritanceRelation" name="Hierarchy_3" directorySegmentName="seg_0" id="BF953B10-1F46-D383-E14A-D22E6BD63E19">
<createdBy>diegocarvajalarias</createdBy>
<createdTime>2025-09-02 03:12:02 UTC</createdTime>
<ownerDesignName>exp03_s03_dcarvajal</ownerDesignName>
<engineerTo>
<item key="087077CE-AFD7-CB8B-4824-1384F4B87775" value="true"/>
</engineerTo>
<identifying>false</identifying>
<nameOnSource>Super Type</nameOnSource>
<nameOnTarget>Sub Type</nameOnTarget>
<optionalSource>true</optionalSource>
<optionalTarget>true</optionalTarget>
<sourceEntity>0569E977-CE3D-B332-74E4-AE836C78CA94</sourceEntity>
<targetEntity>4BB3375F-BF26-B86A-B0CE-86C59FCC275F</targetEntity>
<transferable>true</transferable>
<deleteRule>NO ACTION</deleteRule>
</Relation>