<?xml version = '1.0' encoding = 'UTF-8'?>
<relationalModel class="oracle.dbtools.crest.model.design.relational.RelationalDesign" name="Relational_1" id="EE794041-BB45-12F4-A458-C7F3493EF7D5" mainViewID="26D3609F-48B5-E275-7251-49BE490400AE">
<createdBy>fifam</createdBy>
<createdTime>2025-09-04 17:08:58 UTC</createdTime>
<ownerDesignName>ministeriotrabajo</ownerDesignName>
<shouldBeOpen>false</shouldBeOpen>
<selectedRDBMSSite>32076570-2523-435C-2E92-BF29817DFF70</selectedRDBMSSite>
</relationalModel>