<?xml version = '1.0' encoding = 'UTF-8'?>
<Entity class="oracle.dbtools.crest.model.design.logical.Entity" directorySegmentName="seg_0" id="114B4815-8CCA-AF4E-4133-D3FD1EC840A7" name="POSTULACION">
<createdBy>fifam</createdBy>
<createdTime>2025-09-04 17:41:47 UTC</createdTime>
<ownerDesignName>ministeriotrabajo</ownerDesignName>
<engineerTo>
<item key="EE794041-BB45-12F4-A458-C7F3493EF7D5" value="true"/>
</engineerTo>
<adequatelyNormalized>NO</adequatelyNormalized>
<expectedVolumes>0</expectedVolumes>
<fwdEngineeringStrategyName>Single Table</fwdEngineeringStrategyName>
<growthPercent>0</growthPercent>
<growthType>Year</growthType>
<maxVolumes>9999999</maxVolumes>
<minVolumes>0</minVolumes>
<normalForm>Third</normalForm>
<attributes itemClass="oracle.dbtools.crest.model.design.logical.Attribute">
<Attribute name="id_postulacion" id="DE3DBAF4-A556-96D6-52B7-68AEE3CF18B5">
<createdBy>fifam</createdBy>
<createdTime>2025-09-04 19:45:26 UTC</createdTime>
<ownerDesignName>ministeriotrabajo</ownerDesignName>
<engineerTo>
<item key="EE794041-BB45-12F4-A458-C7F3493EF7D5" value="true"/>
</engineerTo>
<useDomainConstraints>false</useDomainConstraints>
<use>1</use>
<logicalDatatype>LOGDT024</logicalDatatype>
<dataTypeSize>50</dataTypeSize>
<ownDataTypeParameters>50,,</ownDataTypeParameters>
</Attribute>
<Attribute name="fecha_postulacion" id="93C596A3-0946-D998-8E91-3D8D575E1015">
<createdBy>fifam</createdBy>
<createdTime>2025-09-04 19:48:09 UTC</createdTime>
<ownerDesignName>ministeriotrabajo</ownerDesignName>
<engineerTo>
<item key="EE794041-BB45-12F4-A458-C7F3493EF7D5" value="true"/>
</engineerTo>
<useDomainConstraints>false</useDomainConstraints>
<use>1</use>
<logicalDatatype>LOGDT007</logicalDatatype>
<ownDataTypeParameters>,,</ownDataTypeParameters>
</Attribute>
<Attribute name="estado_pendiente_aceptada_rechazada" id="48503D59-0790-A112-2D23-605E319B3507">
<createdBy>fifam</createdBy>
<createdTime>2025-09-04 19:49:25 UTC</createdTime>
<ownerDesignName>ministeriotrabajo</ownerDesignName>
<engineerTo>
<item key="EE794041-BB45-12F4-A458-C7F3493EF7D5" value="true"/>
</engineerTo>
<useDomainConstraints>false</useDomainConstraints>
<use>1</use>
<logicalDatatype>LOGDT024</logicalDatatype>
<dataTypeSize>20</dataTypeSize>
<ownDataTypeParameters>20,,</ownDataTypeParameters>
</Attribute>
<Attribute name="pretension_renta_empresachilena" id="5D23E77A-5BFD-1697-30C8-45676435A78C">
<createdBy>fifam</createdBy>
<createdTime>2025-09-04 19:50:40 UTC</createdTime>
<ownerDesignName>ministeriotrabajo</ownerDesignName>
<engineerTo>
<item key="EE794041-BB45-12F4-A458-C7F3493EF7D5" value="true"/>
</engineerTo>
<useDomainConstraints>false</useDomainConstraints>
<use>1</use>
<logicalDatatype>LOGDT024</logicalDatatype>
<dataTypeSize>9</dataTypeSize>
<ownDataTypeParameters>9,,</ownDataTypeParameters>
</Attribute>
<Attribute name="fecha_visa_empresaextranjera" id="86D9D979-1BFC-FB3D-D2BC-6B7BCD0F871F">
<createdBy>fifam</createdBy>
<createdTime>2025-09-04 19:53:50 UTC</createdTime>
<ownerDesignName>ministeriotrabajo</ownerDesignName>
<engineerTo>
<item key="EE794041-BB45-12F4-A458-C7F3493EF7D5" value="true"/>
</engineerTo>
<useDomainConstraints>false</useDomainConstraints>
<use>1</use>
<logicalDatatype>LOGDT007</logicalDatatype>
<ownDataTypeParameters>,,</ownDataTypeParameters>
</Attribute>
<Attribute name="identificador_visa" id="CFC57128-DE1A-B504-16BB-56CA8D68A283">
<createdBy>fifam</createdBy>
<createdTime>2025-09-04 19:54:33 UTC</createdTime>
<ownerDesignName>ministeriotrabajo</ownerDesignName>
<engineerTo>
<item key="EE794041-BB45-12F4-A458-C7F3493EF7D5" value="true"/>
</engineerTo>
<useDomainConstraints>false</useDomainConstraints>
<use>1</use>
<logicalDatatype>LOGDT024</logicalDatatype>
<dataTypeSize>13</dataTypeSize>
<ownDataTypeParameters>13,,</ownDataTypeParameters>
</Attribute>
<Attribute name="id_postulante" id="11D16AA3-B34F-2CEA-1CB0-526CC2F0C0BF">
<createdBy>fifam</createdBy>
<createdTime>2025-09-04 20:32:26 UTC</createdTime>
<generatorID>CE9E96E2-020B-ADF1-C4E4-F7A0AF211948</generatorID>
<ownerDesignName>ministeriotrabajo</ownerDesignName>
<engineerTo>
<item key="EE794041-BB45-12F4-A458-C7F3493EF7D5" value="true"/>
</engineerTo>
<referedAttribute>F7D02640-6880-0ADE-6560-9EA55FE50AF7</referedAttribute>
<useDomainConstraints>false</useDomainConstraints>
<use>1</use>
<logicalDatatype>LOGDT024</logicalDatatype>
<dataTypeSize>20</dataTypeSize>
<ownDataTypeParameters>,,</ownDataTypeParameters>
</Attribute>
<Attribute name="id_empresa_siglacorrelativo" id="05DAB032-448E-B09A-F3D7-C32D135B0BF3">
<createdBy>fifam</createdBy>
<createdTime>2025-09-04 20:34:24 UTC</createdTime>
<generatorID>5DE9D55B-18B4-ECED-133F-039ED927733D</generatorID>
<ownerDesignName>ministeriotrabajo</ownerDesignName>
<engineerTo>
<item key="EE794041-BB45-12F4-A458-C7F3493EF7D5" value="true"/>
</engineerTo>
<referedAttribute>EFEC3231-7406-5970-2846-1FE229B75866</referedAttribute>
<useDomainConstraints>false</useDomainConstraints>
<use>1</use>
<logicalDatatype>LOGDT024</logicalDatatype>
<dataTypeSize>5</dataTypeSize>
<ownDataTypeParameters>,,</ownDataTypeParameters>
</Attribute>
</attributes>
<identifiers itemClass="oracle.dbtools.crest.model.design.logical.CandidateKey">
<identifier id="60660F95-C85C-061B-5697-0D086051D9AB" name="POSTULACION PK">
<createdBy>fifam</createdBy>
<createdTime>2025-09-04 19:46:02 UTC</createdTime>
<ownerDesignName>ministeriotrabajo</ownerDesignName>
<engineerTo>
<item key="EE794041-BB45-12F4-A458-C7F3493EF7D5" value="true"/>
</engineerTo>
<pk>true</pk>
<usedAttributes>
<attributeRef>DE3DBAF4-A556-96D6-52B7-68AEE3CF18B5</attributeRef>
</usedAttributes>
</identifier>
</identifiers>
</Entity>