<?xml version = '1.0' encoding = 'UTF-8'?>
<Entity class="oracle.dbtools.crest.model.design.logical.Entity" directorySegmentName="seg_0" id="29D56B33-01DE-5315-BBE4-9A1A7B2F55FE" name="EMPRESA">
<createdBy>fifam</createdBy>
<createdTime>2025-09-04 17:39:02 UTC</createdTime>
<ownerDesignName>ministeriotrabajo</ownerDesignName>
<engineerTo>
<item key="EE794041-BB45-12F4-A458-C7F3493EF7D5" value="true"/>
</engineerTo>
<adequatelyNormalized>NO</adequatelyNormalized>
<expectedVolumes>0</expectedVolumes>
<fwdEngineeringStrategyName>Single Table</fwdEngineeringStrategyName>
<growthPercent>0</growthPercent>
<growthType>Year</growthType>
<maxVolumes>9999999</maxVolumes>
<minVolumes>0</minVolumes>
<normalForm>Third</normalForm>
<attributes itemClass="oracle.dbtools.crest.model.design.logical.Attribute">
<Attribute name="id_empresa_siglacorrelativo" id="EFEC3231-7406-5970-2846-1FE229B75866">
<createdBy>fifam</createdBy>
<createdTime>2025-09-04 19:29:40 UTC</createdTime>
<ownerDesignName>ministeriotrabajo</ownerDesignName>
<engineerTo>
<item key="EE794041-BB45-12F4-A458-C7F3493EF7D5" value="true"/>
</engineerTo>
<useDomainConstraints>false</useDomainConstraints>
<use>1</use>
<logicalDatatype>LOGDT024</logicalDatatype>
<dataTypeSize>5</dataTypeSize>
<ownDataTypeParameters>5,,</ownDataTypeParameters>
</Attribute>
<Attribute name="nombre" id="DB887B31-723D-3A45-ED2F-18F29B9C51B5">
<createdBy>fifam</createdBy>
<createdTime>2025-09-04 19:31:38 UTC</createdTime>
<ownerDesignName>ministeriotrabajo</ownerDesignName>
<engineerTo>
<item key="EE794041-BB45-12F4-A458-C7F3493EF7D5" value="true"/>
</engineerTo>
<useDomainConstraints>false</useDomainConstraints>
<use>1</use>
<logicalDatatype>LOGDT024</logicalDatatype>
<dataTypeSize>100</dataTypeSize>
<ownDataTypeParameters>100,,</ownDataTypeParameters>
</Attribute>
<Attribute name="direccion" id="099CFFCD-1AFE-B477-1933-F79538F1EA70">
<createdBy>fifam</createdBy>
<createdTime>2025-09-04 19:32:10 UTC</createdTime>
<ownerDesignName>ministeriotrabajo</ownerDesignName>
<engineerTo>
<item key="EE794041-BB45-12F4-A458-C7F3493EF7D5" value="true"/>
</engineerTo>
<useDomainConstraints>false</useDomainConstraints>
<use>1</use>
<logicalDatatype>LOGDT024</logicalDatatype>
<dataTypeSize>100</dataTypeSize>
<ownDataTypeParameters>100,,</ownDataTypeParameters>
</Attribute>
<Attribute name="remuneracion_maxima" id="A6D0BE2F-A6B6-DC28-0971-465A5E78F256">
<createdBy>fifam</createdBy>
<createdTime>2025-09-04 19:33:33 UTC</createdTime>
<ownerDesignName>ministeriotrabajo</ownerDesignName>
<engineerTo>
<item key="EE794041-BB45-12F4-A458-C7F3493EF7D5" value="true"/>
</engineerTo>
<useDomainConstraints>false</useDomainConstraints>
<use>1</use>
<logicalDatatype>LOGDT024</logicalDatatype>
<dataTypeSize>9</dataTypeSize>
<ownDataTypeParameters>9,,</ownDataTypeParameters>
</Attribute>
<Attribute name="id_pais" id="320DAC8A-376A-2A08-6B5A-DB6DB26F0035">
<createdBy>fifam</createdBy>
<createdTime>2025-09-04 20:40:45 UTC</createdTime>
<generatorID>71F001D3-D2F1-3CCF-178C-4BA835CADB71</generatorID>
<ownerDesignName>ministeriotrabajo</ownerDesignName>
<engineerTo>
<item key="EE794041-BB45-12F4-A458-C7F3493EF7D5" value="true"/>
</engineerTo>
<referedAttribute>98EF9264-E5AF-8BC9-4D9D-A416CD138FE6</referedAttribute>
<useDomainConstraints>false</useDomainConstraints>
<use>1</use>
<logicalDatatype>LOGDT024</logicalDatatype>
<dataTypeSize>50</dataTypeSize>
<ownDataTypeParameters>,,</ownDataTypeParameters>
</Attribute>
</attributes>
<identifiers itemClass="oracle.dbtools.crest.model.design.logical.CandidateKey">
<identifier id="6DFDDDA6-99AD-847E-7656-8A7DB576ADC2" name="EMPRESA PK">
<createdBy>fifam</createdBy>
<createdTime>2025-09-04 19:31:32 UTC</createdTime>
<ownerDesignName>ministeriotrabajo</ownerDesignName>
<engineerTo>
<item key="EE794041-BB45-12F4-A458-C7F3493EF7D5" value="true"/>
</engineerTo>
<pk>true</pk>
<usedAttributes>
<attributeRef>EFEC3231-7406-5970-2846-1FE229B75866</attributeRef>
</usedAttributes>
</identifier>
</identifiers>
</Entity>