<?xml version = '1.0' encoding = 'UTF-8'?>
<Entity class="oracle.dbtools.crest.model.design.logical.Entity" directorySegmentName="seg_0" id="38B432D0-E1DF-172C-D2EE-81A31E65ABFA" name="DOMINIO_IDIOMA">
<createdBy>fifam</createdBy>
<createdTime>2025-09-04 20:58:05 UTC</createdTime>
<ownerDesignName>ministeriotrabajo</ownerDesignName>
<engineerTo>
<item key="EE794041-BB45-12F4-A458-C7F3493EF7D5" value="true"/>
</engineerTo>
<adequatelyNormalized>NO</adequatelyNormalized>
<expectedVolumes>0</expectedVolumes>
<fwdEngineeringStrategyName>Single Table</fwdEngineeringStrategyName>
<growthPercent>0</growthPercent>
<growthType>Year</growthType>
<maxVolumes>9999999</maxVolumes>
<minVolumes>0</minVolumes>
<normalForm>Third</normalForm>
<attributes itemClass="oracle.dbtools.crest.model.design.logical.Attribute">
<Attribute name="nivel_dominio_empresaextranjera" id="A2DA7A70-D4FC-935B-241F-E65F712189B2">
<createdBy>fifam</createdBy>
<createdTime>2025-09-04 21:08:14 UTC</createdTime>
<ownerDesignName>ministeriotrabajo</ownerDesignName>
<engineerTo>
<item key="EE794041-BB45-12F4-A458-C7F3493EF7D5" value="true"/>
</engineerTo>
<useDomainConstraints>false</useDomainConstraints>
<use>1</use>
<logicalDatatype>LOGDT024</logicalDatatype>
<dataTypeSize>50</dataTypeSize>
<ownDataTypeParameters>50,,</ownDataTypeParameters>
</Attribute>
<Attribute name="id_postulacion" id="F6B4B774-70BC-A4FB-AB57-DD9B2C9BD3A0">
<createdBy>fifam</createdBy>
<createdTime>2025-09-04 21:10:28 UTC</createdTime>
<generatorID>7B260068-6957-1FAA-0B4D-EE9E15BB568E</generatorID>
<ownerDesignName>ministeriotrabajo</ownerDesignName>
<engineerTo>
<item key="EE794041-BB45-12F4-A458-C7F3493EF7D5" value="true"/>
</engineerTo>
<referedAttribute>DE3DBAF4-A556-96D6-52B7-68AEE3CF18B5</referedAttribute>
<useDomainConstraints>false</useDomainConstraints>
<use>1</use>
<logicalDatatype>LOGDT024</logicalDatatype>
<dataTypeSize>50</dataTypeSize>
<ownDataTypeParameters>,,</ownDataTypeParameters>
</Attribute>
<Attribute name="id_idioma" id="131A130D-A04D-8BFC-1079-494B4A6E0612">
<createdBy>fifam</createdBy>
<createdTime>2025-09-04 21:12:48 UTC</createdTime>
<generatorID>7E336F96-191B-E6BD-2CCE-74DD01F0E93C</generatorID>
<ownerDesignName>ministeriotrabajo</ownerDesignName>
<engineerTo>
<item key="EE794041-BB45-12F4-A458-C7F3493EF7D5" value="true"/>
</engineerTo>
<referedAttribute>2EA0029E-CD7D-EB13-E095-46E04DF38C08</referedAttribute>
<useDomainConstraints>false</useDomainConstraints>
<use>1</use>
<logicalDatatype>LOGDT024</logicalDatatype>
<dataTypeSize>50</dataTypeSize>
<ownDataTypeParameters>,,</ownDataTypeParameters>
</Attribute>
</attributes>
</Entity>