<?xml version = '1.0' encoding = 'UTF-8'?>
<Entity class="oracle.dbtools.crest.model.design.logical.Entity" directorySegmentName="seg_0" id="4F2964CC-FE35-8500-D6F1-2E65D0E0F35F" name="PAIS">
<createdBy>fifam</createdBy>
<createdTime>2025-09-04 17:50:53 UTC</createdTime>
<ownerDesignName>ministeriotrabajo</ownerDesignName>
<engineerTo>
<item key="EE794041-BB45-12F4-A458-C7F3493EF7D5" value="true"/>
</engineerTo>
<adequatelyNormalized>NO</adequatelyNormalized>
<expectedVolumes>0</expectedVolumes>
<fwdEngineeringStrategyName>Single Table</fwdEngineeringStrategyName>
<growthPercent>0</growthPercent>
<growthType>Year</growthType>
<maxVolumes>9999999</maxVolumes>
<minVolumes>0</minVolumes>
<normalForm>Third</normalForm>
<attributes itemClass="oracle.dbtools.crest.model.design.logical.Attribute">
<Attribute name="id_pais" id="98EF9264-E5AF-8BC9-4D9D-A416CD138FE6">
<createdBy>fifam</createdBy>
<createdTime>2025-09-04 20:12:14 UTC</createdTime>
<ownerDesignName>ministeriotrabajo</ownerDesignName>
<engineerTo>
<item key="EE794041-BB45-12F4-A458-C7F3493EF7D5" value="true"/>
</engineerTo>
<useDomainConstraints>false</useDomainConstraints>
<use>1</use>
<logicalDatatype>LOGDT024</logicalDatatype>
<dataTypeSize>50</dataTypeSize>
<ownDataTypeParameters>50,,</ownDataTypeParameters>
</Attribute>
<Attribute name="nombre" id="75F663B7-9C8D-53C6-3AAE-B772DDC0B4C4">
<createdBy>fifam</createdBy>
<createdTime>2025-09-04 20:13:07 UTC</createdTime>
<ownerDesignName>ministeriotrabajo</ownerDesignName>
<engineerTo>
<item key="EE794041-BB45-12F4-A458-C7F3493EF7D5" value="true"/>
</engineerTo>
<useDomainConstraints>false</useDomainConstraints>
<use>1</use>
<logicalDatatype>LOGDT024</logicalDatatype>
<dataTypeSize>50</dataTypeSize>
<ownDataTypeParameters>50,,</ownDataTypeParameters>
</Attribute>
<Attribute name="codigo" id="9218A547-E7BE-E440-237A-B18BFD6639B2">
<createdBy>fifam</createdBy>
<createdTime>2025-09-04 20:13:25 UTC</createdTime>
<ownerDesignName>ministeriotrabajo</ownerDesignName>
<engineerTo>
<item key="EE794041-BB45-12F4-A458-C7F3493EF7D5" value="true"/>
</engineerTo>
<useDomainConstraints>false</useDomainConstraints>
<use>1</use>
<logicalDatatype>LOGDT024</logicalDatatype>
<dataTypeSize>50</dataTypeSize>
<ownDataTypeParameters>50,,</ownDataTypeParameters>
</Attribute>
</attributes>
<identifiers itemClass="oracle.dbtools.crest.model.design.logical.CandidateKey">
<identifier id="C9B095C8-0D6F-4961-6100-5F382E763813" name="PAIS PK">
<createdBy>fifam</createdBy>
<createdTime>2025-09-04 20:12:44 UTC</createdTime>
<ownerDesignName>ministeriotrabajo</ownerDesignName>
<engineerTo>
<item key="EE794041-BB45-12F4-A458-C7F3493EF7D5" value="true"/>
</engineerTo>
<pk>true</pk>
<usedAttributes>
<attributeRef>98EF9264-E5AF-8BC9-4D9D-A416CD138FE6</attributeRef>
</usedAttributes>
</identifier>
</identifiers>
</Entity>