<?xml version = '1.0' encoding = 'UTF-8'?>
<Entity class="oracle.dbtools.crest.model.design.logical.Entity" directorySegmentName="seg_0" id="A07B6477-71AB-257B-9C34-EED5541A8946" name="POSTULANTE">
<createdBy>fifam</createdBy>
<createdTime>2025-09-04 17:27:15 UTC</createdTime>
<ownerDesignName>ministeriotrabajo</ownerDesignName>
<engineerTo>
<item key="EE794041-BB45-12F4-A458-C7F3493EF7D5" value="true"/>
</engineerTo>
<adequatelyNormalized>NO</adequatelyNormalized>
<expectedVolumes>0</expectedVolumes>
<fwdEngineeringStrategyName>Single Table</fwdEngineeringStrategyName>
<growthPercent>0</growthPercent>
<growthType>Year</growthType>
<maxVolumes>9999999</maxVolumes>
<minVolumes>0</minVolumes>
<normalForm>Third</normalForm>
<attributes itemClass="oracle.dbtools.crest.model.design.logical.Attribute">
<Attribute name="id_postulante" id="F7D02640-6880-0ADE-6560-9EA55FE50AF7">
<createdBy>fifam</createdBy>
<createdTime>2025-09-04 17:59:17 UTC</createdTime>
<ownerDesignName>ministeriotrabajo</ownerDesignName>
<engineerTo>
<item key="EE794041-BB45-12F4-A458-C7F3493EF7D5" value="true"/>
</engineerTo>
<useDomainConstraints>false</useDomainConstraints>
<use>1</use>
<logicalDatatype>LOGDT024</logicalDatatype>
<dataTypeSize>20</dataTypeSize>
<ownDataTypeParameters>20,,</ownDataTypeParameters>
</Attribute>
<Attribute name="nombes" id="736A473D-CCF1-876F-6DC1-7BAD7BD4B02A">
<createdBy>fifam</createdBy>
<createdTime>2025-09-04 18:08:51 UTC</createdTime>
<ownerDesignName>ministeriotrabajo</ownerDesignName>
<engineerTo>
<item key="EE794041-BB45-12F4-A458-C7F3493EF7D5" value="true"/>
</engineerTo>
<useDomainConstraints>false</useDomainConstraints>
<use>1</use>
<logicalDatatype>LOGDT024</logicalDatatype>
<dataTypeSize>100</dataTypeSize>
<ownDataTypeParameters>100,,</ownDataTypeParameters>
</Attribute>
<Attribute name="apellidos" id="74FA667B-E67E-7E3B-9CEE-53DC24ECA7C6">
<createdBy>fifam</createdBy>
<createdTime>2025-09-04 18:09:48 UTC</createdTime>
<ownerDesignName>ministeriotrabajo</ownerDesignName>
<engineerTo>
<item key="EE794041-BB45-12F4-A458-C7F3493EF7D5" value="true"/>
</engineerTo>
<useDomainConstraints>false</useDomainConstraints>
<use>1</use>
<logicalDatatype>LOGDT024</logicalDatatype>
<dataTypeSize>100</dataTypeSize>
<ownDataTypeParameters>100,,</ownDataTypeParameters>
</Attribute>
<Attribute name="fecha_nacimiento" id="DC3A872D-A8A4-2B17-AB7A-275BDF7F5AEE">
<createdBy>fifam</createdBy>
<createdTime>2025-09-04 18:10:15 UTC</createdTime>
<ownerDesignName>ministeriotrabajo</ownerDesignName>
<engineerTo>
<item key="EE794041-BB45-12F4-A458-C7F3493EF7D5" value="true"/>
</engineerTo>
<useDomainConstraints>false</useDomainConstraints>
<use>1</use>
<logicalDatatype>LOGDT007</logicalDatatype>
<ownDataTypeParameters>,,</ownDataTypeParameters>
</Attribute>
<Attribute name="nacionalidad" id="C7722DBF-6623-5221-A5AA-E765160B402E">
<createdBy>fifam</createdBy>
<createdTime>2025-09-04 18:11:41 UTC</createdTime>
<ownerDesignName>ministeriotrabajo</ownerDesignName>
<engineerTo>
<item key="EE794041-BB45-12F4-A458-C7F3493EF7D5" value="true"/>
</engineerTo>
<useDomainConstraints>false</useDomainConstraints>
<use>1</use>
<logicalDatatype>LOGDT024</logicalDatatype>
<dataTypeSize>50</dataTypeSize>
<ownDataTypeParameters>50,,</ownDataTypeParameters>
</Attribute>
<Attribute name="residencia_chile" id="F3E99285-D821-1C1B-F05E-868C139CA220">
<createdBy>fifam</createdBy>
<createdTime>2025-09-04 18:12:16 UTC</createdTime>
<ownerDesignName>ministeriotrabajo</ownerDesignName>
<engineerTo>
<item key="EE794041-BB45-12F4-A458-C7F3493EF7D5" value="true"/>
</engineerTo>
<useDomainConstraints>false</useDomainConstraints>
<use>1</use>
<logicalDatatype>LOGDT024</logicalDatatype>
<dataTypeSize>100</dataTypeSize>
<ownDataTypeParameters>100,,</ownDataTypeParameters>
</Attribute>
<Attribute name="rut" id="E701CD30-9BE6-EEDF-726A-080156FC628B">
<createdBy>fifam</createdBy>
<createdTime>2025-09-04 18:16:28 UTC</createdTime>
<ownerDesignName>ministeriotrabajo</ownerDesignName>
<engineerTo>
<item key="EE794041-BB45-12F4-A458-C7F3493EF7D5" value="true"/>
</engineerTo>
<useDomainConstraints>false</useDomainConstraints>
<use>1</use>
<logicalDatatype>LOGDT024</logicalDatatype>
<dataTypeSize>12</dataTypeSize>
<ownDataTypeParameters>12,,</ownDataTypeParameters>
</Attribute>
<Attribute name="sitio_web" id="9F8FD539-D545-94C2-A9B2-882AC6AE71B4">
<createdBy>fifam</createdBy>
<createdTime>2025-09-04 18:17:23 UTC</createdTime>
<ownerDesignName>ministeriotrabajo</ownerDesignName>
<engineerTo>
<item key="EE794041-BB45-12F4-A458-C7F3493EF7D5" value="true"/>
</engineerTo>
<nullsAllowed>true</nullsAllowed>
<useDomainConstraints>false</useDomainConstraints>
<use>1</use>
<logicalDatatype>LOGDT024</logicalDatatype>
<dataTypeSize>200</dataTypeSize>
<ownDataTypeParameters>200,,</ownDataTypeParameters>
</Attribute>
<Attribute name="fecha_registro" id="E80AC7DE-B037-EE59-C149-94172EE8F9BC">
<createdBy>fifam</createdBy>
<createdTime>2025-09-04 18:18:01 UTC</createdTime>
<ownerDesignName>ministeriotrabajo</ownerDesignName>
<engineerTo>
<item key="EE794041-BB45-12F4-A458-C7F3493EF7D5" value="true"/>
</engineerTo>
<useDomainConstraints>false</useDomainConstraints>
<use>1</use>
<logicalDatatype>LOGDT007</logicalDatatype>
<ownDataTypeParameters>,,</ownDataTypeParameters>
</Attribute>
</attributes>
<identifiers itemClass="oracle.dbtools.crest.model.design.logical.CandidateKey">
<identifier id="F66BFD3F-67D3-D5F5-10E9-9C5A203D2BB2" name="POSTULANTE PK">
<createdBy>fifam</createdBy>
<createdTime>2025-09-04 18:00:29 UTC</createdTime>
<ownerDesignName>ministeriotrabajo</ownerDesignName>
<engineerTo>
<item key="EE794041-BB45-12F4-A458-C7F3493EF7D5" value="true"/>
</engineerTo>
<pk>true</pk>
<usedAttributes>
<attributeRef>F7D02640-6880-0ADE-6560-9EA55FE50AF7</attributeRef>
</usedAttributes>
</identifier>
</identifiers>
</Entity>