<?xml version = '1.0' encoding = 'UTF-8'?>
<Table class="oracle.dbtools.crest.model.design.relational.Table" directorySegmentName="seg_0" id="12EA456A-F275-2EDA-EAAA-4C1D93343A6B" name="CONTRATO">
<sourceDDLFile>semana03.sql</sourceDDLFile>
<createdBy>diegocarvajalarias</createdBy>
<createdTime>2025-09-02 02:47:24 UTC</createdTime>
<ownerDesignName>exp03_s03_dcarvajal</ownerDesignName>
<importedID>171E416D-2141-000F-8C83-2E45CB1EF161</importedID>
<allowColumnReorder>false</allowColumnReorder>
<existDependencyGenerateInDDl>true</existDependencyGenerateInDDl>
<parsed>true</parsed>
<columns itemClass="oracle.dbtools.crest.model.design.relational.Column">
<Column name="id_contrato" id="14F33C0D-ACCA-38FD-E581-48BC2A64AB27">
<sourceDDLFile>semana03.sql</sourceDDLFile>
<createdBy>diegocarvajalarias</createdBy>
<createdTime>2025-09-02 02:47:24 UTC</createdTime>
<ownerDesignName>exp03_s03_dcarvajal</ownerDesignName>
<importedID>B66F35E3-01B8-DF2C-B492-C7A931E7CD69</importedID>
<useDomainConstraints>false</useDomainConstraints>
<use>0</use>
<logicalDatatype>LOGDT019</logicalDatatype>
<domain>887C6E8A-2CC8-ADE2-1BB8-54C77E2C8BBA</domain>
<ownDataTypeParameters>,,</ownDataTypeParameters>
<autoIncrementCycle>false</autoIncrementCycle>
</Column>
<Column name="fecha_firma" id="3DCF729F-EB4F-8A1C-DA3A-B5421BBA3BA5">
<sourceDDLFile>semana03.sql</sourceDDLFile>
<createdBy>diegocarvajalarias</createdBy>
<createdTime>2025-09-02 02:47:24 UTC</createdTime>
<ownerDesignName>exp03_s03_dcarvajal</ownerDesignName>
<importedID>A8B70818-EE2B-3B2E-1016-A52308BCDE40</importedID>
<useDomainConstraints>false</useDomainConstraints>
<use>0</use>
<logicalDatatype>LOGDT007</logicalDatatype>
<domain>4D4447A1-D3A7-8392-FC12-CF84E4A30466</domain>
<ownDataTypeParameters>,,</ownDataTypeParameters>
<autoIncrementCycle>false</autoIncrementCycle>
</Column>
<Column name="estado" id="2416F2FB-87FB-BE0F-E9F2-BE75DA551317">
<sourceDDLFile>semana03.sql</sourceDDLFile>
<createdBy>diegocarvajalarias</createdBy>
<createdTime>2025-09-02 02:47:24 UTC</createdTime>
<ownerDesignName>exp03_s03_dcarvajal</ownerDesignName>
<importedID>B2019A93-A773-250E-E3FF-52BFEFD82447</importedID>
<useDomainConstraints>false</useDomainConstraints>
<use>0</use>
<logicalDatatype>LOGDT024</logicalDatatype>
<domain>C7F98843-E2C2-696D-AFA5-E3AFC7EEF6AA</domain>
<ownDataTypeParameters>,,</ownDataTypeParameters>
<autoIncrementCycle>false</autoIncrementCycle>
</Column>
<Column name="APODERADO_rut" id="99F0B145-0AA9-970A-99AC-E7B908F6E926">
<sourceDDLFile>semana03.sql</sourceDDLFile>
<createdBy>diegocarvajalarias</createdBy>
<createdTime>2025-09-02 02:47:24 UTC</createdTime>
<ownerDesignName>exp03_s03_dcarvajal</ownerDesignName>
<importedID>FC7CA081-8D9D-C51B-E2F2-767C9B9FECB8</importedID>
<use>0</use>
<logicalDatatype>LOGDT024</logicalDatatype>
<domain>7FEA9FC6-CB1F-0A54-3E81-1FC74762E657</domain>
<ownDataTypeParameters>,,</ownDataTypeParameters>
<autoIncrementCycle>false</autoIncrementCycle>
<associations>
<colAssociation fkAssociation="812F42F7-F7D9-BAB9-3E9C-1F86A98AF825" referredColumn="514825E7-6F33-B6F0-E896-BABD4AA1257D"/>
</associations>
</Column>
</columns>
<indexes itemClass="oracle.dbtools.crest.model.design.relational.Index">
<ind_PK_UK id="EE851465-A1FA-0FB5-5089-B9FC3BC3A360" name="CONTRATO_PK">
<sourceDDLFile>semana03.sql</sourceDDLFile>
<createdBy>diegocarvajalarias</createdBy>
<createdTime>2025-09-02 02:47:24 UTC</createdTime>
<ownerDesignName>exp03_s03_dcarvajal</ownerDesignName>
<importedID>F82960B4-2F24-8457-D09D-5E06575F82C2</importedID>
<pk>true</pk>
<indexState>Primary Constraint</indexState>
<isSurrogateKey>false</isSurrogateKey>
<indexColumnUsage>
<colUsage columnID="14F33C0D-ACCA-38FD-E581-48BC2A64AB27"/>
</indexColumnUsage>
</ind_PK_UK>
<ind_PK_UK id="FB7F7CF1-3066-F8D5-BD45-721D57D5D4D6" name="IX_CONT_APOD">
<sourceDDLFile>semana03.sql</sourceDDLFile>
<createdBy>diegocarvajalarias</createdBy>
<createdTime>2025-09-02 02:47:24 UTC</createdTime>
<ownerDesignName>exp03_s03_dcarvajal</ownerDesignName>
<importedID>409FA15F-8415-F5B7-4ADD-A8D1ECBE31A4</importedID>
<isSurrogateKey>false</isSurrogateKey>
<indexColumnUsage>
<colUsage columnID="99F0B145-0AA9-970A-99AC-E7B908F6E926"/>
</indexColumnUsage>
</ind_PK_UK>
<ind_PK_UK id="050A37E3-2AC1-C80B-1769-AA60DA688B89" name="CONTRATO_APODERADO_FK">
<createdBy>diegocarvajalarias</createdBy>
<createdTime>2025-09-02 02:47:24 UTC</createdTime>
<ownerDesignName>exp03_s03_dcarvajal</ownerDesignName>
<indexState>Foreign Key</indexState>
<isSurrogateKey>false</isSurrogateKey>
<indexColumnUsage>
<colUsage columnID="99F0B145-0AA9-970A-99AC-E7B908F6E926"/>
</indexColumnUsage>
</ind_PK_UK>
</indexes>
<tableCheckConstraints itemClass="oracle.dbtools.crest.model.design.constraint.TableLevelConstraint">
<tableCheckConstraint name="CHK_CONTRATO_ESTADO" directorySegmentName="seg_0" id="98020066-B306-2180-BE80-BBAD0E9A2861">
<sourceDDLFile>semana03.sql</sourceDDLFile>
<createdBy>diegocarvajalarias</createdBy>
<createdTime>2025-09-02 02:47:24 UTC</createdTime>
<ownerDesignName>exp03_s03_dcarvajal</ownerDesignName>
<importedID>108E3654-BC4C-A48A-56D5-4B6A05330AED</importedID>
<rule><![CDATA[estado IN ('ACTIVO','INACTIVO')]]></rule>
</tableCheckConstraint>
</tableCheckConstraints>
</Table>