<?xml version = '1.0' encoding = 'UTF-8'?>
<Table class="oracle.dbtools.crest.model.design.relational.Table" directorySegmentName="seg_0" id="42AF6A8A-00D6-10F5-B840-798E9F0D5CD8" name="PERSONAL">
<sourceDDLFile>semana03.sql</sourceDDLFile>
<createdBy>diegocarvajalarias</createdBy>
<createdTime>2025-09-02 02:47:24 UTC</createdTime>
<ownerDesignName>exp03_s03_dcarvajal</ownerDesignName>
<importedID>B7944096-C854-F209-3948-8815C9679220</importedID>
<allowColumnReorder>false</allowColumnReorder>
<existDependencyGenerateInDDl>true</existDependencyGenerateInDDl>
<parsed>true</parsed>
<columns itemClass="oracle.dbtools.crest.model.design.relational.Column">
<Column name="rut" id="C94E548C-CEE4-E9BD-A24B-D2B6AC0D8F67">
<sourceDDLFile>semana03.sql</sourceDDLFile>
<createdBy>diegocarvajalarias</createdBy>
<createdTime>2025-09-02 02:47:24 UTC</createdTime>
<ownerDesignName>exp03_s03_dcarvajal</ownerDesignName>
<importedID>0E1523A4-43E7-8D83-572F-FACD1E807B3B</importedID>
<useDomainConstraints>false</useDomainConstraints>
<use>0</use>
<logicalDatatype>LOGDT024</logicalDatatype>
<domain>7FEA9FC6-CB1F-0A54-3E81-1FC74762E657</domain>
<ownDataTypeParameters>,,</ownDataTypeParameters>
<autoIncrementCycle>false</autoIncrementCycle>
</Column>
<Column name="nombre" id="D8A816C9-E386-73B3-D2CD-4F851FE359C2">
<sourceDDLFile>semana03.sql</sourceDDLFile>
<createdBy>diegocarvajalarias</createdBy>
<createdTime>2025-09-02 02:47:24 UTC</createdTime>
<ownerDesignName>exp03_s03_dcarvajal</ownerDesignName>
<importedID>BB98E764-9189-F841-BF0E-C19874953B2E</importedID>
<useDomainConstraints>false</useDomainConstraints>
<use>0</use>
<logicalDatatype>LOGDT024</logicalDatatype>
<domain>01092EF2-5756-532B-CC52-A0F56A6B7879</domain>
<ownDataTypeParameters>,,</ownDataTypeParameters>
<autoIncrementCycle>false</autoIncrementCycle>
</Column>
<Column name="fecha_ingreso" id="1B7169B8-22E0-A651-3A91-B527FEECB6D4">
<sourceDDLFile>semana03.sql</sourceDDLFile>
<createdBy>diegocarvajalarias</createdBy>
<createdTime>2025-09-02 02:47:24 UTC</createdTime>
<ownerDesignName>exp03_s03_dcarvajal</ownerDesignName>
<importedID>08A722B1-BB8A-A6B0-9D77-D111D2A792D5</importedID>
<useDomainConstraints>false</useDomainConstraints>
<use>0</use>
<logicalDatatype>LOGDT007</logicalDatatype>
<domain>4D4447A1-D3A7-8392-FC12-CF84E4A30466</domain>
<ownDataTypeParameters>,,</ownDataTypeParameters>
<autoIncrementCycle>false</autoIncrementCycle>
</Column>
<Column name="RESIDENCIA_id_residencia" id="DF5E39A9-0AEF-7B45-E7DA-09BC9EF12A80">
<sourceDDLFile>semana03.sql</sourceDDLFile>
<createdBy>diegocarvajalarias</createdBy>
<createdTime>2025-09-02 02:47:24 UTC</createdTime>
<ownerDesignName>exp03_s03_dcarvajal</ownerDesignName>
<importedID>288B6F4E-59E6-AD3C-3DC7-87FC0FB98DEF</importedID>
<useDomainConstraints>false</useDomainConstraints>
<use>0</use>
<logicalDatatype>LOGDT019</logicalDatatype>
<domain>887C6E8A-2CC8-ADE2-1BB8-54C77E2C8BBA</domain>
<ownDataTypeParameters>,,</ownDataTypeParameters>
<autoIncrementCycle>false</autoIncrementCycle>
<associations>
<colAssociation fkAssociation="58480A2D-9220-4934-9935-D4CAE061BA08" referredColumn="B065DB5B-9790-0769-2EC5-5E0776426B0E"/>
</associations>
</Column>
</columns>
<indexes itemClass="oracle.dbtools.crest.model.design.relational.Index">
<ind_PK_UK id="7C9D1960-4D97-709F-CDFF-BA18C8A0877F" name="PERSONAL_PK">
<sourceDDLFile>semana03.sql</sourceDDLFile>
<createdBy>diegocarvajalarias</createdBy>
<createdTime>2025-09-02 02:47:24 UTC</createdTime>
<ownerDesignName>exp03_s03_dcarvajal</ownerDesignName>
<importedID>B2D1EB9F-3792-4887-C30C-97529A7AA0AA</importedID>
<pk>true</pk>
<indexState>Primary Constraint</indexState>
<isSurrogateKey>false</isSurrogateKey>
</ind_PK_UK>
<ind_PK_UK id="93CB1BB2-DE59-59CE-899B-A98EF5B149E1" name="IX_PERS_RES">
<sourceDDLFile>semana03.sql</sourceDDLFile>
<createdBy>diegocarvajalarias</createdBy>
<createdTime>2025-09-02 02:47:24 UTC</createdTime>
<ownerDesignName>exp03_s03_dcarvajal</ownerDesignName>
<importedID>79F147F0-C1C7-9B3C-FB02-D3639C9A0F3B</importedID>
<isSurrogateKey>false</isSurrogateKey>
<indexColumnUsage>
<colUsage columnID="DF5E39A9-0AEF-7B45-E7DA-09BC9EF12A80"/>
</indexColumnUsage>
</ind_PK_UK>
<ind_PK_UK id="56FD1B31-C3A9-A8B0-FFE2-679B370D3092" name="PERSONAL_RESIDENCIA_FK">
<createdBy>diegocarvajalarias</createdBy>
<createdTime>2025-09-02 02:47:24 UTC</createdTime>
<ownerDesignName>exp03_s03_dcarvajal</ownerDesignName>
<indexState>Foreign Key</indexState>
<isSurrogateKey>false</isSurrogateKey>
<indexColumnUsage>
<colUsage columnID="DF5E39A9-0AEF-7B45-E7DA-09BC9EF12A80"/>
</indexColumnUsage>
</ind_PK_UK>
</indexes>
</Table>