<?xml version = '1.0' encoding = 'UTF-8'?>
<Table class="oracle.dbtools.crest.model.design.relational.Table" directorySegmentName="seg_0" id="42E5B4E3-A939-79AB-0E4B-DABB28F02391" name="ASIGNACION_HABITACION">
<sourceDDLFile>semana03.sql</sourceDDLFile>
<createdBy>diegocarvajalarias</createdBy>
<createdTime>2025-09-02 02:47:24 UTC</createdTime>
<ownerDesignName>exp03_s03_dcarvajal</ownerDesignName>
<importedID>26FEDCAC-AFA6-D2C8-5519-B5877A463029</importedID>
<allowColumnReorder>false</allowColumnReorder>
<existDependencyGenerateInDDl>true</existDependencyGenerateInDDl>
<parsed>true</parsed>
<columns itemClass="oracle.dbtools.crest.model.design.relational.Column">
<Column name="id_asignacion" id="3DA39B5E-09E0-539A-5EE9-4A15DA8F9756">
<sourceDDLFile>semana03.sql</sourceDDLFile>
<createdBy>diegocarvajalarias</createdBy>
<createdTime>2025-09-02 02:47:24 UTC</createdTime>
<ownerDesignName>exp03_s03_dcarvajal</ownerDesignName>
<importedID>E6580607-CAB5-2393-28E6-7FFC3636FE3D</importedID>
<useDomainConstraints>false</useDomainConstraints>
<use>0</use>
<logicalDatatype>LOGDT019</logicalDatatype>
<domain>887C6E8A-2CC8-ADE2-1BB8-54C77E2C8BBA</domain>
<ownDataTypeParameters>,,</ownDataTypeParameters>
<autoIncrementCycle>false</autoIncrementCycle>
</Column>
<Column name="RESIDENTE_id_residente" id="71685FA2-E3B2-D48C-7D99-B1794FF94444">
<sourceDDLFile>semana03.sql</sourceDDLFile>
<createdBy>diegocarvajalarias</createdBy>
<createdTime>2025-09-02 02:47:24 UTC</createdTime>
<ownerDesignName>exp03_s03_dcarvajal</ownerDesignName>
<importedID>722442DD-2BD5-6D75-DE47-DDE6F8BCBE9D</importedID>
<useDomainConstraints>false</useDomainConstraints>
<use>0</use>
<logicalDatatype>LOGDT019</logicalDatatype>
<domain>887C6E8A-2CC8-ADE2-1BB8-54C77E2C8BBA</domain>
<ownDataTypeParameters>,,</ownDataTypeParameters>
<autoIncrementCycle>false</autoIncrementCycle>
<associations>
<colAssociation fkAssociation="A59385DF-0A41-DD9C-E8F5-883E22D99892" referredColumn="77D6BB19-A542-E90E-D7D1-3E2D9A4D9FE2"/>
</associations>
</Column>
<Column name="HABITACION_id_habitacion" id="68C39D8B-83E5-6FBE-4443-36EEC283703D">
<sourceDDLFile>semana03.sql</sourceDDLFile>
<createdBy>diegocarvajalarias</createdBy>
<createdTime>2025-09-02 02:47:24 UTC</createdTime>
<ownerDesignName>exp03_s03_dcarvajal</ownerDesignName>
<importedID>BEC211F1-606C-FCCE-737E-CC24378D8C71</importedID>
<use>0</use>
<logicalDatatype>LOGDT019</logicalDatatype>
<domain>887C6E8A-2CC8-ADE2-1BB8-54C77E2C8BBA</domain>
<ownDataTypeParameters>,,</ownDataTypeParameters>
<autoIncrementCycle>false</autoIncrementCycle>
<associations>
<colAssociation fkAssociation="4C733585-6D36-5BA5-6E6F-681EBC2F2679" referredColumn="34C6B292-8E6D-7686-6AD9-99CB54E383DD"/>
</associations>
</Column>
<Column name="fecha_inicio" id="21FCFD82-2D0D-0093-DA8E-DF6C8377BC2F">
<sourceDDLFile>semana03.sql</sourceDDLFile>
<createdBy>diegocarvajalarias</createdBy>
<createdTime>2025-09-02 02:47:24 UTC</createdTime>
<ownerDesignName>exp03_s03_dcarvajal</ownerDesignName>
<importedID>9FE421C2-42FF-104A-951C-A7FF395A1053</importedID>
<useDomainConstraints>false</useDomainConstraints>
<use>0</use>
<logicalDatatype>LOGDT007</logicalDatatype>
<domain>4D4447A1-D3A7-8392-FC12-CF84E4A30466</domain>
<ownDataTypeParameters>,,</ownDataTypeParameters>
<autoIncrementCycle>false</autoIncrementCycle>
</Column>
<Column name="fecha_termino" id="BA13F101-3E0B-44FA-2461-265E51327F4A">
<sourceDDLFile>semana03.sql</sourceDDLFile>
<createdBy>diegocarvajalarias</createdBy>
<createdTime>2025-09-02 02:47:24 UTC</createdTime>
<ownerDesignName>exp03_s03_dcarvajal</ownerDesignName>
<importedID>0455CE13-DA12-B527-543F-6B9A92BA9948</importedID>
<nullsAllowed>true</nullsAllowed>
<useDomainConstraints>false</useDomainConstraints>
<use>0</use>
<logicalDatatype>LOGDT007</logicalDatatype>
<domain>4D4447A1-D3A7-8392-FC12-CF84E4A30466</domain>
<ownDataTypeParameters>,,</ownDataTypeParameters>
<autoIncrementCycle>false</autoIncrementCycle>
</Column>
</columns>
<indexes itemClass="oracle.dbtools.crest.model.design.relational.Index">
<ind_PK_UK id="BA9FFAFD-7DF6-4DDA-6DC3-E4719EAEFB2E" name="ASIGNACION_HABITACION_PK">
<sourceDDLFile>semana03.sql</sourceDDLFile>
<createdBy>diegocarvajalarias</createdBy>
<createdTime>2025-09-02 02:47:24 UTC</createdTime>
<ownerDesignName>exp03_s03_dcarvajal</ownerDesignName>
<importedID>03F7103A-472D-4BF8-23E7-CD2A9C70E8EB</importedID>
<pk>true</pk>
<indexState>Primary Constraint</indexState>
<isSurrogateKey>false</isSurrogateKey>
<indexColumnUsage>
<colUsage columnID="3DA39B5E-09E0-539A-5EE9-4A15DA8F9756"/>
</indexColumnUsage>
</ind_PK_UK>
<ind_PK_UK id="9FB88A3D-B43F-7B57-4DED-FDEB1E988235" name="IX_ASIG_RES">
<sourceDDLFile>semana03.sql</sourceDDLFile>
<createdBy>diegocarvajalarias</createdBy>
<createdTime>2025-09-02 02:47:24 UTC</createdTime>
<ownerDesignName>exp03_s03_dcarvajal</ownerDesignName>
<importedID>4AEAE20D-7BCD-E9A0-E087-83460A02F749</importedID>
<isSurrogateKey>false</isSurrogateKey>
<indexColumnUsage>
<colUsage columnID="71685FA2-E3B2-D48C-7D99-B1794FF94444"/>
</indexColumnUsage>
</ind_PK_UK>
<ind_PK_UK id="FC8EEF32-01A8-29E5-4C89-1306440561C7" name="IX_ASIG_HAB">
<sourceDDLFile>semana03.sql</sourceDDLFile>
<createdBy>diegocarvajalarias</createdBy>
<createdTime>2025-09-02 02:47:24 UTC</createdTime>
<ownerDesignName>exp03_s03_dcarvajal</ownerDesignName>
<importedID>E340494F-DA72-5521-DCC7-DE9A4B926CDA</importedID>
<isSurrogateKey>false</isSurrogateKey>
<indexColumnUsage>
<colUsage columnID="68C39D8B-83E5-6FBE-4443-36EEC283703D"/>
</indexColumnUsage>
</ind_PK_UK>
<ind_PK_UK id="58F47126-8EF8-DB94-0BC7-4590DCCF74BD" name="ASIGNACION_HABITACION_HABITACION_FK">
<createdBy>diegocarvajalarias</createdBy>
<createdTime>2025-09-02 02:47:24 UTC</createdTime>
<ownerDesignName>exp03_s03_dcarvajal</ownerDesignName>
<indexState>Foreign Key</indexState>
<isSurrogateKey>false</isSurrogateKey>
<indexColumnUsage>
<colUsage columnID="68C39D8B-83E5-6FBE-4443-36EEC283703D"/>
</indexColumnUsage>
</ind_PK_UK>
<ind_PK_UK id="938E9E41-6F7A-684C-EEDD-F3AC04900181" name="ASIGNACION_HABITACION_RESIDENTE_FK">
<createdBy>diegocarvajalarias</createdBy>
<createdTime>2025-09-02 02:47:24 UTC</createdTime>
<ownerDesignName>exp03_s03_dcarvajal</ownerDesignName>
<indexState>Foreign Key</indexState>
<isSurrogateKey>false</isSurrogateKey>
<indexColumnUsage>
<colUsage columnID="71685FA2-E3B2-D48C-7D99-B1794FF94444"/>
</indexColumnUsage>
</ind_PK_UK>
</indexes>
<tableCheckConstraints itemClass="oracle.dbtools.crest.model.design.constraint.TableLevelConstraint">
<tableCheckConstraint name="CHK_ASIG_FECHAS" directorySegmentName="seg_0" id="27EB5F87-C91E-2540-0D80-06F1B6353AFB">
<sourceDDLFile>semana03.sql</sourceDDLFile>
<createdBy>diegocarvajalarias</createdBy>
<createdTime>2025-09-02 02:47:24 UTC</createdTime>
<ownerDesignName>exp03_s03_dcarvajal</ownerDesignName>
<importedID>1D638059-756D-079D-9D46-06709079ACBC</importedID>
<rule><![CDATA[fecha_termino IS NULL OR fecha_termino >= fecha_inicio]]></rule>
</tableCheckConstraint>
</tableCheckConstraints>
</Table>