<?xml version = '1.0' encoding = 'UTF-8'?>
<Table class="oracle.dbtools.crest.model.design.relational.Table" directorySegmentName="seg_0" id="DDCAF56E-8B0F-C1F6-20AB-1080935C8F8E" name="RESIDENTE_TEMPORAL">
<sourceDDLFile>semana03.sql</sourceDDLFile>
<createdBy>diegocarvajalarias</createdBy>
<createdTime>2025-09-02 02:47:24 UTC</createdTime>
<ownerDesignName>exp03_s03_dcarvajal</ownerDesignName>
<importedID>385F33CD-32D6-6D25-C84E-D642AFE9EBDD</importedID>
<allowColumnReorder>false</allowColumnReorder>
<existDependencyGenerateInDDl>true</existDependencyGenerateInDDl>
<parsed>true</parsed>
<columns itemClass="oracle.dbtools.crest.model.design.relational.Column">
<Column name="id_residente" id="9B506A33-FC63-D316-D57F-F59E2302453A">
<sourceDDLFile>semana03.sql</sourceDDLFile>
<createdBy>diegocarvajalarias</createdBy>
<createdTime>2025-09-02 02:47:24 UTC</createdTime>
<ownerDesignName>exp03_s03_dcarvajal</ownerDesignName>
<importedID>1E0766E0-BA0D-6F76-A2F8-A96812EF8AC1</importedID>
<use>0</use>
<logicalDatatype>LOGDT019</logicalDatatype>
<domain>887C6E8A-2CC8-ADE2-1BB8-54C77E2C8BBA</domain>
<ownDataTypeParameters>,,</ownDataTypeParameters>
<autoIncrementCycle>false</autoIncrementCycle>
<associations>
<colAssociation fkAssociation="7066A686-C507-D7EE-41D3-0FE1BE1B72CC" referredColumn="77D6BB19-A542-E90E-D7D1-3E2D9A4D9FE2"/>
</associations>
</Column>
<Column name="dias_estadia" id="AC218119-3666-09B2-C419-00654BA559D7">
<sourceDDLFile>semana03.sql</sourceDDLFile>
<createdBy>diegocarvajalarias</createdBy>
<createdTime>2025-09-02 02:47:24 UTC</createdTime>
<ownerDesignName>exp03_s03_dcarvajal</ownerDesignName>
<importedID>8E865276-27AA-3547-1404-FCB86927C16F</importedID>
<useDomainConstraints>false</useDomainConstraints>
<use>0</use>
<logicalDatatype>LOGDT019</logicalDatatype>
<domain>533C1396-D249-49E7-AA09-12AB53CA5CBD</domain>
<ownDataTypeParameters>,,</ownDataTypeParameters>
<autoIncrementCycle>false</autoIncrementCycle>
</Column>
<Column name="id_residente1" id="358802B8-9135-A205-A23A-32DF4DA03DEB">
<createdBy>diegocarvajalarias</createdBy>
<createdTime>2025-09-02 03:32:30 UTC</createdTime>
<generatorID>D94893F3-680E-B645-4078-9B3CBF9F035C</generatorID>
<ownerDesignName>exp03_s03_dcarvajal</ownerDesignName>
<useDomainConstraints>false</useDomainConstraints>
<use>1</use>
<logicalDatatype>LOGDT019</logicalDatatype>
<ownDataTypeParameters>,,</ownDataTypeParameters>
<autoIncrementCycle>false</autoIncrementCycle>
</Column>
</columns>
<indexes itemClass="oracle.dbtools.crest.model.design.relational.Index">
<ind_PK_UK id="72B6CB75-54D6-3853-01AE-4225EBC2CEF8" name="RESIDENTE_TEMPORAL_PK">
<createdBy>diegocarvajalarias</createdBy>
<createdTime>2025-09-02 03:32:30 UTC</createdTime>
<generatorID>065E8A75-CA53-0889-955E-A524EE1D4475</generatorID>
<ownerDesignName>exp03_s03_dcarvajal</ownerDesignName>
<pk>true</pk>
<indexState>Primary Constraint</indexState>
<isSurrogateKey>false</isSurrogateKey>
<indexColumnUsage>
<colUsage columnID="358802B8-9135-A205-A23A-32DF4DA03DEB"/>
</indexColumnUsage>
</ind_PK_UK>
<ind_PK_UK id="CCE44DD2-C306-EF73-CC31-DA7F85A9BDF9" name="RES_TEMP_PK">
<sourceDDLFile>semana03.sql</sourceDDLFile>
<createdBy>diegocarvajalarias</createdBy>
<createdTime>2025-09-02 02:47:24 UTC</createdTime>
<ownerDesignName>exp03_s03_dcarvajal</ownerDesignName>
<importedID>43C5FF5E-AE47-90C4-81ED-3968116D91CB</importedID>
<indexState>Unique Constraint</indexState>
<isSurrogateKey>false</isSurrogateKey>
<indexColumnUsage>
<colUsage columnID="9B506A33-FC63-D316-D57F-F59E2302453A"/>
</indexColumnUsage>
</ind_PK_UK>
<ind_PK_UK id="BD36EF46-143D-E0A6-1D4B-65371D93D61E" name="RES_TEMP_RESIDENTE_FK">
<createdBy>diegocarvajalarias</createdBy>
<createdTime>2025-09-02 02:47:24 UTC</createdTime>
<ownerDesignName>exp03_s03_dcarvajal</ownerDesignName>
<indexState>Foreign Key</indexState>
<isSurrogateKey>false</isSurrogateKey>
<indexColumnUsage>
<colUsage columnID="9B506A33-FC63-D316-D57F-F59E2302453A"/>
</indexColumnUsage>
</ind_PK_UK>
</indexes>
<tableCheckConstraints itemClass="oracle.dbtools.crest.model.design.constraint.TableLevelConstraint">
<tableCheckConstraint name="CHK_RES_TEMP_DIAS" directorySegmentName="seg_0" id="240AB563-77BD-C677-B94A-F9479C7DA314">
<sourceDDLFile>semana03.sql</sourceDDLFile>
<createdBy>diegocarvajalarias</createdBy>
<createdTime>2025-09-02 02:47:24 UTC</createdTime>
<ownerDesignName>exp03_s03_dcarvajal</ownerDesignName>
<importedID>BD5ABB27-7794-F50F-55A1-153BB0B4701F</importedID>
<rule><![CDATA[dias_estadia > 0]]></rule>
</tableCheckConstraint>
</tableCheckConstraints>
</Table>