<?xml version = '1.0' encoding = 'UTF-8'?>
<Relation class="oracle.dbtools.crest.model.design.logical.Relation" name="RES_EXA_SOL_FK" directorySegmentName="seg_0" id="02CD5D01-64B7-A097-7C13-28711122A998">
<createdBy>diegocarvajalarias</createdBy>
<createdTime>2025-09-16 00:55:20 UTC</createdTime>
<generatorID>7C482374-FF6C-378E-A2BF-DFDC00278997</generatorID>
<ownerDesignName>s05</ownerDesignName>
<engineerTo>
<item key="9CC6A98E-7C88-CCBB-4137-BBE24003249E" value="true"/>
</engineerTo>
<sourcePk>B17F17A1-9151-110F-93FD-91BFD7D13091</sourcePk>
<dominantRole>363EF2FD-D32A-47B1-72B2-42747504A9EB</dominantRole>
<identifying>true</identifying>
<optionalSource>true</optionalSource>
<optionalTarget>false</optionalTarget>
<sourceCardinality>1</sourceCardinality>
<sourceEntity>363EF2FD-D32A-47B1-72B2-42747504A9EB</sourceEntity>
<targetCardinalityString>1</targetCardinalityString>
<targetEntity>397C8DC7-D126-9389-5A9D-709EEB222F18</targetEntity>
<transferable>true</transferable>
<deleteRule>NO ACTION</deleteRule>
</Relation>