<?xml version = '1.0' encoding = 'UTF-8'?>
<Relation class="oracle.dbtools.crest.model.design.logical.Relation" name="MEDICO_SUPERVISOR_FK" directorySegmentName="seg_0" id="1D7A90B6-F67C-DE1D-16B8-D00A3FDFCCF5">
<createdBy>diegocarvajalarias</createdBy>
<createdTime>2025-09-16 00:55:20 UTC</createdTime>
<generatorID>CCAECA0C-D19D-85AC-56BC-0013DE5873B9</generatorID>
<ownerDesignName>s05</ownerDesignName>
<engineerTo>
<item key="9CC6A98E-7C88-CCBB-4137-BBE24003249E" value="true"/>
</engineerTo>
<targetPk>6B8F3A73-CB80-471D-7348-180F940CC630</targetPk>
<identifying>false</identifying>
<optionalSource>true</optionalSource>
<optionalTarget>true</optionalTarget>
<sourceCardinality>1</sourceCardinality>
<sourceEntity>4A400A1C-4F4D-E543-190F-EABEE1920BC2</sourceEntity>
<targetCardinalityString>*</targetCardinalityString>
<targetEntity>4A400A1C-4F4D-E543-190F-EABEE1920BC2</targetEntity>
<transferable>true</transferable>
<deleteRule>NO ACTION</deleteRule>
</Relation>