<?xml version = '1.0' encoding = 'UTF-8'?>
<Relation class="oracle.dbtools.crest.model.design.logical.Relation" name="SOL_EXA_ATEN_FK" directorySegmentName="seg_0" id="20C0344B-7835-42CB-F307-A92529FE362E">
<createdBy>diegocarvajalarias</createdBy>
<createdTime>2025-09-16 00:55:20 UTC</createdTime>
<generatorID>CAF3B02B-552C-9792-24DA-3414AFA45B45</generatorID>
<ownerDesignName>s05</ownerDesignName>
<engineerTo>
<item key="9CC6A98E-7C88-CCBB-4137-BBE24003249E" value="true"/>
</engineerTo>
<sourcePk>72214908-E80E-8DE6-8E28-2E843B8378D0</sourcePk>
<identifying>false</identifying>
<optionalSource>true</optionalSource>
<optionalTarget>false</optionalTarget>
<sourceCardinality>1</sourceCardinality>
<sourceEntity>EC16E24A-4CA7-F3FD-355E-80E5B62CEBF7</sourceEntity>
<targetCardinalityString>*</targetCardinalityString>
<targetEntity>363EF2FD-D32A-47B1-72B2-42747504A9EB</targetEntity>
<transferable>true</transferable>
<deleteRule>NO ACTION</deleteRule>
</Relation>