<?xml version = '1.0' encoding = 'UTF-8'?>
<Relation class="oracle.dbtools.crest.model.design.logical.Relation" name="MEDICO_UNIDAD_FK" directorySegmentName="seg_0" id="372E97EB-45CC-F88A-F577-39C322960B6F">
<createdBy>diegocarvajalarias</createdBy>
<createdTime>2025-09-16 00:55:20 UTC</createdTime>
<generatorID>84A81E9F-DA07-8036-DDDA-C50BB0763B34</generatorID>
<ownerDesignName>s05</ownerDesignName>
<engineerTo>
<item key="9CC6A98E-7C88-CCBB-4137-BBE24003249E" value="true"/>
</engineerTo>
<sourcePk>2E638CDA-30F6-2BE0-89E6-95B82C4916F6</sourcePk>
<identifying>false</identifying>
<optionalSource>true</optionalSource>
<optionalTarget>false</optionalTarget>
<sourceCardinality>1</sourceCardinality>
<sourceEntity>17C329D1-76D4-A346-3D32-B7BC931BD8E1</sourceEntity>
<targetCardinalityString>*</targetCardinalityString>
<targetEntity>4A400A1C-4F4D-E543-190F-EABEE1920BC2</targetEntity>
<transferable>true</transferable>
<deleteRule>NO ACTION</deleteRule>
</Relation>