<?xml version = '1.0' encoding = 'UTF-8'?>
<Relation class="oracle.dbtools.crest.model.design.logical.Relation" name="SOL_EXA_EXAM_FK" directorySegmentName="seg_0" id="57B3CC18-BB32-D0BA-8581-D8314FAB7A97">
<createdBy>diegocarvajalarias</createdBy>
<createdTime>2025-09-16 00:55:20 UTC</createdTime>
<generatorID>7B08EC19-40ED-437E-4DA3-8B8A96C61344</generatorID>
<ownerDesignName>s05</ownerDesignName>
<engineerTo>
<item key="9CC6A98E-7C88-CCBB-4137-BBE24003249E" value="true"/>
</engineerTo>
<sourcePk>B18ED59B-3610-2CEB-9C13-8763F1C9047C</sourcePk>
<identifying>false</identifying>
<optionalSource>true</optionalSource>
<optionalTarget>false</optionalTarget>
<sourceCardinality>1</sourceCardinality>
<sourceEntity>0DDAE627-2041-E2E3-2425-32BEACF60866</sourceEntity>
<targetCardinalityString>*</targetCardinalityString>
<targetEntity>363EF2FD-D32A-47B1-72B2-42747504A9EB</targetEntity>
<transferable>true</transferable>
<deleteRule>NO ACTION</deleteRule>
</Relation>