<?xml version = '1.0' encoding = 'UTF-8'?>
<Relation class="oracle.dbtools.crest.model.design.logical.Relation" name="MEDICO_SALUD_FK" directorySegmentName="seg_0" id="5B79609E-F077-AEF4-7D5D-DF7D8D667B5F">
<createdBy>diegocarvajalarias</createdBy>
<createdTime>2025-09-16 00:55:20 UTC</createdTime>
<generatorID>2E5163E0-D77F-E318-91BC-93B425C5C956</generatorID>
<ownerDesignName>s05</ownerDesignName>
<engineerTo>
<item key="9CC6A98E-7C88-CCBB-4137-BBE24003249E" value="true"/>
</engineerTo>
<sourcePk>7BA0693D-F632-EDBD-07B2-3B1384C6BF63</sourcePk>
<identifying>false</identifying>
<optionalSource>true</optionalSource>
<optionalTarget>false</optionalTarget>
<sourceCardinality>1</sourceCardinality>
<sourceEntity>893FFC12-95B3-A57C-C979-F37BB22E121D</sourceEntity>
<targetCardinalityString>*</targetCardinalityString>
<targetEntity>4A400A1C-4F4D-E543-190F-EABEE1920BC2</targetEntity>
<transferable>true</transferable>
<deleteRule>NO ACTION</deleteRule>
</Relation>