<?xml version = '1.0' encoding = 'UTF-8'?>
<Relation class="oracle.dbtools.crest.model.design.logical.Relation" name="ATENCION_MED_FK" directorySegmentName="seg_0" id="7A38EC7C-DEA2-3162-04A0-6FEDCBD904A7">
<createdBy>diegocarvajalarias</createdBy>
<createdTime>2025-09-16 00:55:20 UTC</createdTime>
<generatorID>C61A2F30-6F7E-E231-E36F-D63E701E3320</generatorID>
<ownerDesignName>s05</ownerDesignName>
<engineerTo>
<item key="9CC6A98E-7C88-CCBB-4137-BBE24003249E" value="true"/>
</engineerTo>
<sourcePk>6B8F3A73-CB80-471D-7348-180F940CC630</sourcePk>
<identifying>false</identifying>
<optionalSource>true</optionalSource>
<optionalTarget>false</optionalTarget>
<sourceCardinality>1</sourceCardinality>
<sourceEntity>4A400A1C-4F4D-E543-190F-EABEE1920BC2</sourceEntity>
<targetCardinalityString>*</targetCardinalityString>
<targetEntity>EC16E24A-4CA7-F3FD-355E-80E5B62CEBF7</targetEntity>
<transferable>true</transferable>
<deleteRule>NO ACTION</deleteRule>
</Relation>