<?xml version = '1.0' encoding = 'UTF-8'?>
<Relation class="oracle.dbtools.crest.model.design.logical.Relation" name="MEDICO_ESPECIALIDAD_FK" directorySegmentName="seg_0" id="81828425-0554-CB9C-7504-C7532138CA4C">
<createdBy>diegocarvajalarias</createdBy>
<createdTime>2025-09-16 00:55:20 UTC</createdTime>
<generatorID>F8F62E44-E817-A273-54B1-38BA1BA31177</generatorID>
<ownerDesignName>s05</ownerDesignName>
<engineerTo>
<item key="9CC6A98E-7C88-CCBB-4137-BBE24003249E" value="true"/>
</engineerTo>
<sourcePk>81433031-DF4A-CA1D-65AD-71BEE00EE0A4</sourcePk>
<identifying>false</identifying>
<optionalSource>true</optionalSource>
<optionalTarget>false</optionalTarget>
<sourceCardinality>1</sourceCardinality>
<sourceEntity>A4137F07-6AAB-D785-FBEF-5601639BB8E4</sourceEntity>
<targetCardinalityString>*</targetCardinalityString>
<targetEntity>4A400A1C-4F4D-E543-190F-EABEE1920BC2</targetEntity>
<transferable>true</transferable>
<deleteRule>NO ACTION</deleteRule>
</Relation>