<?xml version = '1.0' encoding = 'UTF-8'?>
<Relation class="oracle.dbtools.crest.model.design.logical.Relation" name="MEDICO_AFP_FK" directorySegmentName="seg_0" id="845DC06D-79BF-20C7-F6E9-5221171673C7">
<createdBy>diegocarvajalarias</createdBy>
<createdTime>2025-09-16 00:55:20 UTC</createdTime>
<generatorID>D92AB1CF-72D8-1EB1-C6CE-C0D165630BF6</generatorID>
<ownerDesignName>s05</ownerDesignName>
<engineerTo>
<item key="9CC6A98E-7C88-CCBB-4137-BBE24003249E" value="true"/>
</engineerTo>
<sourcePk>9C0FE713-441B-E61D-1C05-EA507C7E5433</sourcePk>
<identifying>false</identifying>
<optionalSource>true</optionalSource>
<optionalTarget>false</optionalTarget>
<sourceCardinality>1</sourceCardinality>
<sourceEntity>5E8B4992-4867-1330-D2EB-27A36C8C56CC</sourceEntity>
<targetCardinalityString>*</targetCardinalityString>
<targetEntity>4A400A1C-4F4D-E543-190F-EABEE1920BC2</targetEntity>
<transferable>true</transferable>
<deleteRule>NO ACTION</deleteRule>
</Relation>