<?xml version = '1.0' encoding = 'UTF-8'?>
<Relation class="oracle.dbtools.crest.model.design.logical.Relation" name="COMUNA_REGION_FK" directorySegmentName="seg_0" id="8FA0E2BD-3D59-8D77-12B5-854532369D5C">
<createdBy>diegocarvajalarias</createdBy>
<createdTime>2025-09-16 00:55:20 UTC</createdTime>
<generatorID>8E68EE9B-5ECD-2733-AD1A-5DF280102956</generatorID>
<ownerDesignName>s05</ownerDesignName>
<engineerTo>
<item key="9CC6A98E-7C88-CCBB-4137-BBE24003249E" value="true"/>
</engineerTo>
<sourcePk>A13ABF17-E751-69A3-4092-9DE73F1E5482</sourcePk>
<identifying>false</identifying>
<optionalSource>true</optionalSource>
<optionalTarget>false</optionalTarget>
<sourceCardinality>1</sourceCardinality>
<sourceEntity>8F8414ED-EBC8-5A01-FC52-6BC7F3E2B740</sourceEntity>
<targetCardinalityString>*</targetCardinalityString>
<targetEntity>63549ECA-09AD-DD42-C3BC-A478833EB2A0</targetEntity>
<transferable>true</transferable>
<deleteRule>NO ACTION</deleteRule>
</Relation>