<?xml version = '1.0' encoding = 'UTF-8'?>
<Relation class="oracle.dbtools.crest.model.design.logical.Relation" name="ATENCION_PAC_FK" directorySegmentName="seg_0" id="943976FC-CC3B-239C-8FCC-B8BEC8E82D2E">
<createdBy>diegocarvajalarias</createdBy>
<createdTime>2025-09-16 00:55:20 UTC</createdTime>
<generatorID>FE114B7F-B349-0B98-0E36-9B52064BB43E</generatorID>
<ownerDesignName>s05</ownerDesignName>
<engineerTo>
<item key="9CC6A98E-7C88-CCBB-4137-BBE24003249E" value="true"/>
</engineerTo>
<sourcePk>8A519FCD-44B4-0C6F-7127-3237B226F6AB</sourcePk>
<identifying>false</identifying>
<optionalSource>true</optionalSource>
<optionalTarget>false</optionalTarget>
<sourceCardinality>1</sourceCardinality>
<sourceEntity>78377E00-55AD-AF6F-CCA6-34E357C52AC2</sourceEntity>
<targetCardinalityString>*</targetCardinalityString>
<targetEntity>EC16E24A-4CA7-F3FD-355E-80E5B62CEBF7</targetEntity>
<transferable>true</transferable>
<deleteRule>NO ACTION</deleteRule>
</Relation>