<?xml version = '1.0' encoding = 'UTF-8'?>
<Relation class="oracle.dbtools.crest.model.design.logical.Relation" name="PAGO_ATENCION_FK" directorySegmentName="seg_0" id="D500CCE6-AB71-5CBC-BC2F-A9DE26E1AF35">
<createdBy>diegocarvajalarias</createdBy>
<createdTime>2025-09-16 00:55:20 UTC</createdTime>
<generatorID>A5C468FD-C559-F4E7-DEF1-E54A403A33E9</generatorID>
<ownerDesignName>s05</ownerDesignName>
<engineerTo>
<item key="9CC6A98E-7C88-CCBB-4137-BBE24003249E" value="true"/>
</engineerTo>
<sourcePk>72214908-E80E-8DE6-8E28-2E843B8378D0</sourcePk>
<dominantRole>EC16E24A-4CA7-F3FD-355E-80E5B62CEBF7</dominantRole>
<identifying>false</identifying>
<optionalSource>true</optionalSource>
<optionalTarget>false</optionalTarget>
<sourceCardinality>1</sourceCardinality>
<sourceEntity>EC16E24A-4CA7-F3FD-355E-80E5B62CEBF7</sourceEntity>
<targetCardinalityString>1</targetCardinalityString>
<targetEntity>1061398A-CF16-2AAA-FF13-36FEAADF4843</targetEntity>
<transferable>true</transferable>
<deleteRule>NO ACTION</deleteRule>
</Relation>