<?xml version = '1.0' encoding = 'UTF-8'?>
<Relation class="oracle.dbtools.crest.model.design.logical.Relation" name="PACIENTE_COMUNA_FK" directorySegmentName="seg_0" id="E7095F17-3544-9D98-1266-E1665D2020BE">
<createdBy>diegocarvajalarias</createdBy>
<createdTime>2025-09-16 00:55:20 UTC</createdTime>
<generatorID>A6C211DC-6A2B-B67A-E28A-049FF6BA5DDE</generatorID>
<ownerDesignName>s05</ownerDesignName>
<engineerTo>
<item key="9CC6A98E-7C88-CCBB-4137-BBE24003249E" value="true"/>
</engineerTo>
<sourcePk>E36B0283-43C7-340F-0C69-A06C92C37784</sourcePk>
<identifying>false</identifying>
<optionalSource>true</optionalSource>
<optionalTarget>false</optionalTarget>
<sourceCardinality>1</sourceCardinality>
<sourceEntity>63549ECA-09AD-DD42-C3BC-A478833EB2A0</sourceEntity>
<targetCardinalityString>*</targetCardinalityString>
<targetEntity>78377E00-55AD-AF6F-CCA6-34E357C52AC2</targetEntity>
<transferable>true</transferable>
<deleteRule>NO ACTION</deleteRule>
</Relation>