<?xml version = '1.0' encoding = 'UTF-8'?>
<Relation class="oracle.dbtools.crest.model.design.logical.Relation" name="ATENCION_ESP_FK" directorySegmentName="seg_0" id="E72E3B82-E781-261A-BE4F-C33E45F9F670">
<createdBy>diegocarvajalarias</createdBy>
<createdTime>2025-09-16 00:55:20 UTC</createdTime>
<generatorID>A0D98339-8B67-A17B-8508-0B6BC594B72B</generatorID>
<ownerDesignName>s05</ownerDesignName>
<engineerTo>
<item key="9CC6A98E-7C88-CCBB-4137-BBE24003249E" value="true"/>
</engineerTo>
<sourcePk>81433031-DF4A-CA1D-65AD-71BEE00EE0A4</sourcePk>
<identifying>false</identifying>
<optionalSource>true</optionalSource>
<optionalTarget>false</optionalTarget>
<sourceCardinality>1</sourceCardinality>
<sourceEntity>A4137F07-6AAB-D785-FBEF-5601639BB8E4</sourceEntity>
<targetCardinalityString>*</targetCardinalityString>
<targetEntity>EC16E24A-4CA7-F3FD-355E-80E5B62CEBF7</targetEntity>
<transferable>true</transferable>
<deleteRule>NO ACTION</deleteRule>
</Relation>