<?xml version = '1.0' encoding = 'UTF-8'?>
<TriggerOraclev10g class="oracle.dbtools.crest.model.design.storage.oracle.v10g.TriggerOraclev10g" name="TRG_PERS_XOR_CUID_MED" directorySegmentName="seg_0" id="0C9C96BB-61FA-1FFD-D9AC-7DE5AF2369CD">
<sourceDDLFile>semana03.sql</sourceDDLFile>
<createdBy>diegocarvajalarias</createdBy>
<createdTime>2025-09-02 02:47:19 UTC</createdTime>
<ownerDesignName>exp03_s03_dcarvajal</ownerDesignName>
<actions>INSERT, UPDATE</actions>
<body><![CDATA[DECLARE v_cnt NUMBER;
BEGIN
  SELECT COUNT(*) INTO v_cnt FROM MEDICO WHERE rut = :NEW.rut;
  IF v_cnt > 0 THEN
    RAISE_APPLICATION_ERROR(-20012, 'El personal no puede ser CUIDADOR y MÉDICO simultáneamente.');
  END IF;
END;]]></body>
<triggerTime>AFTER</triggerTime>
<table>F3CAE1F0-99FC-D65F-228F-EB2624A9B71E</table>
</TriggerOraclev10g>