<?xml version = '1.0' encoding = 'UTF-8'?>
<TriggerOraclev10g class="oracle.dbtools.crest.model.design.storage.oracle.v10g.TriggerOraclev10g" name="TRG_PERS_XOR_MED_CUID" directorySegmentName="seg_0" id="D42913DC-AF19-6A32-3087-7193DC566CB2">
<sourceDDLFile>semana03.sql</sourceDDLFile>
<createdBy>diegocarvajalarias</createdBy>
<createdTime>2025-09-02 02:47:19 UTC</createdTime>
<ownerDesignName>exp03_s03_dcarvajal</ownerDesignName>
<actions>INSERT, UPDATE</actions>
<body><![CDATA[DECLARE v_cnt NUMBER;
BEGIN
  SELECT COUNT(*) INTO v_cnt FROM CUIDADOR WHERE rut = :NEW.rut;
  IF v_cnt > 0 THEN
    RAISE_APPLICATION_ERROR(-20013, 'El personal no puede ser MÉDICO y CUIDADOR simultáneamente.');
  END IF;
END;]]></body>
<triggerTime>AFTER</triggerTime>
<table>E5BD477D-101B-EDF6-60D9-5DBDE09CB8A1</table>
</TriggerOraclev10g>