<?xml version = '1.0' encoding = 'UTF-8'?>
<TableProxyOraclev11g class="oracle.dbtools.crest.model.design.storage.oracle.v11g.TableProxyOraclev11g" name="UNIDAD" directorySegmentName="seg_0" id="852C8262-079C-4DA5-5C9E-070FCEAC5424">
<createdBy>diegocarvajalarias</createdBy>
<createdTime>2025-09-16 00:54:27 UTC</createdTime>
<ownerDesignName>s05</ownerDesignName>
<logging>YES</logging>
<partitionedRowMovement>DISABLE</partitionedRowMovement>
<temporaryChanged>false</temporaryChanged>
<accessDriverType>oracle_loader</accessDriverType>
<rejectLimit></rejectLimit>
<columnProxies itemClass="oracle.dbtools.crest.model.design.storage.oracle.v12c.ColumnProxyOraclev12c">
<ColumnProxy name="id" id="4A355046-A611-F195-67C7-E7F01C559FF4">
<createdBy>diegocarvajalarias</createdBy>
<createdTime>2025-09-16 00:54:27 UTC</createdTime>
<ownerDesignName>s05</ownerDesignName>
</ColumnProxy>
<ColumnProxy name="nombre" id="BD9718EC-025D-FBBF-3834-44E13B7EB77E">
<createdBy>diegocarvajalarias</createdBy>
<createdTime>2025-09-16 00:54:27 UTC</createdTime>
<ownerDesignName>s05</ownerDesignName>
</ColumnProxy>
</columnProxies>
<primaryKeys>
<PrimaryKey class="oracle.dbtools.crest.model.design.storage.oracle.v10g.PKProxyOraclev10g" name="UNIDAD_PK" id="59344982-5BE6-6CDC-7DFA-49B844680048">
<createdBy>diegocarvajalarias</createdBy>
<createdTime>2025-09-16 00:54:27 UTC</createdTime>
<ownerDesignName>s05</ownerDesignName>
<indexSort>SORTED</indexSort>
</PrimaryKey>
</primaryKeys>
</TableProxyOraclev11g>