<?xml version = '1.0' encoding = 'UTF-8'?>
<TableProxyOraclev11g class="oracle.dbtools.crest.model.design.storage.oracle.v11g.TableProxyOraclev11g" name="RESULTADO_EXAMEN" directorySegmentName="seg_0" id="B346C007-A0C5-D80A-E52E-BEA91A487BA0">
<createdBy>diegocarvajalarias</createdBy>
<createdTime>2025-09-16 00:54:27 UTC</createdTime>
<ownerDesignName>s05</ownerDesignName>
<logging>YES</logging>
<partitionedRowMovement>DISABLE</partitionedRowMovement>
<temporaryChanged>false</temporaryChanged>
<accessDriverType>oracle_loader</accessDriverType>
<rejectLimit></rejectLimit>
<columnProxies itemClass="oracle.dbtools.crest.model.design.storage.oracle.v12c.ColumnProxyOraclev12c">
<ColumnProxy name="valores" id="5C47594B-8882-F614-617C-D393A01B4635">
<createdBy>diegocarvajalarias</createdBy>
<createdTime>2025-09-16 00:54:27 UTC</createdTime>
<ownerDesignName>s05</ownerDesignName>
</ColumnProxy>
<ColumnProxy name="informe" id="8162A0E7-2F1C-AB80-219C-6E40801BAD41">
<createdBy>diegocarvajalarias</createdBy>
<createdTime>2025-09-16 00:54:27 UTC</createdTime>
<ownerDesignName>s05</ownerDesignName>
</ColumnProxy>
<ColumnProxy name="SOLICITUD_EXAMEN_id" id="BD5BC776-54DD-FB20-ADE3-46036F2FD4D1">
<createdBy>diegocarvajalarias</createdBy>
<createdTime>2025-09-16 00:54:27 UTC</createdTime>
<ownerDesignName>s05</ownerDesignName>
</ColumnProxy>
<ColumnProxy name="fecha_resultado" id="CDD2A153-8FFF-D1EA-C9CC-1D0D3174B7C7">
<createdBy>diegocarvajalarias</createdBy>
<createdTime>2025-09-16 00:54:27 UTC</createdTime>
<ownerDesignName>s05</ownerDesignName>
</ColumnProxy>
</columnProxies>
<foreignKeys>
<ForeignKey class="oracle.dbtools.crest.model.design.storage.oracle.v10g.FKProxyOraclev10g" name="RESULTADO_EXAMEN_SOLICITUD_EXAMEN_FK" id="A5737783-97C7-8473-6585-E74F6A0E73DB">
<createdBy>diegocarvajalarias</createdBy>
<createdTime>2025-09-16 00:54:27 UTC</createdTime>
<ownerDesignName>s05</ownerDesignName>
</ForeignKey>
</foreignKeys>
<primaryKeys>
<PrimaryKey class="oracle.dbtools.crest.model.design.storage.oracle.v10g.PKProxyOraclev10g" name="RESULTADO_EXAMEN_PK" id="A777DBDC-CC4D-90AB-0BE0-56A6C3196CD6">
<createdBy>diegocarvajalarias</createdBy>
<createdTime>2025-09-16 00:54:27 UTC</createdTime>
<ownerDesignName>s05</ownerDesignName>
<indexSort>SORTED</indexSort>
</PrimaryKey>
</primaryKeys>
</TableProxyOraclev11g>