<?xml version = '1.0' encoding = 'UTF-8'?>
<relationalModel class="oracle.dbtools.crest.model.design.relational.RelationalDesign" name="Relational_1" id="A2809CB1-5E40-D1FE-56A1-4DC80F3C37FF" mainViewID="626EDF62-5620-0484-FB83-5ED9221507CD">
<createdBy>diegocarvajalarias</createdBy>
<createdTime>2025-08-17 22:47:16 UTC</createdTime>
<ownerDesignName>Actividad01</ownerDesignName>
<shouldBeOpen>false</shouldBeOpen>
<selectedRDBMSSite>32076570-2523-435C-2E92-BF29817DFF70</selectedRDBMSSite>
</relationalModel>