<?xml version = '1.0' encoding = 'UTF-8'?>
<Relation class="oracle.dbtools.crest.model.design.logical.InheritanceRelation" name="Hierarchy_3" directorySegmentName="seg_0" id="0DE9550A-FD15-0C2C-0020-96FC2320B3E3">
<createdBy>diegocarvajalarias</createdBy>
<createdTime>2025-10-12 04:04:30 UTC</createdTime>
<ownerDesignName>examen_semana09</ownerDesignName>
<engineerTo>
<item key="107C4392-418F-1A37-4389-5648A617C221" value="true"/>
</engineerTo>
<identifying>false</identifying>
<nameOnSource>Super Type</nameOnSource>
<nameOnTarget>Sub Type</nameOnTarget>
<optionalSource>true</optionalSource>
<optionalTarget>true</optionalTarget>
<sourceEntity>76A64DFC-C141-C15C-B4E1-CD2C58AFF4C7</sourceEntity>
<targetEntity>1D73DEDA-055E-7B65-1519-CF373F8FD778</targetEntity>
<transferable>true</transferable>
<deleteRule>NO ACTION</deleteRule>
</Relation>