<?xml version = '1.0' encoding = 'UTF-8'?>
<Relation class="oracle.dbtools.crest.model.design.logical.InheritanceRelation" name="Hierarchy_2" directorySegmentName="seg_0" id="12E81B58-F41D-BF79-5175-ACEC9C9B0A55">
<createdBy>diegocarvajalarias</createdBy>
<createdTime>2025-10-12 04:03:57 UTC</createdTime>
<ownerDesignName>examen_semana09</ownerDesignName>
<engineerTo>
<item key="107C4392-418F-1A37-4389-5648A617C221" value="true"/>
</engineerTo>
<identifying>false</identifying>
<nameOnSource>Super Type</nameOnSource>
<nameOnTarget>Sub Type</nameOnTarget>
<optionalSource>true</optionalSource>
<optionalTarget>true</optionalTarget>
<sourceEntity>76A64DFC-C141-C15C-B4E1-CD2C58AFF4C7</sourceEntity>
<targetEntity>CE89EB9B-602E-44CC-69B5-B2BFE50A711B</targetEntity>
<transferable>true</transferable>
<deleteRule>NO ACTION</deleteRule>
</Relation>