<?xml version = '1.0' encoding = 'UTF-8'?>
<Relation class="oracle.dbtools.crest.model.design.logical.InheritanceRelation" name="Hierarchy_1" directorySegmentName="seg_0" id="A1D91FCD-B7B6-64FE-B966-D17B8622ECC6">
<createdBy>diegocarvajalarias</createdBy>
<createdTime>2025-10-12 04:03:31 UTC</createdTime>
<ownerDesignName>examen_semana09</ownerDesignName>
<engineerTo>
<item key="107C4392-418F-1A37-4389-5648A617C221" value="true"/>
</engineerTo>
<identifying>false</identifying>
<nameOnSource>Super Type</nameOnSource>
<nameOnTarget>Sub Type</nameOnTarget>
<optionalSource>true</optionalSource>
<optionalTarget>true</optionalTarget>
<sourceEntity>76A64DFC-C141-C15C-B4E1-CD2C58AFF4C7</sourceEntity>
<targetEntity>551E791D-8CEA-8313-B4D1-58FC6FBD673D</targetEntity>
<transferable>true</transferable>
<deleteRule>NO ACTION</deleteRule>
</Relation>