<?xml version = '1.0' encoding = 'UTF-8'?>
<Entity class="oracle.dbtools.crest.model.design.logical.Entity" directorySegmentName="seg_0" id="8F8414ED-EBC8-5A01-FC52-6BC7F3E2B740" name="REGION">
<createdBy>diegocarvajalarias</createdBy>
<createdTime>2025-09-16 00:55:20 UTC</createdTime>
<generatorID>5F892B21-EB1E-2414-8A11-2AEC9EB0B73F</generatorID>
<ownerDesignName>s05</ownerDesignName>
<engineerTo>
<item key="9CC6A98E-7C88-CCBB-4137-BBE24003249E" value="true"/>
</engineerTo>
<adequatelyNormalized>NO</adequatelyNormalized>
<expectedVolumes>0</expectedVolumes>
<fwdEngineeringStrategyName>Single Table</fwdEngineeringStrategyName>
<growthPercent>0</growthPercent>
<growthType>Year</growthType>
<maxVolumes>9999999</maxVolumes>
<minVolumes>0</minVolumes>
<normalForm>Third</normalForm>
<attributes itemClass="oracle.dbtools.crest.model.design.logical.Attribute">
<Attribute name="id" id="3A284E36-DF37-59EC-9A53-AB82EF543DD9">
<createdBy>diegocarvajalarias</createdBy>
<createdTime>2025-09-16 00:55:20 UTC</createdTime>
<generatorID>B257E6D8-4546-3999-899B-D7AFB1E5C9A7</generatorID>
<ownerDesignName>s05</ownerDesignName>
<engineerTo>
<item key="9CC6A98E-7C88-CCBB-4137-BBE24003249E" value="true"/>
</engineerTo>
<useDomainConstraints>false</useDomainConstraints>
<use>1</use>
<logicalDatatype>LOGDT019</logicalDatatype>
<dataTypePrecision>4</dataTypePrecision>
<ownDataTypeParameters>,4,</ownDataTypeParameters>
</Attribute>
<Attribute name="nombre" id="32126C77-3897-34F7-F994-66A5EB9101C8">
<createdBy>diegocarvajalarias</createdBy>
<createdTime>2025-09-16 00:55:20 UTC</createdTime>
<generatorID>7437E3B1-D8B5-3E2D-CB57-C6AD04892AE6</generatorID>
<ownerDesignName>s05</ownerDesignName>
<engineerTo>
<item key="9CC6A98E-7C88-CCBB-4137-BBE24003249E" value="true"/>
</engineerTo>
<useDomainConstraints>false</useDomainConstraints>
<use>1</use>
<logicalDatatype>LOGDT024</logicalDatatype>
<dataTypeSize>80</dataTypeSize>
<ownDataTypeParameters>80,,</ownDataTypeParameters>
</Attribute>
</attributes>
<identifiers itemClass="oracle.dbtools.crest.model.design.logical.CandidateKey">
<identifier id="A13ABF17-E751-69A3-4092-9DE73F1E5482" name="REGION PK">
<createdBy>diegocarvajalarias</createdBy>
<createdTime>2025-09-16 00:55:20 UTC</createdTime>
<generatorID>EA3775C7-2A17-14A9-5734-FCA328D1193F</generatorID>
<ownerDesignName>s05</ownerDesignName>
<shouldEngineer>false</shouldEngineer>
<engineerTo>
<item key="9CC6A98E-7C88-CCBB-4137-BBE24003249E" value="false"/>
</engineerTo>
<pk>true</pk>
<usedAttributes>
<attributeRef>3A284E36-DF37-59EC-9A53-AB82EF543DD9</attributeRef>
</usedAttributes>
</identifier>
</identifiers>
</Entity>