<?xml version = '1.0' encoding = 'UTF-8'?>
<relationalModel class="oracle.dbtools.crest.model.design.relational.RelationalDesign" name="Relational_1" id="087077CE-AFD7-CB8B-4824-1384F4B87775" mainViewID="F13BE198-60EB-2D5A-945A-E291D572A2FB">
<createdBy>diegocarvajalarias</createdBy>
<createdTime>2025-09-02 02:46:56 UTC</createdTime>
<ownerDesignName>exp03_s03_dcarvajal</ownerDesignName>
<shouldBeOpen>false</shouldBeOpen>
<selectedRDBMSSite>32076570-2523-435C-2E92-BF29817DFF70</selectedRDBMSSite>
<importDDLFileStamps>
<importDDLFileStamp class="oracle.dbtools.crest.imports.DDLFileStamp">
<fileName>semana03.sql</fileName>
<pathName>/Users/diegocarvajalarias/Documents/Cursos/Duoc/04-Modelamiento de base de datos/Semana 03</pathName>
<dbType>9</dbType>
</importDDLFileStamp>
</importDDLFileStamps>
</relationalModel>