<?xml version = '1.0' encoding = 'UTF-8'?>
<Diagram class="oracle.dbtools.crest.swingui.logical.DPVLogicalSubView" name="Logical - SubView_1" id="73F19567-B2A0-F485-B2FD-ADBEF24611E1">
<createdBy>diegocarvajalarias</createdBy>
<modifiedBy>diegocarvajalarias</modifiedBy>
<createdTime>2025-10-12 04:01:10 UTC</createdTime>
<autoRoute>false</autoRoute>
<boxInbox>true</boxInbox>
<showLegend>false</showLegend>
<showLabels>false</showLabels>
<showRelAttributes>false</showRelAttributes>
<gridEnabled>false</gridEnabled>
<showGrid>false</showGrid>
<diagramColor>-1</diagramColor>
<display>false</display>
<notation>1</notation>
<showComments>true</showComments>
<showClassificationTypes>true</showClassificationTypes>
<objectViews>
<OView class="oracle.dbtools.crest.swingui.logical.TVEntity" oid="76A64DFC-C141-C15C-B4E1-CD2C58AFF4C7" otype="Entity" vid="244E3C67-3035-8351-41B4-5EF4F00B32A2">
<hideElementsInCurrentOnly>false</hideElementsInCurrentOnly>
<bounds x="542" y="274" width="268" height="206"/>
</OView>
</objectViews>
<connectors>
<Connector class="oracle.dbtools.crest.swingui.logical.TVRelation" oid="7F677CEF-200A-7CBB-CB0D-83CF033D9DB6" otype="Relation" vid_source="244E3C67-3035-8351-41B4-5EF4F00B32A2" vid_target="244E3C67-3035-8351-41B4-5EF4F00B32A2">
<hideElementsInCurrentOnly>false</hideElementsInCurrentOnly>
<backgroundColor>-16777216</backgroundColor>
<lineWidth>1</lineWidth>
<points>
<point x="810" y="395"/>
<point x="835" y="395"/>
<point x="835" y="505"/>
<point x="699" y="505"/>
<point x="699" y="480"/>
</points>
</Connector>
</connectors>
</Diagram>