<?xml version = '1.0' encoding = 'UTF-8'?>
<Diagram class="oracle.dbtools.crest.swingui.logical.DPVLogical" name="Logical" id="8D2A0B6A-83C1-9340-A220-321CC5EEC905">
<createdBy>diegocarvajalarias</createdBy>
<modifiedBy>diegocarvajalarias</modifiedBy>
<createdTime>2025-10-12 01:37:06 UTC</createdTime>
<autoRoute>false</autoRoute>
<boxInbox>true</boxInbox>
<showLegend>false</showLegend>
<showLabels>true</showLabels>
<showRelAttributes>false</showRelAttributes>
<gridEnabled>false</gridEnabled>
<showGrid>false</showGrid>
<diagramColor>-1</diagramColor>
<display>false</display>
<notation>1</notation>
<showComments>true</showComments>
<showClassificationTypes>true</showClassificationTypes>
<hideDetailsOnZoomOut>false</hideDetailsOnZoomOut>
<objectViews>
<OView class="oracle.dbtools.crest.swingui.logical.TVEntity" oid="1D73DEDA-055E-7B65-1519-CF373F8FD778" otype="Entity" vid="C15D6581-7B89-2545-E27E-ECEEBBB571AC">
<hideElementsInCurrentOnly>false</hideElementsInCurrentOnly>
<bounds x="459" y="516" width="308" height="110"/>
</OView>
<OView class="oracle.dbtools.crest.swingui.logical.TVEntity" oid="4523799A-562D-5160-98CA-1CAB8DA2D45E" otype="Entity" vid="25C13AAA-76FC-0758-ABC6-4B93A0DFE39E">
<hideElementsInCurrentOnly>false</hideElementsInCurrentOnly>
<bounds x="953" y="764" width="238" height="121"/>
</OView>
<OView class="oracle.dbtools.crest.swingui.logical.TVEntity" oid="551E791D-8CEA-8313-B4D1-58FC6FBD673D" otype="Entity" vid="6B930443-35EE-F6C2-9E63-007A5CEB10C9">
<hideElementsInCurrentOnly>false</hideElementsInCurrentOnly>
<bounds x="299" y="656" width="266" height="91"/>
</OView>
<OView class="oracle.dbtools.crest.swingui.logical.TVEntity" oid="5E05F870-7217-03EB-075F-21BA31EB5758" otype="Entity" vid="DD1F4421-558F-C544-702F-F6201B76B353">
<hideElementsInCurrentOnly>false</hideElementsInCurrentOnly>
<bounds x="33" y="125" width="230" height="121"/>
</OView>
<OView class="oracle.dbtools.crest.swingui.logical.TVEntity" oid="5FA9D022-F1B6-8846-70E0-D49BF49FB360" otype="Entity" vid="CD76240A-5BA8-81D9-3B31-50FB2CCDADC0">
<hideElementsInCurrentOnly>false</hideElementsInCurrentOnly>
<bounds x="1025" y="404" width="338" height="182"/>
</OView>
<OView class="oracle.dbtools.crest.swingui.logical.TVEntity" oid="7281F282-2C77-5157-A565-D03DA6A19439" otype="Entity" vid="47BF3D8F-EFCA-8AE7-48CF-564B5777C3FE">
<hideElementsInCurrentOnly>false</hideElementsInCurrentOnly>
<bounds x="1387" y="625" width="437" height="157"/>
</OView>
<OView class="oracle.dbtools.crest.swingui.logical.TVEntity" oid="76A64DFC-C141-C15C-B4E1-CD2C58AFF4C7" otype="Entity" vid="F85E3087-4D85-13FF-ABDA-2F8D77B54989">
<hideElementsInCurrentOnly>false</hideElementsInCurrentOnly>
<bounds x="289" y="326" width="642" height="431"/>
</OView>
<OView class="oracle.dbtools.crest.swingui.logical.TVEntity" oid="A2D57F28-4647-E369-5E8C-069FE3AD6446" otype="Entity" vid="48148B21-1DE5-7F31-518A-F561A6BB02E8">
<hideElementsInCurrentOnly>false</hideElementsInCurrentOnly>
<bounds x="1617" y="132" width="261" height="102"/>
</OView>
<OView class="oracle.dbtools.crest.swingui.logical.TVEntity" oid="CB533BCE-7E8B-1814-F4D1-4257F4F83FF8" otype="Entity" vid="36F0968D-317F-CB23-D9BB-51E2BEB33309">
<hideElementsInCurrentOnly>false</hideElementsInCurrentOnly>
<bounds x="36" y="421" width="222" height="84"/>
</OView>
<OView class="oracle.dbtools.crest.swingui.logical.TVEntity" oid="CBFF21DC-4AFC-3031-0841-D6102298D736" otype="Entity" vid="D018D8C4-FB27-6FDD-F8F4-7FDABA24FAAC">
<hideElementsInCurrentOnly>false</hideElementsInCurrentOnly>
<bounds x="1202" y="130" width="238" height="110"/>
</OView>
<OView class="oracle.dbtools.crest.swingui.logical.TVEntity" oid="CE89EB9B-602E-44CC-69B5-B2BFE50A711B" otype="Entity" vid="B6926B85-939F-7639-B8EB-815B3E902F61">
<hideElementsInCurrentOnly>false</hideElementsInCurrentOnly>
<bounds x="594" y="657" width="280" height="90"/>
</OView>
<OView class="oracle.dbtools.crest.swingui.logical.TVEntity" oid="F36B88EB-1C49-0926-8FD4-2324A1F4BE30" otype="Entity" vid="849630AC-02DD-B36D-0796-522773BBDC7D">
<hideElementsInCurrentOnly>false</hideElementsInCurrentOnly>
<bounds x="527" y="108" width="301" height="115"/>
</OView>
</objectViews>
<connectors>
<Connector class="oracle.dbtools.crest.swingui.logical.TVInheritanceRelation" oid="0DE9550A-FD15-0C2C-0020-96FC2320B3E3" otype="Hierarchy relation" vid_source="F85E3087-4D85-13FF-ABDA-2F8D77B54989" vid_target="C15D6581-7B89-2545-E27E-ECEEBBB571AC">
<hideElementsInCurrentOnly>false</hideElementsInCurrentOnly>
<backgroundColor>-65536</backgroundColor>
<lineWidth>1</lineWidth>
<points>
<point x="931" y="571"/>
<point x="613" y="637"/>
</points>
</Connector>
<Connector class="oracle.dbtools.crest.swingui.logical.TVInheritanceRelation" oid="12E81B58-F41D-BF79-5175-ACEC9C9B0A55" otype="Hierarchy relation" vid_source="F85E3087-4D85-13FF-ABDA-2F8D77B54989" vid_target="B6926B85-939F-7639-B8EB-815B3E902F61">
<hideElementsInCurrentOnly>false</hideElementsInCurrentOnly>
<backgroundColor>-65536</backgroundColor>
<lineWidth>1</lineWidth>
<points>
<point x="931" y="702"/>
<point x="594" y="657"/>
</points>
</Connector>
<Connector class="oracle.dbtools.crest.swingui.logical.TVRelation" oid="1C634CD8-3C14-9483-C8F9-6F6C0E41AF15" otype="Relation" vid_source="D018D8C4-FB27-6FDD-F8F4-7FDABA24FAAC" vid_target="CD76240A-5BA8-81D9-3B31-50FB2CCDADC0">
<hideElementsInCurrentOnly>false</hideElementsInCurrentOnly>
<backgroundColor>-16777216</backgroundColor>
<lineWidth>1</lineWidth>
<points>
<point x="1282" y="240"/>
<point x="1282" y="404"/>
</points>
</Connector>
<Connector class="oracle.dbtools.crest.swingui.logical.TVRelation" oid="249D586D-7747-46B2-5534-265EDB0E0CB9" otype="Relation" vid_source="F85E3087-4D85-13FF-ABDA-2F8D77B54989" vid_target="47BF3D8F-EFCA-8AE7-48CF-564B5777C3FE">
<hideElementsInCurrentOnly>false</hideElementsInCurrentOnly>
<backgroundColor>-16777216</backgroundColor>
<lineWidth>1</lineWidth>
<points>
<point x="931" y="691"/>
<point x="1304" y="719"/>
</points>
</Connector>
<Connector class="oracle.dbtools.crest.swingui.logical.TVRelation" oid="24AD467E-63A8-0A31-4571-04A739B585CD" otype="Relation" vid_source="D018D8C4-FB27-6FDD-F8F4-7FDABA24FAAC" vid_target="47BF3D8F-EFCA-8AE7-48CF-564B5777C3FE">
<hideElementsInCurrentOnly>false</hideElementsInCurrentOnly>
<backgroundColor>-16777216</backgroundColor>
<lineWidth>1</lineWidth>
<points>
<point x="1376" y="276"/>
<point x="1413" y="625"/>
</points>
</Connector>
<Connector class="oracle.dbtools.crest.swingui.logical.TVRelation" oid="39B5B2AD-B279-85EA-9FB7-5D2D500483DB" otype="Relation" vid_source="25C13AAA-76FC-0758-ABC6-4B93A0DFE39E" vid_target="47BF3D8F-EFCA-8AE7-48CF-564B5777C3FE">
<hideElementsInCurrentOnly>false</hideElementsInCurrentOnly>
<backgroundColor>-16777216</backgroundColor>
<lineWidth>1</lineWidth>
<points>
<point x="1164" y="808"/>
<point x="1387" y="773"/>
</points>
</Connector>
<Connector class="oracle.dbtools.crest.swingui.logical.TVRelation" oid="437A4C3C-28B0-65D6-500C-BC423B4F87F2" otype="Relation" vid_source="DD1F4421-558F-C544-702F-F6201B76B353" vid_target="849630AC-02DD-B36D-0796-522773BBDC7D">
<hideElementsInCurrentOnly>false</hideElementsInCurrentOnly>
<backgroundColor>-16777216</backgroundColor>
<lineWidth>1</lineWidth>
<sourceLabel class="oracle.dbtools.crest.model.design.Label">
<site>0</site>
<labelBounds x="273" y="129" width="74" height="30"/>
<noBackgroundColor>true</noBackgroundColor>
<noForegroundColor>true</noForegroundColor>
</sourceLabel>
<targetLabel class="oracle.dbtools.crest.model.design.Label">
<site>2</site>
<labelBounds x="398" y="162" width="123" height="30"/>
<noBackgroundColor>true</noBackgroundColor>
<noForegroundColor>true</noForegroundColor>
</targetLabel>
<points>
<point x="263" y="159"/>
<point x="383" y="172"/>
</points>
</Connector>
<Connector class="oracle.dbtools.crest.swingui.logical.TVRelation" oid="72147EBE-B970-B639-D40E-0DD8E21DAFC4" otype="Relation" vid_source="C15D6581-7B89-2545-E27E-ECEEBBB571AC" vid_target="CD76240A-5BA8-81D9-3B31-50FB2CCDADC0">
<hideElementsInCurrentOnly>false</hideElementsInCurrentOnly>
<backgroundColor>-16777216</backgroundColor>
<lineWidth>1</lineWidth>
<points>
<point x="767" y="566"/>
<point x="985" y="586"/>
</points>
</Connector>
<Connector class="oracle.dbtools.crest.swingui.logical.TVRelation" oid="7F677CEF-200A-7CBB-CB0D-83CF033D9DB6" otype="Relation" vid_source="F85E3087-4D85-13FF-ABDA-2F8D77B54989" vid_target="F85E3087-4D85-13FF-ABDA-2F8D77B54989">
<hideElementsInCurrentOnly>false</hideElementsInCurrentOnly>
<backgroundColor>-16777216</backgroundColor>
<lineWidth>1</lineWidth>
<sourceLabel class="oracle.dbtools.crest.model.design.Label">
<site>0</site>
<labelBounds x="747" y="860" width="70" height="30"/>
<noBackgroundColor>true</noBackgroundColor>
<noForegroundColor>true</noForegroundColor>
</sourceLabel>
<targetLabel class="oracle.dbtools.crest.model.design.Label">
<site>2</site>
<labelBounds x="391" y="834" width="106" height="30"/>
<noBackgroundColor>true</noBackgroundColor>
<noForegroundColor>true</noForegroundColor>
</targetLabel>
<points>
<point x="747" y="757"/>
<point x="747" y="845"/>
<point x="519" y="850"/>
<point x="391" y="847"/>
<point x="391" y="757"/>
</points>
</Connector>
<Connector class="oracle.dbtools.crest.swingui.logical.TVRelation" oid="9BD44DCF-438A-AF39-E71C-88A952702858" otype="Relation" vid_source="849630AC-02DD-B36D-0796-522773BBDC7D" vid_target="F85E3087-4D85-13FF-ABDA-2F8D77B54989">
<hideElementsInCurrentOnly>false</hideElementsInCurrentOnly>
<backgroundColor>-16777216</backgroundColor>
<lineWidth>1</lineWidth>
<sourceLabel class="oracle.dbtools.crest.model.design.Label">
<site>0</site>
<labelBounds x="677" y="267" width="74" height="30"/>
<noBackgroundColor>true</noBackgroundColor>
<noForegroundColor>true</noForegroundColor>
</sourceLabel>
<targetLabel class="oracle.dbtools.crest.model.design.Label">
<site>2</site>
<labelBounds x="677" y="290" width="81" height="30"/>
<noBackgroundColor>true</noBackgroundColor>
<noForegroundColor>true</noForegroundColor>
</targetLabel>
<points>
<point x="677" y="223"/>
<point x="533" y="326"/>
</points>
</Connector>
<Connector class="oracle.dbtools.crest.swingui.logical.TVInheritanceRelation" oid="A1D91FCD-B7B6-64FE-B966-D17B8622ECC6" otype="Hierarchy relation" vid_source="F85E3087-4D85-13FF-ABDA-2F8D77B54989" vid_target="6B930443-35EE-F6C2-9E63-007A5CEB10C9">
<hideElementsInCurrentOnly>false</hideElementsInCurrentOnly>
<backgroundColor>-65536</backgroundColor>
<lineWidth>1</lineWidth>
</Connector>
<Connector class="oracle.dbtools.crest.swingui.logical.TVRelation" oid="BA8AC490-7A28-4329-D5C8-E62DB397F82A" otype="Relation" vid_source="36F0968D-317F-CB23-D9BB-51E2BEB33309" vid_target="DD1F4421-558F-C544-702F-F6201B76B353">
<hideElementsInCurrentOnly>false</hideElementsInCurrentOnly>
<backgroundColor>-16777216</backgroundColor>
<lineWidth>1</lineWidth>
<sourceLabel class="oracle.dbtools.crest.model.design.Label">
<site>0</site>
<labelBounds x="162" y="385" width="74" height="30"/>
<noBackgroundColor>true</noBackgroundColor>
<noForegroundColor>true</noForegroundColor>
</sourceLabel>
<targetLabel class="oracle.dbtools.crest.model.design.Label">
<site>2</site>
<labelBounds x="162" y="282" width="95" height="30"/>
<noBackgroundColor>true</noBackgroundColor>
<noForegroundColor>true</noForegroundColor>
</targetLabel>
<points>
<point x="158" y="332"/>
<point x="162" y="246"/>
</points>
</Connector>
<Connector class="oracle.dbtools.crest.swingui.logical.TVRelation" oid="E70C8D3A-B3F8-AFB1-3866-2E1CFEECFD51" otype="Relation" vid_source="849630AC-02DD-B36D-0796-522773BBDC7D" vid_target="D018D8C4-FB27-6FDD-F8F4-7FDABA24FAAC">
<hideElementsInCurrentOnly>false</hideElementsInCurrentOnly>
<backgroundColor>-16777216</backgroundColor>
<lineWidth>1</lineWidth>
<sourceLabel class="oracle.dbtools.crest.model.design.Label">
<site>0</site>
<labelBounds x="838" y="146" width="74" height="30"/>
<noBackgroundColor>true</noBackgroundColor>
<noForegroundColor>true</noForegroundColor>
</sourceLabel>
<targetLabel class="oracle.dbtools.crest.model.design.Label">
<site>2</site>
<labelBounds x="1129" y="179" width="67" height="30"/>
<noBackgroundColor>true</noBackgroundColor>
<noForegroundColor>true</noForegroundColor>
</targetLabel>
<points>
<point x="828" y="176"/>
<point x="1211" y="220"/>
</points>
</Connector>
<Connector class="oracle.dbtools.crest.swingui.logical.TVRelation" oid="EB706EF6-29DB-6149-358C-5339CC12C927" otype="Relation" vid_source="48148B21-1DE5-7F31-518A-F561A6BB02E8" vid_target="D018D8C4-FB27-6FDD-F8F4-7FDABA24FAAC">
<hideElementsInCurrentOnly>false</hideElementsInCurrentOnly>
<backgroundColor>-16777216</backgroundColor>
<lineWidth>1</lineWidth>
<sourceLabel class="oracle.dbtools.crest.model.design.Label">
<site>0</site>
<labelBounds x="1519" y="153" width="92" height="30"/>
<noBackgroundColor>true</noBackgroundColor>
<noForegroundColor>true</noForegroundColor>
</sourceLabel>
<targetLabel class="oracle.dbtools.crest.model.design.Label">
<site>2</site>
<labelBounds x="1450" y="186" width="72" height="30"/>
<noBackgroundColor>true</noBackgroundColor>
<noForegroundColor>true</noForegroundColor>
</targetLabel>
<points>
<point x="1617" y="183"/>
<point x="1449" y="214"/>
</points>
</Connector>
</connectors>
</Diagram>