<?xml version = '1.0' encoding = 'UTF-8'?>
<FKArc class="oracle.dbtools.crest.model.design.relational.FKArc" directorySegmentName="seg_0" id="CB960281-1ABD-585B-1A38-DD5FFFCEC8CE" name="FKArc_1">
<createdBy>diegocarvajalarias</createdBy>
<createdTime>2025-10-12 04:30:01 UTC</createdTime>
<ownerDesignName>examen_semana09</ownerDesignName>
<mandatory>false</mandatory>
<reverseArc>true</reverseArc>
<table>52C319F5-1264-CC5E-C9C9-74A26BE72695</table>
<fkeys>
<fkeyID>6750E3B5-AE18-BFF9-80F9-9FF8D38F8BDB</fkeyID>
<fkeyID>E66B3954-8982-2F0C-A475-899181AED7FE</fkeyID>
<fkeyID>F2FEB0F8-4981-64D5-6E8B-25652B2EE0B1</fkeyID>
</fkeys>
</FKArc>