<?xml version = '1.0' encoding = 'UTF-8'?>
<FKIndexAssociation class="oracle.dbtools.crest.model.design.relational.FKIndexAssociation" directorySegmentName="seg_0" id="21D7B020-7849-FBBC-8CAE-ED6C1ED27487" containerWithKeyObject="BCD097EE-7D6E-8218-7A46-D40A8E8ED6B7" localFKIndex="3E08B8B3-02DB-AFA4-5242-33CC4C4092E8" name="MAQUINA_PLANTA_FK">
<createdBy>diegocarvajalarias</createdBy>
<createdTime>2025-10-12 04:30:01 UTC</createdTime>
<generatorID>E70C8D3A-B3F8-AFB1-3866-2E1CFEECFD51</generatorID>
<ownerDesignName>examen_semana09</ownerDesignName>
<referredTableLongName>PLANTA</referredTableLongName>
<deleteRule>NO ACTION</deleteRule>
<referredTableID>58302559-9826-1705-C93E-9519B8B38337</referredTableID>
<keyObject>3A1DEA6B-CFAD-BC94-AA3B-F4CAF99DAAFB</keyObject>
<referredKeyID>3A1DEA6B-CFAD-BC94-AA3B-F4CAF99DAAFB</referredKeyID>
<mandatory>true</mandatory>
<refColNames>id_planta</refColNames>
<transferable>true</transferable>
<rely>false</rely>
<columnDependencyConstraintGenerateInDDL>true</columnDependencyConstraintGenerateInDDL>
</FKIndexAssociation>