<?xml version = '1.0' encoding = 'UTF-8'?>
<FKIndexAssociation class="oracle.dbtools.crest.model.design.relational.FKIndexAssociation" directorySegmentName="seg_0" id="3346E587-FF5D-C8B2-C1BA-98312495D84C" containerWithKeyObject="936DAA92-E338-5948-A030-37584ED894F9" localFKIndex="4CE94E6E-E05E-E78E-3AA6-C31356586597" name="ASIGNACION_TURNO_TURNO_FK">
<createdBy>diegocarvajalarias</createdBy>
<createdTime>2025-10-12 04:30:01 UTC</createdTime>
<generatorID>39B5B2AD-B279-85EA-9FB7-5D2D500483DB</generatorID>
<ownerDesignName>examen_semana09</ownerDesignName>
<referredTableLongName>TURNO</referredTableLongName>
<deleteRule>NO ACTION</deleteRule>
<referredTableID>D7C7D825-38C9-9C30-06A5-95AC4BA71DFE</referredTableID>
<keyObject>40D50CCF-7191-59CF-8C02-9573F3BC88C3</keyObject>
<referredKeyID>40D50CCF-7191-59CF-8C02-9573F3BC88C3</referredKeyID>
<mandatory>true</mandatory>
<refColNames>id_turno</refColNames>
<transferable>true</transferable>
<rely>false</rely>
<columnDependencyConstraintGenerateInDDL>true</columnDependencyConstraintGenerateInDDL>
</FKIndexAssociation>