<?xml version = '1.0' encoding = 'UTF-8'?>
<FKIndexAssociation class="oracle.dbtools.crest.model.design.relational.FKIndexAssociation" directorySegmentName="seg_0" id="370ED170-7B2C-7392-DC1C-C9C0F877D167" containerWithKeyObject="58302559-9826-1705-C93E-9519B8B38337" localFKIndex="6E07D18D-AC1E-C107-5799-16E6527AD45B" name="PLANTA_COMUNA_FK">
<createdBy>diegocarvajalarias</createdBy>
<createdTime>2025-10-12 04:30:01 UTC</createdTime>
<generatorID>437A4C3C-28B0-65D6-500C-BC423B4F87F2</generatorID>
<ownerDesignName>examen_semana09</ownerDesignName>
<referredTableLongName>COMUNA</referredTableLongName>
<deleteRule>NO ACTION</deleteRule>
<referredTableID>72271E22-DF28-C69B-D3C4-0F5C3727197E</referredTableID>
<keyObject>83A118F6-E1A0-B23C-9FEC-F4E762CB1968</keyObject>
<referredKeyID>83A118F6-E1A0-B23C-9FEC-F4E762CB1968</referredKeyID>
<mandatory>true</mandatory>
<refColNames>id_comuna</refColNames>
<transferable>true</transferable>
<rely>false</rely>
<columnDependencyConstraintGenerateInDDL>true</columnDependencyConstraintGenerateInDDL>
</FKIndexAssociation>