<?xml version = '1.0' encoding = 'UTF-8'?>
<FKIndexAssociation class="oracle.dbtools.crest.model.design.relational.FKIndexAssociation" directorySegmentName="seg_0" id="417297A2-8D42-F96A-37E1-6A9E70D30153" containerWithKeyObject="72271E22-DF28-C69B-D3C4-0F5C3727197E" localFKIndex="FF5ADFD4-2DD0-8138-6876-BAE6FBB5B75C" name="COMUNA_REGION_FK">
<createdBy>diegocarvajalarias</createdBy>
<createdTime>2025-10-12 04:30:01 UTC</createdTime>
<generatorID>BA8AC490-7A28-4329-D5C8-E62DB397F82A</generatorID>
<ownerDesignName>examen_semana09</ownerDesignName>
<referredTableLongName>REGION</referredTableLongName>
<deleteRule>NO ACTION</deleteRule>
<referredTableID>EC41CCE1-98A8-3FEE-F6DB-28780786F093</referredTableID>
<keyObject>0DA710C9-AD15-EFA4-BEB0-49AB63260660</keyObject>
<referredKeyID>0DA710C9-AD15-EFA4-BEB0-49AB63260660</referredKeyID>
<mandatory>true</mandatory>
<refColNames>id_region</refColNames>
<transferable>true</transferable>
<rely>false</rely>
<columnDependencyConstraintGenerateInDDL>true</columnDependencyConstraintGenerateInDDL>
</FKIndexAssociation>