<?xml version = '1.0' encoding = 'UTF-8'?>
<FKIndexAssociation class="oracle.dbtools.crest.model.design.relational.FKIndexAssociation" directorySegmentName="seg_0" id="436D9A4B-5A68-45E6-5CB3-A124E0D556B1" containerWithKeyObject="936DAA92-E338-5948-A030-37584ED894F9" localFKIndex="89960610-20DF-A1C2-E636-7C79DF066DCE" name="ASIGNACION_TURNO_MAQUINA_FK">
<createdBy>diegocarvajalarias</createdBy>
<createdTime>2025-10-12 04:30:01 UTC</createdTime>
<generatorID>24AD467E-63A8-0A31-4571-04A739B585CD</generatorID>
<ownerDesignName>examen_semana09</ownerDesignName>
<referredTableLongName>MAQUINA</referredTableLongName>
<deleteRule>NO ACTION</deleteRule>
<referredTableID>BCD097EE-7D6E-8218-7A46-D40A8E8ED6B7</referredTableID>
<keyObject>AA4C29C1-BF47-C5BF-E3DF-9A444ED6B66D</keyObject>
<referredKeyID>AA4C29C1-BF47-C5BF-E3DF-9A444ED6B66D</referredKeyID>
<mandatory>true</mandatory>
<refColNames>numero_maquina,PLANTA_id_planta</refColNames>
<transferable>true</transferable>
<rely>false</rely>
<columnDependencyConstraintGenerateInDDL>true</columnDependencyConstraintGenerateInDDL>
</FKIndexAssociation>