<?xml version = '1.0' encoding = 'UTF-8'?>
<FKIndexAssociation class="oracle.dbtools.crest.model.design.relational.FKIndexAssociation" directorySegmentName="seg_0" id="6750E3B5-AE18-BFF9-80F9-9FF8D38F8BDB" containerWithKeyObject="3EA07C22-C8C3-EB87-2D24-B97CDE5B265D" localFKIndex="61EA33B2-8747-59E3-A391-2EC5389CCE3F" name="JEFE_TURNO_EMPLEADO_FK">
<createdBy>diegocarvajalarias</createdBy>
<createdTime>2025-10-12 04:30:01 UTC</createdTime>
<generatorID>A1D91FCD-B7B6-64FE-B966-D17B8622ECC6</generatorID>
<ownerDesignName>examen_semana09</ownerDesignName>
<referredTableLongName>EMPLEADO</referredTableLongName>
<arc>CB960281-1ABD-585B-1A38-DD5FFFCEC8CE</arc>
<deleteRule>NO ACTION</deleteRule>
<referredTableID>52C319F5-1264-CC5E-C9C9-74A26BE72695</referredTableID>
<keyObject>A7983810-3B22-9946-D6D5-1F739DCD6502</keyObject>
<referredKeyID>A7983810-3B22-9946-D6D5-1F739DCD6502</referredKeyID>
<mandatory>true</mandatory>
<refColNames>id_empleado</refColNames>
<transferable>true</transferable>
<rely>false</rely>
<columnDependencyConstraintGenerateInDDL>true</columnDependencyConstraintGenerateInDDL>
</FKIndexAssociation>