<?xml version = '1.0' encoding = 'UTF-8'?>
<FKIndexAssociation class="oracle.dbtools.crest.model.design.relational.FKIndexAssociation" directorySegmentName="seg_0" id="7B65EA49-5FD5-6887-DB15-153341ED7D13" containerWithKeyObject="936DAA92-E338-5948-A030-37584ED894F9" localFKIndex="BE5FA58D-B023-8EF8-7A9D-AFA60EDFBAF5" name="ASIGNACION_TURNO_EMPLEADO_FK">
<createdBy>diegocarvajalarias</createdBy>
<createdTime>2025-10-12 04:30:01 UTC</createdTime>
<generatorID>249D586D-7747-46B2-5534-265EDB0E0CB9</generatorID>
<ownerDesignName>examen_semana09</ownerDesignName>
<referredTableLongName>EMPLEADO</referredTableLongName>
<deleteRule>NO ACTION</deleteRule>
<referredTableID>52C319F5-1264-CC5E-C9C9-74A26BE72695</referredTableID>
<keyObject>A7983810-3B22-9946-D6D5-1F739DCD6502</keyObject>
<referredKeyID>A7983810-3B22-9946-D6D5-1F739DCD6502</referredKeyID>
<mandatory>true</mandatory>
<refColNames>id_empleado</refColNames>
<transferable>true</transferable>
<rely>false</rely>
<columnDependencyConstraintGenerateInDDL>true</columnDependencyConstraintGenerateInDDL>
</FKIndexAssociation>