<?xml version = '1.0' encoding = 'UTF-8'?>
<FKIndexAssociation class="oracle.dbtools.crest.model.design.relational.FKIndexAssociation" directorySegmentName="seg_0" id="D38651D6-F01F-E9C0-A96E-BE402A04A568" containerWithKeyObject="0892EB7D-5433-C075-E51E-BC17A4B66715" localFKIndex="41626D65-429F-D796-0156-BAF999918BD6" name="ORDEN_MANTENCION_TECNICO_MANTENCION_FK">
<createdBy>diegocarvajalarias</createdBy>
<createdTime>2025-10-12 04:30:01 UTC</createdTime>
<generatorID>72147EBE-B970-B639-D40E-0DD8E21DAFC4</generatorID>
<ownerDesignName>examen_semana09</ownerDesignName>
<referredTableLongName>TECNICO_MANTENCION</referredTableLongName>
<deleteRule>NO ACTION</deleteRule>
<referredTableID>A52EE050-D3E1-7802-DAB9-704B9C278AF2</referredTableID>
<keyObject>09266F3E-0F28-FCD6-2AA7-8E243F77D29E</keyObject>
<referredKeyID>09266F3E-0F28-FCD6-2AA7-8E243F77D29E</referredKeyID>
<mandatory>true</mandatory>
<refColNames>id_empleado</refColNames>
<transferable>true</transferable>
<rely>false</rely>
<columnDependencyConstraintGenerateInDDL>true</columnDependencyConstraintGenerateInDDL>
</FKIndexAssociation>