<?xml version = '1.0' encoding = 'UTF-8'?>
<FKIndexAssociation class="oracle.dbtools.crest.model.design.relational.FKIndexAssociation" directorySegmentName="seg_0" id="D5D464D2-4A67-843C-F91D-0B5C7C1A9F33" containerWithKeyObject="52C319F5-1264-CC5E-C9C9-74A26BE72695" localFKIndex="055A4D83-072F-7F51-EBA7-66CA176A9342" name="EMPLEADO_PLANTA_FK">
<createdBy>diegocarvajalarias</createdBy>
<createdTime>2025-10-12 04:30:01 UTC</createdTime>
<generatorID>9BD44DCF-438A-AF39-E71C-88A952702858</generatorID>
<ownerDesignName>examen_semana09</ownerDesignName>
<referredTableLongName>PLANTA</referredTableLongName>
<deleteRule>NO ACTION</deleteRule>
<referredTableID>58302559-9826-1705-C93E-9519B8B38337</referredTableID>
<keyObject>3A1DEA6B-CFAD-BC94-AA3B-F4CAF99DAAFB</keyObject>
<referredKeyID>3A1DEA6B-CFAD-BC94-AA3B-F4CAF99DAAFB</referredKeyID>
<mandatory>true</mandatory>
<refColNames>id_planta</refColNames>
<transferable>true</transferable>
<rely>false</rely>
<columnDependencyConstraintGenerateInDDL>true</columnDependencyConstraintGenerateInDDL>
</FKIndexAssociation>