<?xml version = '1.0' encoding = 'UTF-8'?>
<FKIndexAssociation class="oracle.dbtools.crest.model.design.relational.FKIndexAssociation" directorySegmentName="seg_0" id="DC7B9A98-365E-1178-1E1C-C943158F8D95" containerWithKeyObject="52C319F5-1264-CC5E-C9C9-74A26BE72695" localFKIndex="FFC12322-7734-1ACF-0BF2-1A6F8B61AD6C" name="EMPLEADO_EMPLEADO_FK">
<createdBy>diegocarvajalarias</createdBy>
<createdTime>2025-10-12 04:30:01 UTC</createdTime>
<generatorID>7F677CEF-200A-7CBB-CB0D-83CF033D9DB6</generatorID>
<ownerDesignName>examen_semana09</ownerDesignName>
<referredTableLongName>EMPLEADO</referredTableLongName>
<deleteRule>NO ACTION</deleteRule>
<referredTableID>52C319F5-1264-CC5E-C9C9-74A26BE72695</referredTableID>
<keyObject>A7983810-3B22-9946-D6D5-1F739DCD6502</keyObject>
<referredKeyID>A7983810-3B22-9946-D6D5-1F739DCD6502</referredKeyID>
<mandatory>false</mandatory>
<refColNames>id_empleado</refColNames>
<transferable>true</transferable>
<rely>false</rely>
<columnDependencyConstraintGenerateInDDL>true</columnDependencyConstraintGenerateInDDL>
</FKIndexAssociation>