<?xml version = '1.0' encoding = 'UTF-8'?>
<FKIndexAssociation class="oracle.dbtools.crest.model.design.relational.FKIndexAssociation" directorySegmentName="seg_0" id="E11C5054-1AAD-8E76-2E9A-4ACC177D548F" containerWithKeyObject="BCD097EE-7D6E-8218-7A46-D40A8E8ED6B7" localFKIndex="73BE26BD-AD29-08A1-C755-DC9228EA4211" name="MAQUINA_TIPO_MAQUINA_FK">
<createdBy>diegocarvajalarias</createdBy>
<createdTime>2025-10-12 04:30:01 UTC</createdTime>
<generatorID>EB706EF6-29DB-6149-358C-5339CC12C927</generatorID>
<ownerDesignName>examen_semana09</ownerDesignName>
<referredTableLongName>TIPO_MAQUINA</referredTableLongName>
<deleteRule>NO ACTION</deleteRule>
<referredTableID>9E9A2CBF-2EF4-4A91-E8EE-329B34B9EB8A</referredTableID>
<keyObject>A066CC60-A8AA-68A9-0428-8329F12BDD5B</keyObject>
<referredKeyID>A066CC60-A8AA-68A9-0428-8329F12BDD5B</referredKeyID>
<mandatory>true</mandatory>
<refColNames>id_tipo_maquina</refColNames>
<transferable>true</transferable>
<rely>false</rely>
<columnDependencyConstraintGenerateInDDL>true</columnDependencyConstraintGenerateInDDL>
</FKIndexAssociation>