<?xml version = '1.0' encoding = 'UTF-8'?>
<FKIndexAssociation class="oracle.dbtools.crest.model.design.relational.FKIndexAssociation" directorySegmentName="seg_0" id="E66B3954-8982-2F0C-A475-899181AED7FE" containerWithKeyObject="D180C8DA-A743-9D5C-D8B1-ACEC79CF24E4" localFKIndex="C992F6F0-5403-36E2-CA7A-2B9B7406F1A7" name="OPERARIO_EMPLEADO_FK">
<createdBy>diegocarvajalarias</createdBy>
<createdTime>2025-10-12 04:30:01 UTC</createdTime>
<generatorID>12E81B58-F41D-BF79-5175-ACEC9C9B0A55</generatorID>
<ownerDesignName>examen_semana09</ownerDesignName>
<referredTableLongName>EMPLEADO</referredTableLongName>
<arc>CB960281-1ABD-585B-1A38-DD5FFFCEC8CE</arc>
<deleteRule>NO ACTION</deleteRule>
<referredTableID>52C319F5-1264-CC5E-C9C9-74A26BE72695</referredTableID>
<keyObject>A7983810-3B22-9946-D6D5-1F739DCD6502</keyObject>
<referredKeyID>A7983810-3B22-9946-D6D5-1F739DCD6502</referredKeyID>
<mandatory>true</mandatory>
<refColNames>id_empleado</refColNames>
<transferable>true</transferable>
<rely>false</rely>
<columnDependencyConstraintGenerateInDDL>true</columnDependencyConstraintGenerateInDDL>
</FKIndexAssociation>