<?xml version = '1.0' encoding = 'UTF-8'?>
<FKIndexAssociation class="oracle.dbtools.crest.model.design.relational.FKIndexAssociation" directorySegmentName="seg_0" id="F2FEB0F8-4981-64D5-6E8B-25652B2EE0B1" containerWithKeyObject="A52EE050-D3E1-7802-DAB9-704B9C278AF2" localFKIndex="C12AA7AD-2DDD-FFE0-5E84-B3F5C231D22D" name="TECNICO_MANTENCION_EMPLEADO_FK">
<createdBy>diegocarvajalarias</createdBy>
<createdTime>2025-10-12 04:30:01 UTC</createdTime>
<generatorID>0DE9550A-FD15-0C2C-0020-96FC2320B3E3</generatorID>
<ownerDesignName>examen_semana09</ownerDesignName>
<referredTableLongName>EMPLEADO</referredTableLongName>
<arc>CB960281-1ABD-585B-1A38-DD5FFFCEC8CE</arc>
<deleteRule>NO ACTION</deleteRule>
<referredTableID>52C319F5-1264-CC5E-C9C9-74A26BE72695</referredTableID>
<keyObject>A7983810-3B22-9946-D6D5-1F739DCD6502</keyObject>
<referredKeyID>A7983810-3B22-9946-D6D5-1F739DCD6502</referredKeyID>
<mandatory>true</mandatory>
<refColNames>id_empleado</refColNames>
<transferable>true</transferable>
<rely>false</rely>
<columnDependencyConstraintGenerateInDDL>true</columnDependencyConstraintGenerateInDDL>
</FKIndexAssociation>