<?xml version = '1.0' encoding = 'UTF-8'?>
<FKIndexAssociation class="oracle.dbtools.crest.model.design.relational.FKIndexAssociation" directorySegmentName="seg_0" id="FCE9C42C-6E9C-31A2-C613-FF183C9FEB53" containerWithKeyObject="0892EB7D-5433-C075-E51E-BC17A4B66715" localFKIndex="9FF47857-869A-D405-9CFC-A8CBE599D772" name="ORDEN_MANTENCION_MAQUINA_FK">
<createdBy>diegocarvajalarias</createdBy>
<createdTime>2025-10-12 04:30:01 UTC</createdTime>
<generatorID>1C634CD8-3C14-9483-C8F9-6F6C0E41AF15</generatorID>
<ownerDesignName>examen_semana09</ownerDesignName>
<referredTableLongName>MAQUINA</referredTableLongName>
<deleteRule>NO ACTION</deleteRule>
<referredTableID>BCD097EE-7D6E-8218-7A46-D40A8E8ED6B7</referredTableID>
<keyObject>AA4C29C1-BF47-C5BF-E3DF-9A444ED6B66D</keyObject>
<referredKeyID>AA4C29C1-BF47-C5BF-E3DF-9A444ED6B66D</referredKeyID>
<mandatory>true</mandatory>
<refColNames>numero_maquina,PLANTA_id_planta</refColNames>
<transferable>true</transferable>
<rely>false</rely>
<columnDependencyConstraintGenerateInDDL>true</columnDependencyConstraintGenerateInDDL>
</FKIndexAssociation>