<?xml version = '1.0' encoding = 'UTF-8'?>
<FKIndexAssociation class="oracle.dbtools.crest.model.design.relational.FKIndexAssociation" directorySegmentName="seg_0" id="4C733585-6D36-5BA5-6E6F-681EBC2F2679" containerWithKeyObject="42E5B4E3-A939-79AB-0E4B-DABB28F02391" localFKIndex="58F47126-8EF8-DB94-0BC7-4590DCCF74BD" name="ASIGNACION_HABITACION_HABITACION_FK">
<sourceDDLFile>semana03.sql</sourceDDLFile>
<createdBy>diegocarvajalarias</createdBy>
<createdTime>2025-09-02 02:47:24 UTC</createdTime>
<ownerDesignName>exp03_s03_dcarvajal</ownerDesignName>
<importedID>DD25BCB7-ABEC-7AEA-7843-E70FA130A8F4</importedID>
<referredTableLongName>HABITACION</referredTableLongName>
<deleteRule>NO ACTION</deleteRule>
<referredTableID>B3BB9F85-1868-855D-347F-E3926AD04069</referredTableID>
<keyObject>41B56F4C-C28E-BC14-5720-E24E31873FEE</keyObject>
<referredKeyID>41B56F4C-C28E-BC14-5720-E24E31873FEE</referredKeyID>
<mandatory>true</mandatory>
<refColNames>id_habitacion</refColNames>
<transferable>true</transferable>
<rely>false</rely>
<columnDependencyConstraintGenerateInDDL>true</columnDependencyConstraintGenerateInDDL>
</FKIndexAssociation>