<?xml version = '1.0' encoding = 'UTF-8'?>
<FKIndexAssociation class="oracle.dbtools.crest.model.design.relational.FKIndexAssociation" directorySegmentName="seg_0" id="7066A686-C507-D7EE-41D3-0FE1BE1B72CC" containerWithKeyObject="DDCAF56E-8B0F-C1F6-20AB-1080935C8F8E" localFKIndex="BD36EF46-143D-E0A6-1D4B-65371D93D61E" name="RES_TEMP_RESIDENTE_FK">
<sourceDDLFile>semana03.sql</sourceDDLFile>
<createdBy>diegocarvajalarias</createdBy>
<createdTime>2025-09-02 02:47:24 UTC</createdTime>
<ownerDesignName>exp03_s03_dcarvajal</ownerDesignName>
<importedID>8B092E2F-7795-EB11-4006-50B191036269</importedID>
<referredTableLongName>RESIDENTE</referredTableLongName>
<deleteRule>NO ACTION</deleteRule>
<referredTableID>620F742A-8128-41C5-B14D-61EFDF4E731C</referredTableID>
<keyObject>F09F9BF9-9747-367B-FB9E-16AA362FEDA7</keyObject>
<referredKeyID>F09F9BF9-9747-367B-FB9E-16AA362FEDA7</referredKeyID>
<mandatory>true</mandatory>
<refColNames>id_residente</refColNames>
<transferable>true</transferable>
<rely>false</rely>
<columnDependencyConstraintGenerateInDDL>true</columnDependencyConstraintGenerateInDDL>
</FKIndexAssociation>