<?xml version = '1.0' encoding = 'UTF-8'?>
<FKIndexAssociation class="oracle.dbtools.crest.model.design.relational.FKIndexAssociation" directorySegmentName="seg_0" id="812F42F7-F7D9-BAB9-3E9C-1F86A98AF825" containerWithKeyObject="12EA456A-F275-2EDA-EAAA-4C1D93343A6B" localFKIndex="050A37E3-2AC1-C80B-1769-AA60DA688B89" name="CONTRATO_APODERADO_FK">
<sourceDDLFile>semana03.sql</sourceDDLFile>
<createdBy>diegocarvajalarias</createdBy>
<createdTime>2025-09-02 02:47:24 UTC</createdTime>
<ownerDesignName>exp03_s03_dcarvajal</ownerDesignName>
<importedID>B9196D55-6D03-850C-3242-523F743944D3</importedID>
<referredTableLongName>APODERADO</referredTableLongName>
<deleteRule>NO ACTION</deleteRule>
<referredTableID>D1A9201C-A829-82AE-0A43-6DCB47346089</referredTableID>
<keyObject>58575DB2-D6BB-9ACB-7006-DF1D67362F68</keyObject>
<referredKeyID>58575DB2-D6BB-9ACB-7006-DF1D67362F68</referredKeyID>
<mandatory>true</mandatory>
<refColNames>rut</refColNames>
<transferable>true</transferable>
<rely>false</rely>
<columnDependencyConstraintGenerateInDDL>true</columnDependencyConstraintGenerateInDDL>
</FKIndexAssociation>