<?xml version = '1.0' encoding = 'UTF-8'?>
<FKIndexAssociation class="oracle.dbtools.crest.model.design.relational.FKIndexAssociation" directorySegmentName="seg_0" id="C9370E30-B05C-BBFF-8EAE-02A6CDC75609" containerWithKeyObject="F3CAE1F0-99FC-D65F-228F-EB2624A9B71E" localFKIndex="7F30819F-8693-B414-34E9-19433CC4C1AA" name="CUIDADOR_PERSONAL_FK">
<sourceDDLFile>semana03.sql</sourceDDLFile>
<createdBy>diegocarvajalarias</createdBy>
<createdTime>2025-09-02 02:47:24 UTC</createdTime>
<ownerDesignName>exp03_s03_dcarvajal</ownerDesignName>
<importedID>307B7468-1163-8D53-C74F-97E683AEE78D</importedID>
<referredTableLongName>PERSONAL</referredTableLongName>
<deleteRule>NO ACTION</deleteRule>
<referredTableID>42AF6A8A-00D6-10F5-B840-798E9F0D5CD8</referredTableID>
<keyObject>7C9D1960-4D97-709F-CDFF-BA18C8A0877F</keyObject>
<referredKeyID>7C9D1960-4D97-709F-CDFF-BA18C8A0877F</referredKeyID>
<mandatory>true</mandatory>
<transferable>true</transferable>
<rely>false</rely>
<columnDependencyConstraintGenerateInDDL>true</columnDependencyConstraintGenerateInDDL>
</FKIndexAssociation>