<?xml version = '1.0' encoding = 'UTF-8'?>
<FKIndexAssociation class="oracle.dbtools.crest.model.design.relational.FKIndexAssociation" directorySegmentName="seg_0" id="F332E94F-7647-434E-408D-2147D3AF85A4" containerWithKeyObject="E5BD477D-101B-EDF6-60D9-5DBDE09CB8A1" localFKIndex="09659F27-AC46-F8DD-C7B3-6333748121B9" name="MEDICO_MEDICO_SUPERVISOR_FK">
<createdBy>diegocarvajalarias</createdBy>
<createdTime>2025-09-02 03:32:30 UTC</createdTime>
<generatorID>7E74C261-C2FA-838E-8BA6-137BCA77CD2F</generatorID>
<ownerDesignName>exp03_s03_dcarvajal</ownerDesignName>
<referredTableLongName>MEDICO_SUPERVISOR</referredTableLongName>
<deleteRule>NO ACTION</deleteRule>
<referredTableID>9D99FB0B-6636-2B50-9F35-02668AC3EE75</referredTableID>
<keyObject>2F9C7F4F-AEEB-F608-3628-CEF51AE68578</keyObject>
<referredKeyID>2F9C7F4F-AEEB-F608-3628-CEF51AE68578</referredKeyID>
<mandatory>true</mandatory>
<refColNames>id_medico_supervisor</refColNames>
<transferable>true</transferable>
<rely>false</rely>
<columnDependencyConstraintGenerateInDDL>true</columnDependencyConstraintGenerateInDDL>
</FKIndexAssociation>