<?xml version = '1.0' encoding = 'UTF-8'?>
<Entity class="oracle.dbtools.crest.model.design.logical.Entity" directorySegmentName="seg_0" id="251B2CB8-B74A-84C3-8D2B-B454E906FACD" name="CUIDADOR">
<createdBy>diegocarvajalarias</createdBy>
<createdTime>2025-09-02 02:47:38 UTC</createdTime>
<generatorID>F3CAE1F0-99FC-D65F-228F-EB2624A9B71E</generatorID>
<ownerDesignName>exp03_s03_dcarvajal</ownerDesignName>
<engineerTo>
<item key="087077CE-AFD7-CB8B-4824-1384F4B87775" value="true"/>
</engineerTo>
<adequatelyNormalized>NO</adequatelyNormalized>
<expectedVolumes>0</expectedVolumes>
<fwdEngineeringStrategyName>Single Table</fwdEngineeringStrategyName>
<growthPercent>0</growthPercent>
<growthType>Year</growthType>
<hierarchicalParent>D92EAAF8-897E-0208-119A-9679F59E68CE</hierarchicalParent>
<maxVolumes>9999999</maxVolumes>
<minVolumes>0</minVolumes>
<normalForm>Third</normalForm>
<attributes itemClass="oracle.dbtools.crest.model.design.logical.Attribute">
<Attribute name="labores" id="0FBC87C6-2FC0-CBC0-7DE2-243FC0170C1D">
<createdBy>diegocarvajalarias</createdBy>
<createdTime>2025-09-02 03:26:39 UTC</createdTime>
<ownerDesignName>exp03_s03_dcarvajal</ownerDesignName>
<engineerTo>
<item key="087077CE-AFD7-CB8B-4824-1384F4B87775" value="true"/>
</engineerTo>
<nullsAllowed>true</nullsAllowed>
<useDomainConstraints>false</useDomainConstraints>
<use>1</use>
<logicalDatatype>LOGDT024</logicalDatatype>
<dataTypeSize>250</dataTypeSize>
<ownDataTypeParameters>250,,</ownDataTypeParameters>
</Attribute>
<Attribute name="cuidador_id" id="3C7BB14D-FF2D-D76A-FDBE-AF618D513254">
<createdBy>diegocarvajalarias</createdBy>
<createdTime>2025-09-02 03:27:15 UTC</createdTime>
<ownerDesignName>exp03_s03_dcarvajal</ownerDesignName>
<engineerTo>
<item key="087077CE-AFD7-CB8B-4824-1384F4B87775" value="true"/>
</engineerTo>
<useDomainConstraints>false</useDomainConstraints>
<use>1</use>
<logicalDatatype>LOGDT019</logicalDatatype>
<dataTypePrecision>10</dataTypePrecision>
<ownDataTypeParameters>,10,</ownDataTypeParameters>
</Attribute>
</attributes>
<identifiers itemClass="oracle.dbtools.crest.model.design.logical.CandidateKey">
<identifier id="CCAD44D3-126B-492D-FD4F-432A88AE5B90" name="CUIDADOR PK">
<createdBy>diegocarvajalarias</createdBy>
<createdTime>2025-09-02 02:47:38 UTC</createdTime>
<generatorID>B3A314BF-235C-F597-EC4E-D98EE762C6DF</generatorID>
<ownerDesignName>exp03_s03_dcarvajal</ownerDesignName>
<engineerTo>
<item key="087077CE-AFD7-CB8B-4824-1384F4B87775" value="true"/>
</engineerTo>
<pk>true</pk>
<usedAttributes>
<attributeRef>3C7BB14D-FF2D-D76A-FDBE-AF618D513254</attributeRef>
</usedAttributes>
</identifier>
</identifiers>
</Entity>