<?xml version = '1.0' encoding = 'UTF-8'?>
<Entity class="oracle.dbtools.crest.model.design.logical.Entity" directorySegmentName="seg_0" id="CCF85046-D5FB-33FB-00CF-6349F76B54C4" name="RESIDENTE TEMPORAL">
<createdBy>diegocarvajalarias</createdBy>
<createdTime>2025-09-02 02:47:38 UTC</createdTime>
<generatorID>DDCAF56E-8B0F-C1F6-20AB-1080935C8F8E</generatorID>
<ownerDesignName>exp03_s03_dcarvajal</ownerDesignName>
<engineerTo>
<item key="087077CE-AFD7-CB8B-4824-1384F4B87775" value="true"/>
</engineerTo>
<adequatelyNormalized>NO</adequatelyNormalized>
<expectedVolumes>0</expectedVolumes>
<fwdEngineeringStrategyName>Single Table</fwdEngineeringStrategyName>
<growthPercent>0</growthPercent>
<growthType>Year</growthType>
<hierarchicalParent>0569E977-CE3D-B332-74E4-AE836C78CA94</hierarchicalParent>
<maxVolumes>9999999</maxVolumes>
<minVolumes>0</minVolumes>
<normalForm>Third</normalForm>
<attributes itemClass="oracle.dbtools.crest.model.design.logical.Attribute">
<Attribute name="dias_estadia" id="8269C8C7-E789-4A67-C049-FF2F96D8EAFC">
<createdBy>diegocarvajalarias</createdBy>
<createdTime>2025-09-02 02:47:38 UTC</createdTime>
<generatorID>AC218119-3666-09B2-C419-00654BA559D7</generatorID>
<ownerDesignName>exp03_s03_dcarvajal</ownerDesignName>
<engineerTo>
<item key="087077CE-AFD7-CB8B-4824-1384F4B87775" value="true"/>
</engineerTo>
<useDomainConstraints>false</useDomainConstraints>
<use>1</use>
<logicalDatatype>LOGDT019</logicalDatatype>
<dataTypePrecision>5</dataTypePrecision>
<ownDataTypeParameters>,5,</ownDataTypeParameters>
</Attribute>
</attributes>
</Entity>