<?xml version = '1.0' encoding = 'UTF-8'?>
<Entity class="oracle.dbtools.crest.model.design.logical.Entity" directorySegmentName="seg_0" id="E5640498-FFD1-209C-E983-FE023EEC7121" name="MEDICO_SUPERVISOR">
<createdBy>diegocarvajalarias</createdBy>
<createdTime>2025-09-02 03:28:25 UTC</createdTime>
<ownerDesignName>exp03_s03_dcarvajal</ownerDesignName>
<engineerTo>
<item key="087077CE-AFD7-CB8B-4824-1384F4B87775" value="true"/>
</engineerTo>
<adequatelyNormalized>NO</adequatelyNormalized>
<expectedVolumes>0</expectedVolumes>
<fwdEngineeringStrategyName>Single Table</fwdEngineeringStrategyName>
<growthPercent>0</growthPercent>
<growthType>Year</growthType>
<maxVolumes>9999999</maxVolumes>
<minVolumes>0</minVolumes>
<normalForm>Third</normalForm>
<attributes itemClass="oracle.dbtools.crest.model.design.logical.Attribute">
<Attribute name="id_medico_supervisor" id="99614D4F-C396-3B46-ED28-35DFD5FC8CCB">
<createdBy>diegocarvajalarias</createdBy>
<createdTime>2025-09-02 03:28:51 UTC</createdTime>
<ownerDesignName>exp03_s03_dcarvajal</ownerDesignName>
<engineerTo>
<item key="087077CE-AFD7-CB8B-4824-1384F4B87775" value="true"/>
</engineerTo>
<useDomainConstraints>false</useDomainConstraints>
<use>1</use>
<logicalDatatype>LOGDT019</logicalDatatype>
<dataTypePrecision>10</dataTypePrecision>
<ownDataTypeParameters>,10,</ownDataTypeParameters>
</Attribute>
<Attribute name="nombre" id="3EBFBA17-83B0-7481-BA46-F4FC2B82F010">
<createdBy>diegocarvajalarias</createdBy>
<createdTime>2025-09-02 03:29:26 UTC</createdTime>
<ownerDesignName>exp03_s03_dcarvajal</ownerDesignName>
<engineerTo>
<item key="087077CE-AFD7-CB8B-4824-1384F4B87775" value="true"/>
</engineerTo>
<nullsAllowed>true</nullsAllowed>
<useDomainConstraints>false</useDomainConstraints>
<use>1</use>
<logicalDatatype>LOGDT024</logicalDatatype>
<dataTypeSize>150</dataTypeSize>
<ownDataTypeParameters>150,,</ownDataTypeParameters>
</Attribute>
</attributes>
<identifiers itemClass="oracle.dbtools.crest.model.design.logical.CandidateKey">
<identifier id="4E5038FF-ECAC-E4CE-D05C-41E13C13C8D6" name="MEDICO_SUPERVISOR PK">
<createdBy>diegocarvajalarias</createdBy>
<createdTime>2025-09-02 03:29:12 UTC</createdTime>
<ownerDesignName>exp03_s03_dcarvajal</ownerDesignName>
<engineerTo>
<item key="087077CE-AFD7-CB8B-4824-1384F4B87775" value="true"/>
</engineerTo>
<pk>true</pk>
<usedAttributes>
<attributeRef>99614D4F-C396-3B46-ED28-35DFD5FC8CCB</attributeRef>
</usedAttributes>
</identifier>
</identifiers>
</Entity>