<?xml version = '1.0' encoding = 'UTF-8'?>
<Table class="oracle.dbtools.crest.model.design.relational.Table" directorySegmentName="seg_0" id="0892EB7D-5433-C075-E51E-BC17A4B66715" name="ORDEN_MANTENCION">
<createdBy>diegocarvajalarias</createdBy>
<createdTime>2025-10-12 04:30:01 UTC</createdTime>
<generatorID>5FA9D022-F1B6-8846-70E0-D49BF49FB360</generatorID>
<ownerDesignName>examen_semana09</ownerDesignName>
<allowColumnReorder>false</allowColumnReorder>
<existDependencyGenerateInDDl>true</existDependencyGenerateInDDl>
<parsed>true</parsed>
<columns itemClass="oracle.dbtools.crest.model.design.relational.Column">
<Column name="id_orden_mantencion" id="07D280D2-76D4-FF44-4DFF-FC475E90CAFA">
<createdBy>diegocarvajalarias</createdBy>
<createdTime>2025-10-12 04:30:01 UTC</createdTime>
<generatorID>7A3303F6-8B84-C49B-EED5-E906771A27F9</generatorID>
<ownerDesignName>examen_semana09</ownerDesignName>
<useDomainConstraints>false</useDomainConstraints>
<use>1</use>
<logicalDatatype>LOGDT019</logicalDatatype>
<dataTypePrecision>8</dataTypePrecision>
<ownDataTypeParameters>,8,</ownDataTypeParameters>
<autoIncrementCycle>false</autoIncrementCycle>
</Column>
<Column name="fecha_programada" id="41F9A40C-B9A8-C15D-D76D-CF21EF29AA56">
<createdBy>diegocarvajalarias</createdBy>
<createdTime>2025-10-12 04:30:01 UTC</createdTime>
<generatorID>3CB44A25-4349-977A-5F5F-0CD2D7CBDAC9</generatorID>
<ownerDesignName>examen_semana09</ownerDesignName>
<useDomainConstraints>false</useDomainConstraints>
<use>1</use>
<logicalDatatype>LOGDT007</logicalDatatype>
<ownDataTypeParameters>,,</ownDataTypeParameters>
<autoIncrementCycle>false</autoIncrementCycle>
</Column>
<Column name="fecha_ejecucion" id="2D4E3E80-D815-DAC4-A7BE-FB776189E168">
<createdBy>diegocarvajalarias</createdBy>
<createdTime>2025-10-12 04:30:01 UTC</createdTime>
<generatorID>B8702BA9-D84B-333F-2E44-0801A1FABACD</generatorID>
<ownerDesignName>examen_semana09</ownerDesignName>
<nullsAllowed>true</nullsAllowed>
<useDomainConstraints>false</useDomainConstraints>
<use>1</use>
<logicalDatatype>LOGDT007</logicalDatatype>
<ownDataTypeParameters>,,</ownDataTypeParameters>
<autoIncrementCycle>false</autoIncrementCycle>
</Column>
<Column name="descripcion_trabajo" id="5174C351-4679-8757-5969-EB2EEB28AFF2">
<createdBy>diegocarvajalarias</createdBy>
<createdTime>2025-10-12 04:30:01 UTC</createdTime>
<generatorID>160CF32D-AB19-3A06-C5E7-A9A7D98ED0F4</generatorID>
<ownerDesignName>examen_semana09</ownerDesignName>
<useDomainConstraints>false</useDomainConstraints>
<use>1</use>
<logicalDatatype>LOGDT024</logicalDatatype>
<dataTypeSize>255</dataTypeSize>
<ownDataTypeParameters>255,,</ownDataTypeParameters>
<autoIncrementCycle>false</autoIncrementCycle>
</Column>
<Column name="MAQUINA_numero_maquina" id="4976ACB6-0E9F-E822-B781-421A355B9FD8">
<createdBy>diegocarvajalarias</createdBy>
<createdTime>2025-10-12 04:30:01 UTC</createdTime>
<generatorID>00C1B9F0-A69D-E205-389E-74F791EDF3FB</generatorID>
<ownerDesignName>examen_semana09</ownerDesignName>
<useDomainConstraints>false</useDomainConstraints>
<use>1</use>
<logicalDatatype>LOGDT019</logicalDatatype>
<dataTypePrecision>5</dataTypePrecision>
<ownDataTypeParameters>,,</ownDataTypeParameters>
<previousColumn>false</previousColumn>
<autoIncrementCycle>false</autoIncrementCycle>
<associations>
<colAssociation fkAssociation="FCE9C42C-6E9C-31A2-C613-FF183C9FEB53" referredColumn="45D2615A-D3DB-DB6B-8666-B2C4975B8F2B"/>
</associations>
</Column>
<Column name="MAQUINA_PLANTA_id_planta" id="9A4419DB-6FE6-7699-9A6F-4D8DF7F3E1D8">
<createdBy>diegocarvajalarias</createdBy>
<createdTime>2025-10-12 04:30:01 UTC</createdTime>
<generatorID>3744E073-5079-BBC7-91F7-5876DBC67889</generatorID>
<ownerDesignName>examen_semana09</ownerDesignName>
<useDomainConstraints>false</useDomainConstraints>
<use>1</use>
<logicalDatatype>LOGDT019</logicalDatatype>
<dataTypePrecision>10</dataTypePrecision>
<ownDataTypeParameters>,,</ownDataTypeParameters>
<previousColumn>false</previousColumn>
<autoIncrementCycle>false</autoIncrementCycle>
<associations>
<colAssociation fkAssociation="FCE9C42C-6E9C-31A2-C613-FF183C9FEB53" referredColumn="C3778DDE-B129-2138-F8D5-C0CF9C618E10"/>
</associations>
</Column>
<Column name="TECNICO_MANTENCION_id_empleado" id="30CDC40B-2E81-A2A1-2A7F-4800C28EC159">
<createdBy>diegocarvajalarias</createdBy>
<createdTime>2025-10-12 04:30:01 UTC</createdTime>
<generatorID>93BD3464-6D43-87E9-A185-1BFAB87BEAB6</generatorID>
<ownerDesignName>examen_semana09</ownerDesignName>
<useDomainConstraints>false</useDomainConstraints>
<use>1</use>
<logicalDatatype>LOGDT019</logicalDatatype>
<dataTypePrecision>5</dataTypePrecision>
<ownDataTypeParameters>,,</ownDataTypeParameters>
<previousColumn>false</previousColumn>
<autoIncrementCycle>false</autoIncrementCycle>
<associations>
<colAssociation fkAssociation="D38651D6-F01F-E9C0-A96E-BE402A04A568" referredColumn="CB3C4249-6CD4-07C1-9D62-676FEBB09194"/>
</associations>
</Column>
</columns>
<indexes itemClass="oracle.dbtools.crest.model.design.relational.Index">
<ind_PK_UK id="DE9E5848-FC7F-46A3-B5C1-2893E2053D94" name="ORDEN_MANTENCION_PK">
<createdBy>diegocarvajalarias</createdBy>
<createdTime>2025-10-12 04:30:01 UTC</createdTime>
<generatorID>18EA56F8-F514-CBE4-CC66-996730643531</generatorID>
<ownerDesignName>examen_semana09</ownerDesignName>
<pk>true</pk>
<indexState>Primary Constraint</indexState>
<isSurrogateKey>false</isSurrogateKey>
<indexColumnUsage>
<colUsage columnID="07D280D2-76D4-FF44-4DFF-FC475E90CAFA"/>
<colUsage columnID="30CDC40B-2E81-A2A1-2A7F-4800C28EC159"/>
</indexColumnUsage>
</ind_PK_UK>
<ind_PK_UK id="9FF47857-869A-D405-9CFC-A8CBE599D772" name="ORDEN_MANTENCION_MAQUINA_FK">
<createdBy>diegocarvajalarias</createdBy>
<createdTime>2025-10-12 04:30:01 UTC</createdTime>
<generatorID>1C634CD8-3C14-9483-C8F9-6F6C0E41AF15</generatorID>
<ownerDesignName>examen_semana09</ownerDesignName>
<indexState>Foreign Key</indexState>
<isSurrogateKey>false</isSurrogateKey>
<indexColumnUsage>
<colUsage columnID="4976ACB6-0E9F-E822-B781-421A355B9FD8"/>
<colUsage columnID="9A4419DB-6FE6-7699-9A6F-4D8DF7F3E1D8"/>
</indexColumnUsage>
</ind_PK_UK>
<ind_PK_UK id="41626D65-429F-D796-0156-BAF999918BD6" name="ORDEN_MANTENCION_TECNICO_MANTENCION_FK">
<createdBy>diegocarvajalarias</createdBy>
<createdTime>2025-10-12 04:30:01 UTC</createdTime>
<generatorID>72147EBE-B970-B639-D40E-0DD8E21DAFC4</generatorID>
<ownerDesignName>examen_semana09</ownerDesignName>
<indexState>Foreign Key</indexState>
<isSurrogateKey>false</isSurrogateKey>
<indexColumnUsage>
<colUsage columnID="30CDC40B-2E81-A2A1-2A7F-4800C28EC159"/>
</indexColumnUsage>
</ind_PK_UK>
</indexes>
</Table>