<?xml version = '1.0' encoding = 'UTF-8'?>
<Table class="oracle.dbtools.crest.model.design.relational.Table" directorySegmentName="seg_0" id="3EA07C22-C8C3-EB87-2D24-B97CDE5B265D" name="JEFE_TURNO">
<createdBy>diegocarvajalarias</createdBy>
<createdTime>2025-10-12 04:30:01 UTC</createdTime>
<generatorID>551E791D-8CEA-8313-B4D1-58FC6FBD673D</generatorID>
<ownerDesignName>examen_semana09</ownerDesignName>
<allowColumnReorder>false</allowColumnReorder>
<existDependencyGenerateInDDl>true</existDependencyGenerateInDDl>
<parsed>true</parsed>
<columns itemClass="oracle.dbtools.crest.model.design.relational.Column">
<Column name="id_empleado" id="A53A0EDE-7A0B-CE79-29C9-0069CE4EC8A7">
<createdBy>diegocarvajalarias</createdBy>
<createdTime>2025-10-12 04:30:01 UTC</createdTime>
<generatorID>45B7036A-4F44-F57C-3537-8A68CE2DF6BD</generatorID>
<ownerDesignName>examen_semana09</ownerDesignName>
<useDomainConstraints>false</useDomainConstraints>
<use>1</use>
<logicalDatatype>LOGDT019</logicalDatatype>
<dataTypePrecision>5</dataTypePrecision>
<ownDataTypeParameters>,,</ownDataTypeParameters>
<autoIncrementCycle>false</autoIncrementCycle>
<associations>
<colAssociation fkAssociation="6750E3B5-AE18-BFF9-80F9-9FF8D38F8BDB" referredColumn="6C978719-C972-2B31-15B0-42876D70B841"/>
</associations>
</Column>
<Column name="area_responsabilidad" id="BE3CC19E-6A79-B45F-ABB7-C549834BB657">
<createdBy>diegocarvajalarias</createdBy>
<createdTime>2025-10-12 04:30:01 UTC</createdTime>
<generatorID>9658809D-C7AB-5D3F-9C71-01D9667C2A34</generatorID>
<ownerDesignName>examen_semana09</ownerDesignName>
<useDomainConstraints>false</useDomainConstraints>
<use>1</use>
<logicalDatatype>LOGDT024</logicalDatatype>
<dataTypeSize>50</dataTypeSize>
<ownDataTypeParameters>50,,</ownDataTypeParameters>
<autoIncrementCycle>false</autoIncrementCycle>
</Column>
<Column name="max_operarios_coordinar" id="149B368E-C4B7-2FD8-5BE1-92727F28B2BE">
<createdBy>diegocarvajalarias</createdBy>
<createdTime>2025-10-12 04:30:01 UTC</createdTime>
<generatorID>170A03B8-D309-A06C-FDE2-1E2FA3BA678F</generatorID>
<ownerDesignName>examen_semana09</ownerDesignName>
<nullsAllowed>true</nullsAllowed>
<useDomainConstraints>false</useDomainConstraints>
<use>1</use>
<logicalDatatype>LOGDT019</logicalDatatype>
<dataTypePrecision>3</dataTypePrecision>
<ownDataTypeParameters>,3,</ownDataTypeParameters>
<autoIncrementCycle>false</autoIncrementCycle>
</Column>
</columns>
<indexes itemClass="oracle.dbtools.crest.model.design.relational.Index">
<ind_PK_UK id="D1D8C95A-6402-B50A-978C-92A8E67DC5F0" name="JEFE_TURNO_PK">
<createdBy>diegocarvajalarias</createdBy>
<createdTime>2025-10-12 04:30:01 UTC</createdTime>
<generatorID>5ADC7305-2AB8-F058-D3DC-83A274AA282F</generatorID>
<ownerDesignName>examen_semana09</ownerDesignName>
<pk>true</pk>
<indexState>Primary Constraint</indexState>
<isSurrogateKey>false</isSurrogateKey>
<indexColumnUsage>
<colUsage columnID="A53A0EDE-7A0B-CE79-29C9-0069CE4EC8A7"/>
</indexColumnUsage>
</ind_PK_UK>
<ind_PK_UK id="61EA33B2-8747-59E3-A391-2EC5389CCE3F" name="JEFE_TURNO_EMPLEADO_FK">
<createdBy>diegocarvajalarias</createdBy>
<createdTime>2025-10-12 04:30:01 UTC</createdTime>
<generatorID>A1D91FCD-B7B6-64FE-B966-D17B8622ECC6</generatorID>
<ownerDesignName>examen_semana09</ownerDesignName>
<indexState>Foreign Key</indexState>
<isSurrogateKey>false</isSurrogateKey>
<indexColumnUsage>
<colUsage columnID="A53A0EDE-7A0B-CE79-29C9-0069CE4EC8A7"/>
</indexColumnUsage>
</ind_PK_UK>
</indexes>
</Table>