<?xml version = '1.0' encoding = 'UTF-8'?>
<Table class="oracle.dbtools.crest.model.design.relational.Table" directorySegmentName="seg_0" id="58302559-9826-1705-C93E-9519B8B38337" name="PLANTA">
<createdBy>diegocarvajalarias</createdBy>
<createdTime>2025-10-12 04:30:01 UTC</createdTime>
<generatorID>F36B88EB-1C49-0926-8FD4-2324A1F4BE30</generatorID>
<ownerDesignName>examen_semana09</ownerDesignName>
<allowColumnReorder>false</allowColumnReorder>
<existDependencyGenerateInDDl>true</existDependencyGenerateInDDl>
<parsed>true</parsed>
<columns itemClass="oracle.dbtools.crest.model.design.relational.Column">
<Column name="id_planta" id="C345483B-4BEE-2916-6E1F-BF0817C26BEF">
<createdBy>diegocarvajalarias</createdBy>
<createdTime>2025-10-12 04:30:01 UTC</createdTime>
<generatorID>38E8BB8D-CEBA-DA83-E15A-573750153BF2</generatorID>
<ownerDesignName>examen_semana09</ownerDesignName>
<useDomainConstraints>false</useDomainConstraints>
<use>1</use>
<logicalDatatype>LOGDT019</logicalDatatype>
<dataTypePrecision>10</dataTypePrecision>
<ownDataTypeParameters>,10,</ownDataTypeParameters>
<autoIncrementCycle>false</autoIncrementCycle>
</Column>
<Column name="nombre_de_planta" id="285E6C95-844B-1BD5-BD6A-C3523DB20CA0">
<createdBy>diegocarvajalarias</createdBy>
<createdTime>2025-10-12 04:30:01 UTC</createdTime>
<generatorID>FE2BF13C-8E07-CAE9-3483-B40BD868F098</generatorID>
<ownerDesignName>examen_semana09</ownerDesignName>
<useDomainConstraints>false</useDomainConstraints>
<use>1</use>
<logicalDatatype>LOGDT024</logicalDatatype>
<dataTypeSize>255</dataTypeSize>
<ownDataTypeParameters>255,,</ownDataTypeParameters>
<autoIncrementCycle>false</autoIncrementCycle>
</Column>
<Column name="dirreccion" id="40C2A7AD-A35F-4F7B-E4BD-A86C3DBF4550">
<createdBy>diegocarvajalarias</createdBy>
<createdTime>2025-10-12 04:30:01 UTC</createdTime>
<generatorID>7EA70611-33DE-D60A-CF42-35B055B553B2</generatorID>
<ownerDesignName>examen_semana09</ownerDesignName>
<useDomainConstraints>false</useDomainConstraints>
<use>1</use>
<logicalDatatype>LOGDT024</logicalDatatype>
<dataTypeSize>255</dataTypeSize>
<ownDataTypeParameters>255,,</ownDataTypeParameters>
<autoIncrementCycle>false</autoIncrementCycle>
</Column>
<Column name="comuna_id" id="7059170E-2164-C541-9386-8089F78D40F8">
<createdBy>diegocarvajalarias</createdBy>
<createdTime>2025-10-12 04:30:01 UTC</createdTime>
<generatorID>476B8915-B2EE-D280-48E0-B6998460C963</generatorID>
<ownerDesignName>examen_semana09</ownerDesignName>
<nullsAllowed>true</nullsAllowed>
<useDomainConstraints>false</useDomainConstraints>
<use>1</use>
<logicalDatatype>LOGDT019</logicalDatatype>
<dataTypePrecision>4</dataTypePrecision>
<ownDataTypeParameters>,4,</ownDataTypeParameters>
<autoIncrementCycle>false</autoIncrementCycle>
</Column>
<Column name="COMUNA_id_comuna" id="3E4A5435-1FB7-30F7-3CC1-B047A4BFE3F0">
<createdBy>diegocarvajalarias</createdBy>
<createdTime>2025-10-12 04:30:01 UTC</createdTime>
<generatorID>EE9D2F39-04C7-703B-4E15-6EE99A61F860</generatorID>
<ownerDesignName>examen_semana09</ownerDesignName>
<useDomainConstraints>false</useDomainConstraints>
<use>1</use>
<logicalDatatype>LOGDT019</logicalDatatype>
<dataTypePrecision>4</dataTypePrecision>
<ownDataTypeParameters>,,</ownDataTypeParameters>
<previousColumn>false</previousColumn>
<autoIncrementCycle>false</autoIncrementCycle>
<associations>
<colAssociation fkAssociation="370ED170-7B2C-7392-DC1C-C9C0F877D167" referredColumn="665093C0-8A21-A2C2-FB18-C624F5E54703"/>
</associations>
</Column>
</columns>
<indexes itemClass="oracle.dbtools.crest.model.design.relational.Index">
<ind_PK_UK id="3A1DEA6B-CFAD-BC94-AA3B-F4CAF99DAAFB" name="PLANTA_PK">
<createdBy>diegocarvajalarias</createdBy>
<createdTime>2025-10-12 04:30:01 UTC</createdTime>
<generatorID>29264E8D-6AA6-4AF3-E87A-9C05041D37F9</generatorID>
<ownerDesignName>examen_semana09</ownerDesignName>
<pk>true</pk>
<indexState>Primary Constraint</indexState>
<isSurrogateKey>false</isSurrogateKey>
<indexColumnUsage>
<colUsage columnID="C345483B-4BEE-2916-6E1F-BF0817C26BEF"/>
</indexColumnUsage>
</ind_PK_UK>
<ind_PK_UK id="6E07D18D-AC1E-C107-5799-16E6527AD45B" name="PLANTA_COMUNA_FK">
<createdBy>diegocarvajalarias</createdBy>
<createdTime>2025-10-12 04:30:01 UTC</createdTime>
<generatorID>437A4C3C-28B0-65D6-500C-BC423B4F87F2</generatorID>
<ownerDesignName>examen_semana09</ownerDesignName>
<indexState>Foreign Key</indexState>
<isSurrogateKey>false</isSurrogateKey>
<indexColumnUsage>
<colUsage columnID="3E4A5435-1FB7-30F7-3CC1-B047A4BFE3F0"/>
</indexColumnUsage>
</ind_PK_UK>
</indexes>
</Table>