<?xml version = '1.0' encoding = 'UTF-8'?>
<Table class="oracle.dbtools.crest.model.design.relational.Table" directorySegmentName="seg_0" id="72271E22-DF28-C69B-D3C4-0F5C3727197E" name="COMUNA">
<createdBy>diegocarvajalarias</createdBy>
<createdTime>2025-10-12 04:30:00 UTC</createdTime>
<generatorID>5E05F870-7217-03EB-075F-21BA31EB5758</generatorID>
<ownerDesignName>examen_semana09</ownerDesignName>
<allowColumnReorder>false</allowColumnReorder>
<existDependencyGenerateInDDl>true</existDependencyGenerateInDDl>
<parsed>true</parsed>
<columns itemClass="oracle.dbtools.crest.model.design.relational.Column">
<Column name="id_comuna" id="665093C0-8A21-A2C2-FB18-C624F5E54703">
<createdBy>diegocarvajalarias</createdBy>
<createdTime>2025-10-12 04:30:00 UTC</createdTime>
<generatorID>5CA4C253-973C-9180-CC0F-2EFA9D8369B8</generatorID>
<ownerDesignName>examen_semana09</ownerDesignName>
<useDomainConstraints>false</useDomainConstraints>
<use>1</use>
<logicalDatatype>LOGDT019</logicalDatatype>
<dataTypePrecision>4</dataTypePrecision>
<ownDataTypeParameters>,4,</ownDataTypeParameters>
<autoIncrementCycle>false</autoIncrementCycle>
</Column>
<Column name="nombre_comuna" id="989C06FE-210E-0CF4-A561-EC41645CD971">
<createdBy>diegocarvajalarias</createdBy>
<createdTime>2025-10-12 04:30:00 UTC</createdTime>
<generatorID>71C76184-0677-F56B-A34E-DA8DB2FE6F31</generatorID>
<ownerDesignName>examen_semana09</ownerDesignName>
<useDomainConstraints>false</useDomainConstraints>
<use>1</use>
<logicalDatatype>LOGDT024</logicalDatatype>
<dataTypeSize>255</dataTypeSize>
<ownDataTypeParameters>255,,</ownDataTypeParameters>
<autoIncrementCycle>false</autoIncrementCycle>
</Column>
<Column name="REGION_id_region" id="D747A28F-38A6-5752-378F-36CB8C90DD98">
<createdBy>diegocarvajalarias</createdBy>
<createdTime>2025-10-12 04:30:00 UTC</createdTime>
<generatorID>49B9B343-2BDF-EF5D-8825-60E68E5184B9</generatorID>
<ownerDesignName>examen_semana09</ownerDesignName>
<useDomainConstraints>false</useDomainConstraints>
<use>1</use>
<logicalDatatype>LOGDT019</logicalDatatype>
<dataTypePrecision>10</dataTypePrecision>
<ownDataTypeParameters>,,</ownDataTypeParameters>
<previousColumn>false</previousColumn>
<autoIncrementCycle>false</autoIncrementCycle>
<associations>
<colAssociation fkAssociation="417297A2-8D42-F96A-37E1-6A9E70D30153" referredColumn="ED74051A-D346-4678-0CF2-1B9792A5096A"/>
</associations>
</Column>
</columns>
<indexes itemClass="oracle.dbtools.crest.model.design.relational.Index">
<ind_PK_UK id="83A118F6-E1A0-B23C-9FEC-F4E762CB1968" name="COMUNA_PK">
<createdBy>diegocarvajalarias</createdBy>
<createdTime>2025-10-12 04:30:00 UTC</createdTime>
<generatorID>59B7B432-F041-010F-FE74-4F913E504CC0</generatorID>
<ownerDesignName>examen_semana09</ownerDesignName>
<pk>true</pk>
<indexState>Primary Constraint</indexState>
<isSurrogateKey>false</isSurrogateKey>
<indexColumnUsage>
<colUsage columnID="665093C0-8A21-A2C2-FB18-C624F5E54703"/>
</indexColumnUsage>
</ind_PK_UK>
<ind_PK_UK id="FF5ADFD4-2DD0-8138-6876-BAE6FBB5B75C" name="COMUNA_REGION_FK">
<createdBy>diegocarvajalarias</createdBy>
<createdTime>2025-10-12 04:30:01 UTC</createdTime>
<generatorID>BA8AC490-7A28-4329-D5C8-E62DB397F82A</generatorID>
<ownerDesignName>examen_semana09</ownerDesignName>
<indexState>Foreign Key</indexState>
<isSurrogateKey>false</isSurrogateKey>
<indexColumnUsage>
<colUsage columnID="D747A28F-38A6-5752-378F-36CB8C90DD98"/>
</indexColumnUsage>
</ind_PK_UK>
</indexes>
</Table>