<?xml version = '1.0' encoding = 'UTF-8'?>
<Table class="oracle.dbtools.crest.model.design.relational.Table" directorySegmentName="seg_0" id="936DAA92-E338-5948-A030-37584ED894F9" name="ASIGNACION_TURNO">
<createdBy>diegocarvajalarias</createdBy>
<createdTime>2025-10-12 04:30:00 UTC</createdTime>
<generatorID>7281F282-2C77-5157-A565-D03DA6A19439</generatorID>
<ownerDesignName>examen_semana09</ownerDesignName>
<allowColumnReorder>false</allowColumnReorder>
<existDependencyGenerateInDDl>true</existDependencyGenerateInDDl>
<parsed>true</parsed>
<columns itemClass="oracle.dbtools.crest.model.design.relational.Column">
<Column name="fecha" id="F5865ACD-C8D7-7111-74BD-3C8B6E4634E7">
<createdBy>diegocarvajalarias</createdBy>
<createdTime>2025-10-12 04:30:00 UTC</createdTime>
<generatorID>33AB2720-F5A9-3DDE-BFB9-E9BF8A674E59</generatorID>
<ownerDesignName>examen_semana09</ownerDesignName>
<useDomainConstraints>false</useDomainConstraints>
<use>1</use>
<logicalDatatype>LOGDT007</logicalDatatype>
<ownDataTypeParameters>,,</ownDataTypeParameters>
<autoIncrementCycle>false</autoIncrementCycle>
</Column>
<Column name="rol_desempenado" id="231610DA-730F-934D-8C35-769758B2E0D2">
<createdBy>diegocarvajalarias</createdBy>
<createdTime>2025-10-12 04:30:00 UTC</createdTime>
<generatorID>97861FFE-179E-41BA-A6DF-AD02A0EAFF17</generatorID>
<ownerDesignName>examen_semana09</ownerDesignName>
<nullsAllowed>true</nullsAllowed>
<useDomainConstraints>false</useDomainConstraints>
<use>1</use>
<logicalDatatype>LOGDT024</logicalDatatype>
<dataTypeSize>30</dataTypeSize>
<ownDataTypeParameters>30,,</ownDataTypeParameters>
<autoIncrementCycle>false</autoIncrementCycle>
</Column>
<Column name="EMPLEADO_id_empleado" id="8AC5EDE1-F971-2027-0D6D-7F5913AD9F2F">
<createdBy>diegocarvajalarias</createdBy>
<createdTime>2025-10-12 04:30:00 UTC</createdTime>
<generatorID>FBD0D15B-33D8-9961-128E-972502D4EF57</generatorID>
<ownerDesignName>examen_semana09</ownerDesignName>
<useDomainConstraints>false</useDomainConstraints>
<use>1</use>
<logicalDatatype>LOGDT019</logicalDatatype>
<dataTypePrecision>5</dataTypePrecision>
<ownDataTypeParameters>,,</ownDataTypeParameters>
<previousColumn>false</previousColumn>
<autoIncrementCycle>false</autoIncrementCycle>
<associations>
<colAssociation fkAssociation="7B65EA49-5FD5-6887-DB15-153341ED7D13" referredColumn="6C978719-C972-2B31-15B0-42876D70B841"/>
</associations>
</Column>
<Column name="MAQUINA_numero_maquina" id="5133F73A-86D2-175C-5C4A-4939EF188206">
<createdBy>diegocarvajalarias</createdBy>
<createdTime>2025-10-12 04:30:00 UTC</createdTime>
<generatorID>64ECB5D4-D346-CCEB-7739-E50C239F7EE4</generatorID>
<ownerDesignName>examen_semana09</ownerDesignName>
<useDomainConstraints>false</useDomainConstraints>
<use>1</use>
<logicalDatatype>LOGDT019</logicalDatatype>
<dataTypePrecision>5</dataTypePrecision>
<ownDataTypeParameters>,,</ownDataTypeParameters>
<previousColumn>false</previousColumn>
<autoIncrementCycle>false</autoIncrementCycle>
<associations>
<colAssociation fkAssociation="436D9A4B-5A68-45E6-5CB3-A124E0D556B1" referredColumn="45D2615A-D3DB-DB6B-8666-B2C4975B8F2B"/>
</associations>
</Column>
<Column name="MAQUINA_id_planta" id="C2E14FCF-C8AE-D21E-A6C1-FE2B59DDD23A">
<createdBy>diegocarvajalarias</createdBy>
<createdTime>2025-10-12 04:30:00 UTC</createdTime>
<generatorID>A07D750A-20B0-7875-AAC7-9A9F90869895</generatorID>
<ownerDesignName>examen_semana09</ownerDesignName>
<useDomainConstraints>false</useDomainConstraints>
<use>1</use>
<logicalDatatype>LOGDT019</logicalDatatype>
<dataTypePrecision>10</dataTypePrecision>
<ownDataTypeParameters>,,</ownDataTypeParameters>
<previousColumn>false</previousColumn>
<autoIncrementCycle>false</autoIncrementCycle>
<associations>
<colAssociation fkAssociation="436D9A4B-5A68-45E6-5CB3-A124E0D556B1" referredColumn="C3778DDE-B129-2138-F8D5-C0CF9C618E10"/>
</associations>
</Column>
<Column name="TURNO_id_turno" id="3C3A5514-11FB-E522-1BF5-E46BDA45E0CE">
<createdBy>diegocarvajalarias</createdBy>
<createdTime>2025-10-12 04:30:00 UTC</createdTime>
<generatorID>750A09D4-F115-8F65-0016-F4C3397C33E3</generatorID>
<ownerDesignName>examen_semana09</ownerDesignName>
<useDomainConstraints>false</useDomainConstraints>
<use>1</use>
<logicalDatatype>LOGDT024</logicalDatatype>
<dataTypeSize>5</dataTypeSize>
<ownDataTypeParameters>,,</ownDataTypeParameters>
<previousColumn>false</previousColumn>
<autoIncrementCycle>false</autoIncrementCycle>
<associations>
<colAssociation fkAssociation="3346E587-FF5D-C8B2-C1BA-98312495D84C" referredColumn="87255F2A-D44E-A984-4074-E2B99083702C"/>
</associations>
</Column>
</columns>
<indexes itemClass="oracle.dbtools.crest.model.design.relational.Index">
<ind_PK_UK id="10ADDEC4-171A-E576-4A34-5C407F9377E5" name="ASIGNACION_TURNO_PK">
<createdBy>diegocarvajalarias</createdBy>
<createdTime>2025-10-12 04:30:00 UTC</createdTime>
<generatorID>9C3DB22C-DC11-B360-2090-95FF7A9F1684</generatorID>
<ownerDesignName>examen_semana09</ownerDesignName>
<pk>true</pk>
<indexState>Primary Constraint</indexState>
<isSurrogateKey>false</isSurrogateKey>
<indexColumnUsage>
<colUsage columnID="F5865ACD-C8D7-7111-74BD-3C8B6E4634E7"/>
<colUsage columnID="8AC5EDE1-F971-2027-0D6D-7F5913AD9F2F"/>
<colUsage columnID="5133F73A-86D2-175C-5C4A-4939EF188206"/>
<colUsage columnID="C2E14FCF-C8AE-D21E-A6C1-FE2B59DDD23A"/>
<colUsage columnID="3C3A5514-11FB-E522-1BF5-E46BDA45E0CE"/>
</indexColumnUsage>
</ind_PK_UK>
<ind_PK_UK id="BE5FA58D-B023-8EF8-7A9D-AFA60EDFBAF5" name="ASIGNACION_TURNO_EMPLEADO_FK">
<createdBy>diegocarvajalarias</createdBy>
<createdTime>2025-10-12 04:30:01 UTC</createdTime>
<generatorID>249D586D-7747-46B2-5534-265EDB0E0CB9</generatorID>
<ownerDesignName>examen_semana09</ownerDesignName>
<indexState>Foreign Key</indexState>
<isSurrogateKey>false</isSurrogateKey>
<indexColumnUsage>
<colUsage columnID="8AC5EDE1-F971-2027-0D6D-7F5913AD9F2F"/>
</indexColumnUsage>
</ind_PK_UK>
<ind_PK_UK id="89960610-20DF-A1C2-E636-7C79DF066DCE" name="ASIGNACION_TURNO_MAQUINA_FK">
<createdBy>diegocarvajalarias</createdBy>
<createdTime>2025-10-12 04:30:01 UTC</createdTime>
<generatorID>24AD467E-63A8-0A31-4571-04A739B585CD</generatorID>
<ownerDesignName>examen_semana09</ownerDesignName>
<indexState>Foreign Key</indexState>
<isSurrogateKey>false</isSurrogateKey>
<indexColumnUsage>
<colUsage columnID="5133F73A-86D2-175C-5C4A-4939EF188206"/>
<colUsage columnID="C2E14FCF-C8AE-D21E-A6C1-FE2B59DDD23A"/>
</indexColumnUsage>
</ind_PK_UK>
<ind_PK_UK id="4CE94E6E-E05E-E78E-3AA6-C31356586597" name="ASIGNACION_TURNO_TURNO_FK">
<createdBy>diegocarvajalarias</createdBy>
<createdTime>2025-10-12 04:30:01 UTC</createdTime>
<generatorID>39B5B2AD-B279-85EA-9FB7-5D2D500483DB</generatorID>
<ownerDesignName>examen_semana09</ownerDesignName>
<indexState>Foreign Key</indexState>
<isSurrogateKey>false</isSurrogateKey>
<indexColumnUsage>
<colUsage columnID="3C3A5514-11FB-E522-1BF5-E46BDA45E0CE"/>
</indexColumnUsage>
</ind_PK_UK>
</indexes>
</Table>