<?xml version = '1.0' encoding = 'UTF-8'?>
<Table class="oracle.dbtools.crest.model.design.relational.Table" directorySegmentName="seg_0" id="BCD097EE-7D6E-8218-7A46-D40A8E8ED6B7" name="MAQUINA">
<createdBy>diegocarvajalarias</createdBy>
<createdTime>2025-10-12 04:30:00 UTC</createdTime>
<generatorID>CBFF21DC-4AFC-3031-0841-D6102298D736</generatorID>
<ownerDesignName>examen_semana09</ownerDesignName>
<allowColumnReorder>false</allowColumnReorder>
<existDependencyGenerateInDDl>true</existDependencyGenerateInDDl>
<parsed>true</parsed>
<columns itemClass="oracle.dbtools.crest.model.design.relational.Column">
<Column name="numero_maquina" id="45D2615A-D3DB-DB6B-8666-B2C4975B8F2B">
<createdBy>diegocarvajalarias</createdBy>
<createdTime>2025-10-12 04:30:01 UTC</createdTime>
<generatorID>08497A4D-D5AC-6CEE-C92E-E38C201E7E3E</generatorID>
<ownerDesignName>examen_semana09</ownerDesignName>
<useDomainConstraints>false</useDomainConstraints>
<use>1</use>
<logicalDatatype>LOGDT019</logicalDatatype>
<dataTypePrecision>5</dataTypePrecision>
<ownDataTypeParameters>,5,</ownDataTypeParameters>
<autoIncrementCycle>false</autoIncrementCycle>
</Column>
<Column name="nombre_maquina" id="A1AAE280-988C-08DE-28DD-73A7C78A1FB4">
<createdBy>diegocarvajalarias</createdBy>
<createdTime>2025-10-12 04:30:01 UTC</createdTime>
<generatorID>B58C58A9-6D96-AF09-85B5-4350DADD3DBE</generatorID>
<ownerDesignName>examen_semana09</ownerDesignName>
<useDomainConstraints>false</useDomainConstraints>
<use>1</use>
<logicalDatatype>LOGDT024</logicalDatatype>
<dataTypeSize>100</dataTypeSize>
<ownDataTypeParameters>100,,</ownDataTypeParameters>
<autoIncrementCycle>false</autoIncrementCycle>
</Column>
<Column name="estado_activo" id="9F848690-814D-E034-740F-8D5DAA43BF48">
<createdBy>diegocarvajalarias</createdBy>
<createdTime>2025-10-12 04:30:01 UTC</createdTime>
<generatorID>5565C425-7A0C-D3C3-1F00-7E4DC0B375FC</generatorID>
<ownerDesignName>examen_semana09</ownerDesignName>
<constraintName>CHECK_ESTADO_MAQUINA</constraintName>
<nullsAllowed>true</nullsAllowed>
<useDomainConstraints>false</useDomainConstraints>
<use>1</use>
<logicalDatatype>LOGDT025</logicalDatatype>
<dataTypeSize>1</dataTypeSize>
<listOfValues>
<valueDef value="N" description=""/>
<valueDef value="S" description=""/>
</listOfValues>
<defaultValue>S</defaultValue>
<ownDataTypeParameters>1,,</ownDataTypeParameters>
<autoIncrementCycle>false</autoIncrementCycle>
</Column>
<Column name="TIPO_MAQUINA_id_tipo_maquina" id="07DAC1CE-599B-41B5-6162-239783C77A2E">
<createdBy>diegocarvajalarias</createdBy>
<createdTime>2025-10-12 04:30:01 UTC</createdTime>
<generatorID>541F3A0A-DCDA-3AF5-E58C-C96269DD1000</generatorID>
<ownerDesignName>examen_semana09</ownerDesignName>
<useDomainConstraints>false</useDomainConstraints>
<use>1</use>
<logicalDatatype>LOGDT019</logicalDatatype>
<dataTypePrecision>3</dataTypePrecision>
<ownDataTypeParameters>,,</ownDataTypeParameters>
<previousColumn>false</previousColumn>
<autoIncrementCycle>false</autoIncrementCycle>
<associations>
<colAssociation fkAssociation="E11C5054-1AAD-8E76-2E9A-4ACC177D548F" referredColumn="FEA7E1DC-6E4D-615A-B0E8-8AA2509D7046"/>
</associations>
</Column>
<Column name="PLANTA_id_planta" id="C3778DDE-B129-2138-F8D5-C0CF9C618E10">
<createdBy>diegocarvajalarias</createdBy>
<createdTime>2025-10-12 04:30:01 UTC</createdTime>
<generatorID>2B31C5A8-3FC4-DDC9-37AD-EFB810DB6EEE</generatorID>
<ownerDesignName>examen_semana09</ownerDesignName>
<useDomainConstraints>false</useDomainConstraints>
<use>1</use>
<logicalDatatype>LOGDT019</logicalDatatype>
<dataTypePrecision>10</dataTypePrecision>
<ownDataTypeParameters>,,</ownDataTypeParameters>
<previousColumn>false</previousColumn>
<autoIncrementCycle>false</autoIncrementCycle>
<associations>
<colAssociation fkAssociation="21D7B020-7849-FBBC-8CAE-ED6C1ED27487" referredColumn="C345483B-4BEE-2916-6E1F-BF0817C26BEF"/>
</associations>
</Column>
</columns>
<indexes itemClass="oracle.dbtools.crest.model.design.relational.Index">
<ind_PK_UK id="AA4C29C1-BF47-C5BF-E3DF-9A444ED6B66D" name="MAQUINA_PK">
<createdBy>diegocarvajalarias</createdBy>
<createdTime>2025-10-12 04:30:01 UTC</createdTime>
<generatorID>69F43708-748E-CDD3-334D-5FC0419E9242</generatorID>
<ownerDesignName>examen_semana09</ownerDesignName>
<pk>true</pk>
<indexState>Primary Constraint</indexState>
<isSurrogateKey>false</isSurrogateKey>
<indexColumnUsage>
<colUsage columnID="45D2615A-D3DB-DB6B-8666-B2C4975B8F2B"/>
<colUsage columnID="C3778DDE-B129-2138-F8D5-C0CF9C618E10"/>
</indexColumnUsage>
</ind_PK_UK>
<ind_PK_UK id="3E08B8B3-02DB-AFA4-5242-33CC4C4092E8" name="MAQUINA_PLANTA_FK">
<createdBy>diegocarvajalarias</createdBy>
<createdTime>2025-10-12 04:30:01 UTC</createdTime>
<generatorID>E70C8D3A-B3F8-AFB1-3866-2E1CFEECFD51</generatorID>
<ownerDesignName>examen_semana09</ownerDesignName>
<indexState>Foreign Key</indexState>
<isSurrogateKey>false</isSurrogateKey>
<indexColumnUsage>
<colUsage columnID="C3778DDE-B129-2138-F8D5-C0CF9C618E10"/>
</indexColumnUsage>
</ind_PK_UK>
<ind_PK_UK id="73BE26BD-AD29-08A1-C755-DC9228EA4211" name="MAQUINA_TIPO_MAQUINA_FK">
<createdBy>diegocarvajalarias</createdBy>
<createdTime>2025-10-12 04:30:01 UTC</createdTime>
<generatorID>EB706EF6-29DB-6149-358C-5339CC12C927</generatorID>
<ownerDesignName>examen_semana09</ownerDesignName>
<indexState>Foreign Key</indexState>
<isSurrogateKey>false</isSurrogateKey>
<indexColumnUsage>
<colUsage columnID="07DAC1CE-599B-41B5-6162-239783C77A2E"/>
</indexColumnUsage>
</ind_PK_UK>
</indexes>
</Table>