<?xml version = '1.0' encoding = 'UTF-8'?>
<Relation class="oracle.dbtools.crest.model.design.logical.Relation" name="ORDEN_MAQUINA_FK" directorySegmentName="seg_0" id="1C634CD8-3C14-9483-C8F9-6F6C0E41AF15">
<createdBy>diegocarvajalarias</createdBy>
<createdTime>2025-10-12 04:10:33 UTC</createdTime>
<ownerDesignName>examen_semana09</ownerDesignName>
<engineerTo>
<item key="107C4392-418F-1A37-4389-5648A617C221" value="true"/>
</engineerTo>
<sourcePk>69F43708-748E-CDD3-334D-5FC0419E9242</sourcePk>
<identifying>false</identifying>
<nameOnSource>Maquina requiere </nameOnSource>
<optionalSource>true</optionalSource>
<optionalTarget>false</optionalTarget>
<sourceCardinality>1</sourceCardinality>
<sourceEntity>CBFF21DC-4AFC-3031-0841-D6102298D736</sourceEntity>
<targetCardinalityString>*</targetCardinalityString>
<targetEntity>5FA9D022-F1B6-8846-70E0-D49BF49FB360</targetEntity>
<transferable>true</transferable>
<deleteRule>NO ACTION</deleteRule>
</Relation>