<?xml version = '1.0' encoding = 'UTF-8'?>
<Relation class="oracle.dbtools.crest.model.design.logical.Relation" name="ASIGNACION_EMPLEADO_FK" directorySegmentName="seg_0" id="249D586D-7747-46B2-5534-265EDB0E0CB9">
<createdBy>diegocarvajalarias</createdBy>
<createdTime>2025-10-12 04:07:36 UTC</createdTime>
<ownerDesignName>examen_semana09</ownerDesignName>
<engineerTo>
<item key="107C4392-418F-1A37-4389-5648A617C221" value="true"/>
</engineerTo>
<sourcePk>5ADC7305-2AB8-F058-D3DC-83A274AA282F</sourcePk>
<identifying>true</identifying>
<nameOnSource>Empleado tiene</nameOnSource>
<optionalSource>true</optionalSource>
<optionalTarget>false</optionalTarget>
<sourceCardinality>1</sourceCardinality>
<sourceEntity>76A64DFC-C141-C15C-B4E1-CD2C58AFF4C7</sourceEntity>
<targetCardinalityString>*</targetCardinalityString>
<targetEntity>7281F282-2C77-5157-A565-D03DA6A19439</targetEntity>
<transferable>true</transferable>
<deleteRule>NO ACTION</deleteRule>
</Relation>