<?xml version = '1.0' encoding = 'UTF-8'?>
<Relation class="oracle.dbtools.crest.model.design.logical.Relation" name="ASIGNACION_MAQUINA_FK" directorySegmentName="seg_0" id="24AD467E-63A8-0A31-4571-04A739B585CD">
<createdBy>diegocarvajalarias</createdBy>
<createdTime>2025-10-12 04:08:16 UTC</createdTime>
<ownerDesignName>examen_semana09</ownerDesignName>
<engineerTo>
<item key="107C4392-418F-1A37-4389-5648A617C221" value="true"/>
</engineerTo>
<sourcePk>69F43708-748E-CDD3-334D-5FC0419E9242</sourcePk>
<identifying>true</identifying>
<nameOnSource>Maquina usada en</nameOnSource>
<optionalSource>true</optionalSource>
<optionalTarget>false</optionalTarget>
<sourceCardinality>1</sourceCardinality>
<sourceEntity>CBFF21DC-4AFC-3031-0841-D6102298D736</sourceEntity>
<targetCardinalityString>*</targetCardinalityString>
<targetEntity>7281F282-2C77-5157-A565-D03DA6A19439</targetEntity>
<transferable>true</transferable>
<deleteRule>NO ACTION</deleteRule>
</Relation>