<?xml version = '1.0' encoding = 'UTF-8'?>
<Relation class="oracle.dbtools.crest.model.design.logical.Relation" name="ASIGNACION_TURNO_FK" directorySegmentName="seg_0" id="39B5B2AD-B279-85EA-9FB7-5D2D500483DB">
<createdBy>diegocarvajalarias</createdBy>
<createdTime>2025-10-12 04:09:10 UTC</createdTime>
<ownerDesignName>examen_semana09</ownerDesignName>
<engineerTo>
<item key="107C4392-418F-1A37-4389-5648A617C221" value="true"/>
</engineerTo>
<sourcePk>970E0591-5D98-5225-6506-7343A6C1EA4B</sourcePk>
<identifying>true</identifying>
<nameOnSource>Turno define</nameOnSource>
<optionalSource>true</optionalSource>
<optionalTarget>false</optionalTarget>
<sourceCardinality>1</sourceCardinality>
<sourceEntity>4523799A-562D-5160-98CA-1CAB8DA2D45E</sourceEntity>
<targetCardinalityString>*</targetCardinalityString>
<targetEntity>7281F282-2C77-5157-A565-D03DA6A19439</targetEntity>
<transferable>true</transferable>
<deleteRule>NO ACTION</deleteRule>
</Relation>