<?xml version = '1.0' encoding = 'UTF-8'?>
<Relation class="oracle.dbtools.crest.model.design.logical.Relation" name="PLANTA_COMUNA_FK" directorySegmentName="seg_0" id="437A4C3C-28B0-65D6-500C-BC423B4F87F2">
<createdBy>diegocarvajalarias</createdBy>
<createdTime>2025-10-12 03:48:19 UTC</createdTime>
<ownerDesignName>examen_semana09</ownerDesignName>
<engineerTo>
<item key="107C4392-418F-1A37-4389-5648A617C221" value="true"/>
</engineerTo>
<sourcePk>59B7B432-F041-010F-FE74-4F913E504CC0</sourcePk>
<identifying>false</identifying>
<nameOnSource>puede tener</nameOnSource>
<nameOnTarget>debe estar ubicada en</nameOnTarget>
<optionalSource>true</optionalSource>
<optionalTarget>false</optionalTarget>
<sourceCardinality>1</sourceCardinality>
<sourceEntity>5E05F870-7217-03EB-075F-21BA31EB5758</sourceEntity>
<targetCardinalityString>*</targetCardinalityString>
<targetEntity>F36B88EB-1C49-0926-8FD4-2324A1F4BE30</targetEntity>
<transferable>true</transferable>
<deleteRule>NO ACTION</deleteRule>
</Relation>