<?xml version = '1.0' encoding = 'UTF-8'?>
<Relation class="oracle.dbtools.crest.model.design.logical.Relation" name="ORDEN_TECNICO_FK" directorySegmentName="seg_0" id="72147EBE-B970-B639-D40E-0DD8E21DAFC4">
<createdBy>diegocarvajalarias</createdBy>
<createdTime>2025-10-12 04:12:34 UTC</createdTime>
<ownerDesignName>examen_semana09</ownerDesignName>
<engineerTo>
<item key="107C4392-418F-1A37-4389-5648A617C221" value="true"/>
</engineerTo>
<sourcePk>5ADC7305-2AB8-F058-D3DC-83A274AA282F</sourcePk>
<identifying>true</identifying>
<nameOnSource>TecnicoMantencion ejecuta</nameOnSource>
<optionalSource>true</optionalSource>
<optionalTarget>false</optionalTarget>
<sourceCardinality>1</sourceCardinality>
<sourceEntity>1D73DEDA-055E-7B65-1519-CF373F8FD778</sourceEntity>
<targetCardinalityString>*</targetCardinalityString>
<targetEntity>5FA9D022-F1B6-8846-70E0-D49BF49FB360</targetEntity>
<transferable>true</transferable>
<deleteRule>NO ACTION</deleteRule>
</Relation>