<?xml version = '1.0' encoding = 'UTF-8'?>
<Relation class="oracle.dbtools.crest.model.design.logical.Relation" name="Relation_9" directorySegmentName="seg_0" id="7F677CEF-200A-7CBB-CB0D-83CF033D9DB6">
<createdBy>diegocarvajalarias</createdBy>
<createdTime>2025-10-12 03:54:28 UTC</createdTime>
<ownerDesignName>examen_semana09</ownerDesignName>
<engineerTo>
<item key="107C4392-418F-1A37-4389-5648A617C221" value="true"/>
</engineerTo>
<targetPk>5ADC7305-2AB8-F058-D3DC-83A274AA282F</targetPk>
<identifying>false</identifying>
<nameOnSource>supervisa a</nameOnSource>
<nameOnTarget>es supervisado por</nameOnTarget>
<optionalSource>true</optionalSource>
<optionalTarget>true</optionalTarget>
<sourceCardinality>*</sourceCardinality>
<sourceEntity>76A64DFC-C141-C15C-B4E1-CD2C58AFF4C7</sourceEntity>
<targetCardinalityString>1</targetCardinalityString>
<targetEntity>76A64DFC-C141-C15C-B4E1-CD2C58AFF4C7</targetEntity>
<transferable>true</transferable>
<deleteRule>NO ACTION</deleteRule>
</Relation>