<?xml version = '1.0' encoding = 'UTF-8'?>
<Relation class="oracle.dbtools.crest.model.design.logical.Relation" name="EMPLEADO_PLANTA_FK" directorySegmentName="seg_0" id="9BD44DCF-438A-AF39-E71C-88A952702858">
<createdBy>diegocarvajalarias</createdBy>
<createdTime>2025-10-12 03:50:55 UTC</createdTime>
<ownerDesignName>examen_semana09</ownerDesignName>
<engineerTo>
<item key="107C4392-418F-1A37-4389-5648A617C221" value="true"/>
</engineerTo>
<sourcePk>29264E8D-6AA6-4AF3-E87A-9C05041D37F9</sourcePk>
<identifying>false</identifying>
<nameOnSource>puede tener</nameOnSource>
<nameOnTarget>debe trabajar</nameOnTarget>
<optionalSource>true</optionalSource>
<optionalTarget>false</optionalTarget>
<sourceCardinality>1</sourceCardinality>
<sourceEntity>F36B88EB-1C49-0926-8FD4-2324A1F4BE30</sourceEntity>
<targetCardinalityString>*</targetCardinalityString>
<targetEntity>76A64DFC-C141-C15C-B4E1-CD2C58AFF4C7</targetEntity>
<transferable>true</transferable>
<deleteRule>NO ACTION</deleteRule>
</Relation>