<?xml version = '1.0' encoding = 'UTF-8'?>
<Relation class="oracle.dbtools.crest.model.design.logical.Relation" name="COMUNA_REGION_FK" directorySegmentName="seg_0" id="BA8AC490-7A28-4329-D5C8-E62DB397F82A">
<createdBy>diegocarvajalarias</createdBy>
<createdTime>2025-10-12 02:24:44 UTC</createdTime>
<ownerDesignName>examen_semana09</ownerDesignName>
<engineerTo>
<item key="107C4392-418F-1A37-4389-5648A617C221" value="true"/>
</engineerTo>
<sourcePk>476D52F1-405D-C418-7169-88B3DD9BA0CA</sourcePk>
<identifying>false</identifying>
<nameOnSource>puede tener</nameOnSource>
<nameOnTarget>debe pertenecer</nameOnTarget>
<optionalSource>true</optionalSource>
<optionalTarget>false</optionalTarget>
<sourceCardinality>1</sourceCardinality>
<sourceEntity>CB533BCE-7E8B-1814-F4D1-4257F4F83FF8</sourceEntity>
<targetCardinalityString>*</targetCardinalityString>
<targetEntity>5E05F870-7217-03EB-075F-21BA31EB5758</targetEntity>
<transferable>true</transferable>
<deleteRule>NO ACTION</deleteRule>
</Relation>