<?xml version = '1.0' encoding = 'UTF-8'?>
<Relation class="oracle.dbtools.crest.model.design.logical.Relation" name="MAQUINA_PLANTA_FK" directorySegmentName="seg_0" id="E70C8D3A-B3F8-AFB1-3866-2E1CFEECFD51">
<createdBy>diegocarvajalarias</createdBy>
<createdTime>2025-10-12 03:53:16 UTC</createdTime>
<ownerDesignName>examen_semana09</ownerDesignName>
<engineerTo>
<item key="107C4392-418F-1A37-4389-5648A617C221" value="true"/>
</engineerTo>
<sourcePk>29264E8D-6AA6-4AF3-E87A-9C05041D37F9</sourcePk>
<identifying>true</identifying>
<nameOnSource>puede tener</nameOnSource>
<nameOnTarget>debe estar</nameOnTarget>
<optionalSource>true</optionalSource>
<optionalTarget>false</optionalTarget>
<sourceCardinality>1</sourceCardinality>
<sourceEntity>F36B88EB-1C49-0926-8FD4-2324A1F4BE30</sourceEntity>
<targetCardinalityString>*</targetCardinalityString>
<targetEntity>CBFF21DC-4AFC-3031-0841-D6102298D736</targetEntity>
<transferable>true</transferable>
<deleteRule>NO ACTION</deleteRule>
</Relation>