<?xml version = '1.0' encoding = 'UTF-8'?>
<Relation class="oracle.dbtools.crest.model.design.logical.Relation" name="MAQUINA_TIPO_MAQUINA_FK" directorySegmentName="seg_0" id="EB706EF6-29DB-6149-358C-5339CC12C927">
<createdBy>diegocarvajalarias</createdBy>
<createdTime>2025-10-12 03:52:08 UTC</createdTime>
<ownerDesignName>examen_semana09</ownerDesignName>
<engineerTo>
<item key="107C4392-418F-1A37-4389-5648A617C221" value="true"/>
</engineerTo>
<sourcePk>11D39713-4F61-409B-5411-0FAB60034AB2</sourcePk>
<identifying>false</identifying>
<nameOnSource>puede clasificar</nameOnSource>
<nameOnTarget>debe ser de</nameOnTarget>
<optionalSource>true</optionalSource>
<optionalTarget>false</optionalTarget>
<sourceCardinality>1</sourceCardinality>
<sourceEntity>A2D57F28-4647-E369-5E8C-069FE3AD6446</sourceEntity>
<targetCardinalityString>*</targetCardinalityString>
<targetEntity>CBFF21DC-4AFC-3031-0841-D6102298D736</targetEntity>
<transferable>true</transferable>
<deleteRule>NO ACTION</deleteRule>
</Relation>