<?xml version = '1.0' encoding = 'UTF-8'?>
<Diagram class="oracle.dbtools.crest.swingui.logical.DPVLogical" name="Logical" id="7F9BECD7-D0E5-B134-77C2-C9BA014CBC76">
<createdBy>diegocarvajalarias</createdBy>
<modifiedBy>diegocarvajalarias</modifiedBy>
<createdTime>2025-09-16 00:55:20 UTC</createdTime>
<autoRoute>false</autoRoute>
<boxInbox>true</boxInbox>
<showLegend>false</showLegend>
<showLabels>false</showLabels>
<showRelAttributes>false</showRelAttributes>
<gridEnabled>true</gridEnabled>
<showGrid>false</showGrid>
<diagramColor>-1</diagramColor>
<display>false</display>
<notation>0</notation>
<objectViews>
<OView class="oracle.dbtools.crest.swingui.logical.TVEntity" oid="0DDAE627-2041-E2E3-2425-32BEACF60866" otype="Entity" vid="D82FB435-7032-F59F-43DE-98E68A3BAA2A">
<hideElementsInCurrentOnly>false</hideElementsInCurrentOnly>
<bounds x="30" y="560" width="251" height="131"/>
</OView>
<OView class="oracle.dbtools.crest.swingui.logical.TVEntity" oid="1061398A-CF16-2AAA-FF13-36FEAADF4843" otype="Entity" vid="FBC6968A-7351-C5FD-B384-ADFC292D70B2">
<hideElementsInCurrentOnly>false</hideElementsInCurrentOnly>
<bounds x="150" y="80" width="221" height="201"/>
</OView>
<OView class="oracle.dbtools.crest.swingui.logical.TVEntity" oid="17C329D1-76D4-A346-3D32-B7BC931BD8E1" otype="Entity" vid="4B07D43F-36A1-3371-6470-7CA58F0461B5">
<hideElementsInCurrentOnly>false</hideElementsInCurrentOnly>
<bounds x="1050" y="600" width="191" height="131"/>
</OView>
<OView class="oracle.dbtools.crest.swingui.logical.TVEntity" oid="363EF2FD-D32A-47B1-72B2-42747504A9EB" otype="Entity" vid="81DDAF11-9967-F7D4-3DFB-6B567F736432">
<hideElementsInCurrentOnly>false</hideElementsInCurrentOnly>
<bounds x="310" y="480" width="211" height="111"/>
</OView>
<OView class="oracle.dbtools.crest.swingui.logical.TVEntity" oid="397C8DC7-D126-9389-5A9D-709EEB222F18" otype="Entity" vid="EB5337F7-7D30-5019-7447-020D75CCFED2">
<hideElementsInCurrentOnly>false</hideElementsInCurrentOnly>
<bounds x="50" y="420" width="221" height="94"/>
</OView>
<OView class="oracle.dbtools.crest.swingui.logical.TVEntity" oid="4A400A1C-4F4D-E543-190F-EABEE1920BC2" otype="Entity" vid="13288D43-ACE4-D235-CB12-54655304C179">
<hideElementsInCurrentOnly>false</hideElementsInCurrentOnly>
<bounds x="690" y="470" width="231" height="241"/>
</OView>
<OView class="oracle.dbtools.crest.swingui.logical.TVEntity" oid="5E8B4992-4867-1330-D2EB-27A36C8C56CC" otype="Entity" vid="7820C2EF-0F3A-6C27-F7F7-7A899FD6BEA6">
<hideElementsInCurrentOnly>false</hideElementsInCurrentOnly>
<bounds x="990" y="470" width="191" height="101"/>
</OView>
<OView class="oracle.dbtools.crest.swingui.logical.TVEntity" oid="63549ECA-09AD-DD42-C3BC-A478833EB2A0" otype="Entity" vid="E898A355-D64F-7CAE-1596-012A266F0E8D">
<hideElementsInCurrentOnly>false</hideElementsInCurrentOnly>
<bounds x="1060" y="130" width="181" height="131"/>
</OView>
<OView class="oracle.dbtools.crest.swingui.logical.TVEntity" oid="78377E00-55AD-AF6F-CCA6-34E357C52AC2" otype="Entity" vid="D401C41A-FC7F-3613-C49C-71C96D96E588">
<hideElementsInCurrentOnly>false</hideElementsInCurrentOnly>
<bounds x="800" y="80" width="221" height="231"/>
</OView>
<OView class="oracle.dbtools.crest.swingui.logical.TVEntity" oid="893FFC12-95B3-A57C-C979-F37BB22E121D" otype="Entity" vid="B8D5DAA6-0BAA-3839-4310-DEA1EE919620">
<hideElementsInCurrentOnly>false</hideElementsInCurrentOnly>
<bounds x="680" y="750" width="261" height="111"/>
</OView>
<OView class="oracle.dbtools.crest.swingui.logical.TVEntity" oid="8F8414ED-EBC8-5A01-FC52-6BC7F3E2B740" otype="Entity" vid="CD9F70F1-36DC-0831-750B-031DE519926D">
<hideElementsInCurrentOnly>false</hideElementsInCurrentOnly>
<bounds x="1310" y="140" width="161" height="101"/>
</OView>
<OView class="oracle.dbtools.crest.swingui.logical.TVEntity" oid="A4137F07-6AAB-D785-FBEF-5601639BB8E4" otype="Entity" vid="BD21F4E1-74B6-DBC0-4A9F-EC549B79AA6B">
<hideElementsInCurrentOnly>false</hideElementsInCurrentOnly>
<bounds x="500" y="640" width="161" height="101"/>
</OView>
<OView class="oracle.dbtools.crest.swingui.logical.TVEntity" oid="EC16E24A-4CA7-F3FD-355E-80E5B62CEBF7" otype="Entity" vid="7FAD935E-9572-C1A7-5A59-2A21DCBC1941">
<hideElementsInCurrentOnly>false</hideElementsInCurrentOnly>
<bounds x="510" y="60" width="198" height="215"/>
</OView>
</objectViews>
<connectors>
<Connector class="oracle.dbtools.crest.swingui.logical.TVRelation" oid="02CD5D01-64B7-A097-7C13-28711122A998" otype="Relation" vid_source="81DDAF11-9967-F7D4-3DFB-6B567F736432" vid_target="EB5337F7-7D30-5019-7447-020D75CCFED2">
<hideElementsInCurrentOnly>false</hideElementsInCurrentOnly>
<backgroundColor>-16777216</backgroundColor>
<lineWidth>1</lineWidth>
<points>
<point x="310" y="497"/>
<point x="271" y="497"/>
</points>
</Connector>
<Connector class="oracle.dbtools.crest.swingui.logical.TVRelation" oid="1D7A90B6-F67C-DE1D-16B8-D00A3FDFCCF5" otype="Relation" vid_source="13288D43-ACE4-D235-CB12-54655304C179" vid_target="13288D43-ACE4-D235-CB12-54655304C179">
<hideElementsInCurrentOnly>false</hideElementsInCurrentOnly>
<backgroundColor>-16777216</backgroundColor>
<lineWidth>1</lineWidth>
<points>
<point x="870" y="470"/>
<point x="870" y="515"/>
<point x="870" y="592"/>
<point x="769" y="592"/>
<point x="769" y="595"/>
</points>
</Connector>
<Connector class="oracle.dbtools.crest.swingui.logical.TVRelation" oid="20C0344B-7835-42CB-F307-A92529FE362E" otype="Relation" vid_source="7FAD935E-9572-C1A7-5A59-2A21DCBC1941" vid_target="81DDAF11-9967-F7D4-3DFB-6B567F736432">
<hideElementsInCurrentOnly>false</hideElementsInCurrentOnly>
<backgroundColor>-16777216</backgroundColor>
<lineWidth>1</lineWidth>
<points>
<point x="515" y="275"/>
<point x="515" y="480"/>
</points>
</Connector>
<Connector class="oracle.dbtools.crest.swingui.logical.TVRelation" oid="372E97EB-45CC-F88A-F577-39C322960B6F" otype="Relation" vid_source="4B07D43F-36A1-3371-6470-7CA58F0461B5" vid_target="13288D43-ACE4-D235-CB12-54655304C179">
<hideElementsInCurrentOnly>false</hideElementsInCurrentOnly>
<backgroundColor>-16777216</backgroundColor>
<lineWidth>1</lineWidth>
<points>
<point x="1050" y="655"/>
<point x="921" y="655"/>
</points>
</Connector>
<Connector class="oracle.dbtools.crest.swingui.logical.TVRelation" oid="57B3CC18-BB32-D0BA-8581-D8314FAB7A97" otype="Relation" vid_source="D82FB435-7032-F59F-43DE-98E68A3BAA2A" vid_target="81DDAF11-9967-F7D4-3DFB-6B567F736432">
<hideElementsInCurrentOnly>false</hideElementsInCurrentOnly>
<backgroundColor>-16777216</backgroundColor>
<lineWidth>1</lineWidth>
<points>
<point x="281" y="575"/>
<point x="310" y="575"/>
</points>
</Connector>
<Connector class="oracle.dbtools.crest.swingui.logical.TVRelation" oid="5B79609E-F077-AEF4-7D5D-DF7D8D667B5F" otype="Relation" vid_source="B8D5DAA6-0BAA-3839-4310-DEA1EE919620" vid_target="13288D43-ACE4-D235-CB12-54655304C179">
<hideElementsInCurrentOnly>false</hideElementsInCurrentOnly>
<backgroundColor>-16777216</backgroundColor>
<lineWidth>1</lineWidth>
<points>
<point x="805" y="750"/>
<point x="805" y="711"/>
</points>
</Connector>
<Connector class="oracle.dbtools.crest.swingui.logical.TVRelation" oid="7A38EC7C-DEA2-3162-04A0-6FEDCBD904A7" otype="Relation" vid_source="13288D43-ACE4-D235-CB12-54655304C179" vid_target="7FAD935E-9572-C1A7-5A59-2A21DCBC1941">
<hideElementsInCurrentOnly>false</hideElementsInCurrentOnly>
<backgroundColor>-16777216</backgroundColor>
<lineWidth>1</lineWidth>
<points>
<point x="699" y="470"/>
<point x="699" y="275"/>
</points>
</Connector>
<Connector class="oracle.dbtools.crest.swingui.logical.TVRelation" oid="81828425-0554-CB9C-7504-C7532138CA4C" otype="Relation" vid_source="BD21F4E1-74B6-DBC0-4A9F-EC549B79AA6B" vid_target="13288D43-ACE4-D235-CB12-54655304C179">
<hideElementsInCurrentOnly>false</hideElementsInCurrentOnly>
<backgroundColor>-16777216</backgroundColor>
<lineWidth>1</lineWidth>
<points>
<point x="661" y="675"/>
<point x="690" y="675"/>
</points>
</Connector>
<Connector class="oracle.dbtools.crest.swingui.logical.TVRelation" oid="845DC06D-79BF-20C7-F6E9-5221171673C7" otype="Relation" vid_source="7820C2EF-0F3A-6C27-F7F7-7A899FD6BEA6" vid_target="13288D43-ACE4-D235-CB12-54655304C179">
<hideElementsInCurrentOnly>false</hideElementsInCurrentOnly>
<backgroundColor>-16777216</backgroundColor>
<lineWidth>1</lineWidth>
<points>
<point x="990" y="520"/>
<point x="921" y="520"/>
</points>
</Connector>
<Connector class="oracle.dbtools.crest.swingui.logical.TVRelation" oid="8FA0E2BD-3D59-8D77-12B5-854532369D5C" otype="Relation" vid_source="CD9F70F1-36DC-0831-750B-031DE519926D" vid_target="E898A355-D64F-7CAE-1596-012A266F0E8D">
<hideElementsInCurrentOnly>false</hideElementsInCurrentOnly>
<backgroundColor>-16777216</backgroundColor>
<lineWidth>1</lineWidth>
<points>
<point x="1310" y="190"/>
<point x="1241" y="190"/>
</points>
</Connector>
<Connector class="oracle.dbtools.crest.swingui.logical.TVRelation" oid="943976FC-CC3B-239C-8FCC-B8BEC8E82D2E" otype="Relation" vid_source="D401C41A-FC7F-3613-C49C-71C96D96E588" vid_target="7FAD935E-9572-C1A7-5A59-2A21DCBC1941">
<hideElementsInCurrentOnly>false</hideElementsInCurrentOnly>
<backgroundColor>-16777216</backgroundColor>
<lineWidth>1</lineWidth>
<points>
<point x="800" y="177"/>
<point x="708" y="177"/>
</points>
</Connector>
<Connector class="oracle.dbtools.crest.swingui.logical.TVRelation" oid="D500CCE6-AB71-5CBC-BC2F-A9DE26E1AF35" otype="Relation" vid_source="7FAD935E-9572-C1A7-5A59-2A21DCBC1941" vid_target="FBC6968A-7351-C5FD-B384-ADFC292D70B2">
<hideElementsInCurrentOnly>false</hideElementsInCurrentOnly>
<backgroundColor>-16777216</backgroundColor>
<lineWidth>1</lineWidth>
<points>
<point x="510" y="177"/>
<point x="371" y="177"/>
</points>
</Connector>
<Connector class="oracle.dbtools.crest.swingui.logical.TVRelation" oid="E7095F17-3544-9D98-1266-E1665D2020BE" otype="Relation" vid_source="E898A355-D64F-7CAE-1596-012A266F0E8D" vid_target="D401C41A-FC7F-3613-C49C-71C96D96E588">
<hideElementsInCurrentOnly>false</hideElementsInCurrentOnly>
<backgroundColor>-16777216</backgroundColor>
<lineWidth>1</lineWidth>
<points>
<point x="1060" y="195"/>
<point x="1021" y="195"/>
</points>
</Connector>
<Connector class="oracle.dbtools.crest.swingui.logical.TVRelation" oid="E72E3B82-E781-261A-BE4F-C33E45F9F670" otype="Relation" vid_source="BD21F4E1-74B6-DBC0-4A9F-EC549B79AA6B" vid_target="7FAD935E-9572-C1A7-5A59-2A21DCBC1941">
<hideElementsInCurrentOnly>false</hideElementsInCurrentOnly>
<backgroundColor>-16777216</backgroundColor>
<lineWidth>1</lineWidth>
<points>
<point x="585" y="640"/>
<point x="585" y="275"/>
</points>
</Connector>
</connectors>
</Diagram>