<?xml version = '1.0' encoding = 'UTF-8'?>
<TableProxyOraclev11g class="oracle.dbtools.crest.model.design.storage.oracle.v11g.TableProxyOraclev11g" name="HABITACION" directorySegmentName="seg_0" id="B3BB9F85-1868-855D-347F-E3926AD04069">
<createdBy>diegocarvajalarias</createdBy>
<createdTime>2025-09-02 02:47:24 UTC</createdTime>
<ownerDesignName>exp03_s03_dcarvajal</ownerDesignName>
<logging>YES</logging>
<partitionedRowMovement>DISABLE</partitionedRowMovement>
<temporaryChanged>false</temporaryChanged>
<accessDriverType>oracle_loader</accessDriverType>
<rejectLimit></rejectLimit>
<columnProxies itemClass="oracle.dbtools.crest.model.design.storage.oracle.v12c.ColumnProxyOraclev12c">
<ColumnProxy name="id_habitacion" id="34C6B292-8E6D-7686-6AD9-99CB54E383DD">
<createdBy>diegocarvajalarias</createdBy>
<createdTime>2025-09-02 02:47:24 UTC</createdTime>
<ownerDesignName>exp03_s03_dcarvajal</ownerDesignName>
</ColumnProxy>
<ColumnProxy name="codigo" id="72AD9BD6-8F68-B5BA-F537-89FE5037241E">
<createdBy>diegocarvajalarias</createdBy>
<createdTime>2025-09-02 02:47:24 UTC</createdTime>
<ownerDesignName>exp03_s03_dcarvajal</ownerDesignName>
</ColumnProxy>
<ColumnProxy name="tipo" id="9299BC56-06D0-D68A-2612-A30B7D9679F0">
<createdBy>diegocarvajalarias</createdBy>
<createdTime>2025-09-02 02:47:24 UTC</createdTime>
<ownerDesignName>exp03_s03_dcarvajal</ownerDesignName>
</ColumnProxy>
<ColumnProxy name="RESIDENCIA_id_residencia" id="F290BB8D-74E8-B13F-D9D5-6CFB4B2321F8">
<createdBy>diegocarvajalarias</createdBy>
<createdTime>2025-09-02 02:47:24 UTC</createdTime>
<ownerDesignName>exp03_s03_dcarvajal</ownerDesignName>
</ColumnProxy>
</columnProxies>
<indexProxies>
<IndexProxy class="oracle.dbtools.crest.model.design.storage.oracle.v10g.IndexProxyOraclev10g" name="IX_HAB_RES" id="66B3E133-C0AE-9C81-EE51-897ADD8DA259">
<createdBy>diegocarvajalarias</createdBy>
<createdTime>2025-09-02 02:47:24 UTC</createdTime>
<ownerDesignName>exp03_s03_dcarvajal</ownerDesignName>
<logging></logging>
</IndexProxy>
</indexProxies>
<foreignKeys>
<ForeignKey class="oracle.dbtools.crest.model.design.storage.oracle.v10g.FKProxyOraclev10g" name="HABITACION_RESIDENCIA_FK" id="D89112D6-4805-2C7A-3E9C-6286A6EE421F">
<createdBy>diegocarvajalarias</createdBy>
<createdTime>2025-09-02 02:47:24 UTC</createdTime>
<ownerDesignName>exp03_s03_dcarvajal</ownerDesignName>
</ForeignKey>
</foreignKeys>
<primaryKeys>
<PrimaryKey class="oracle.dbtools.crest.model.design.storage.oracle.v10g.PKProxyOraclev10g" name="HABITACION_PK" id="41B56F4C-C28E-BC14-5720-E24E31873FEE">
<createdBy>diegocarvajalarias</createdBy>
<createdTime>2025-09-02 02:47:24 UTC</createdTime>
<ownerDesignName>exp03_s03_dcarvajal</ownerDesignName>
<indexSort>SORTED</indexSort>
</PrimaryKey>
</primaryKeys>
<tableCheckConstraints itemClass="oracle.dbtools.crest.model.design.storage.oracle.TableCheckConstraintOracle">
<TableCheckConstraint name="CHK_HAB_TIPO" id="C71FDEB9-1EA3-5CEE-E1F1-B5AA282E72F7">
<createdBy>diegocarvajalarias</createdBy>
<createdTime>2025-09-02 02:47:24 UTC</createdTime>
<ownerDesignName>exp03_s03_dcarvajal</ownerDesignName>
<nameChanged>true</nameChanged>
</TableCheckConstraint>
</tableCheckConstraints>
<uniqueKeys>
<UniqueKey class="oracle.dbtools.crest.model.design.storage.oracle.v10g.UniqueOraclev10g" name="HABITACION_id_residencia_codigo_UN" id="D40E106A-FD31-23F5-2852-6589AD9CAB09">
<createdBy>diegocarvajalarias</createdBy>
<createdTime>2025-09-02 02:47:24 UTC</createdTime>
<ownerDesignName>exp03_s03_dcarvajal</ownerDesignName>
<indexSort>SORTED</indexSort>
</UniqueKey>
</uniqueKeys>
</TableProxyOraclev11g>