<?xml version = '1.0' encoding = 'UTF-8'?>
<TableProxyOraclev11g class="oracle.dbtools.crest.model.design.storage.oracle.v11g.TableProxyOraclev11g" name="RESIDENTE_TEMPORAL" directorySegmentName="seg_0" id="DDCAF56E-8B0F-C1F6-20AB-1080935C8F8E">
<createdBy>diegocarvajalarias</createdBy>
<createdTime>2025-09-02 02:47:24 UTC</createdTime>
<ownerDesignName>exp03_s03_dcarvajal</ownerDesignName>
<logging>YES</logging>
<partitionedRowMovement>DISABLE</partitionedRowMovement>
<temporaryChanged>false</temporaryChanged>
<accessDriverType>oracle_loader</accessDriverType>
<rejectLimit></rejectLimit>
<columnProxies itemClass="oracle.dbtools.crest.model.design.storage.oracle.v12c.ColumnProxyOraclev12c">
<ColumnProxy name="id_residente1" id="358802B8-9135-A205-A23A-32DF4DA03DEB">
<createdBy>diegocarvajalarias</createdBy>
<createdTime>2025-09-02 03:32:30 UTC</createdTime>
<ownerDesignName>exp03_s03_dcarvajal</ownerDesignName>
</ColumnProxy>
<ColumnProxy name="id_residente" id="9B506A33-FC63-D316-D57F-F59E2302453A">
<createdBy>diegocarvajalarias</createdBy>
<createdTime>2025-09-02 02:47:24 UTC</createdTime>
<ownerDesignName>exp03_s03_dcarvajal</ownerDesignName>
</ColumnProxy>
<ColumnProxy name="dias_estadia" id="AC218119-3666-09B2-C419-00654BA559D7">
<createdBy>diegocarvajalarias</createdBy>
<createdTime>2025-09-02 02:47:24 UTC</createdTime>
<ownerDesignName>exp03_s03_dcarvajal</ownerDesignName>
</ColumnProxy>
</columnProxies>
<foreignKeys>
<ForeignKey class="oracle.dbtools.crest.model.design.storage.oracle.v10g.FKProxyOraclev10g" name="RES_TEMP_RESIDENTE_FK" id="BD36EF46-143D-E0A6-1D4B-65371D93D61E">
<createdBy>diegocarvajalarias</createdBy>
<createdTime>2025-09-02 02:47:24 UTC</createdTime>
<ownerDesignName>exp03_s03_dcarvajal</ownerDesignName>
</ForeignKey>
</foreignKeys>
<primaryKeys>
<PrimaryKey class="oracle.dbtools.crest.model.design.storage.oracle.v10g.PKProxyOraclev10g" name="RESIDENTE_TEMPORAL_PK" id="72B6CB75-54D6-3853-01AE-4225EBC2CEF8">
<createdBy>diegocarvajalarias</createdBy>
<createdTime>2025-09-02 03:32:30 UTC</createdTime>
<ownerDesignName>exp03_s03_dcarvajal</ownerDesignName>
<indexSort>SORTED</indexSort>
</PrimaryKey>
<PrimaryKey class="oracle.dbtools.crest.model.design.storage.oracle.v10g.UniqueOraclev10g" name="RES_TEMP_PK" id="CCE44DD2-C306-EF73-CC31-DA7F85A9BDF9">
<createdBy>diegocarvajalarias</createdBy>
<createdTime>2025-09-02 03:32:30 UTC</createdTime>
<ownerDesignName>exp03_s03_dcarvajal</ownerDesignName>
<indexSort>SORTED</indexSort>
</PrimaryKey>
</primaryKeys>
<tableCheckConstraints itemClass="oracle.dbtools.crest.model.design.storage.oracle.TableCheckConstraintOracle">
<TableCheckConstraint name="CHK_RES_TEMP_DIAS" id="240AB563-77BD-C677-B94A-F9479C7DA314">
<createdBy>diegocarvajalarias</createdBy>
<createdTime>2025-09-02 02:47:24 UTC</createdTime>
<ownerDesignName>exp03_s03_dcarvajal</ownerDesignName>
<nameChanged>true</nameChanged>
</TableCheckConstraint>
</tableCheckConstraints>
</TableProxyOraclev11g>