<?xml version = '1.0' encoding = 'UTF-8'?>
<TableProxyOraclev11g class="oracle.dbtools.crest.model.design.storage.oracle.v11g.TableProxyOraclev11g" name="CUIDADOR" directorySegmentName="seg_0" id="F3CAE1F0-99FC-D65F-228F-EB2624A9B71E">
<createdBy>diegocarvajalarias</createdBy>
<createdTime>2025-09-02 02:47:24 UTC</createdTime>
<ownerDesignName>exp03_s03_dcarvajal</ownerDesignName>
<logging>YES</logging>
<partitionedRowMovement>DISABLE</partitionedRowMovement>
<temporaryChanged>false</temporaryChanged>
<accessDriverType>oracle_loader</accessDriverType>
<rejectLimit></rejectLimit>
<columnProxies itemClass="oracle.dbtools.crest.model.design.storage.oracle.v12c.ColumnProxyOraclev12c">
<ColumnProxy name="rut" id="A50254D1-0D27-F8AD-33CF-A74D6AF66189">
<createdBy>diegocarvajalarias</createdBy>
<createdTime>2025-09-02 02:47:24 UTC</createdTime>
<ownerDesignName>exp03_s03_dcarvajal</ownerDesignName>
</ColumnProxy>
<ColumnProxy name="cuidador_id" id="C87C4613-8F5A-8A1F-2F29-9C94121D1A86">
<createdBy>diegocarvajalarias</createdBy>
<createdTime>2025-09-02 03:32:30 UTC</createdTime>
<ownerDesignName>exp03_s03_dcarvajal</ownerDesignName>
</ColumnProxy>
<ColumnProxy name="labores" id="F6D9ABB7-9B2D-480C-3A3E-79FD8D1C08DE">
<createdBy>diegocarvajalarias</createdBy>
<createdTime>2025-09-02 03:32:30 UTC</createdTime>
<ownerDesignName>exp03_s03_dcarvajal</ownerDesignName>
</ColumnProxy>
</columnProxies>
<foreignKeys>
<ForeignKey class="oracle.dbtools.crest.model.design.storage.oracle.v10g.FKProxyOraclev10g" name="CUIDADOR_PERSONAL_FK" id="7F30819F-8693-B414-34E9-19433CC4C1AA">
<createdBy>diegocarvajalarias</createdBy>
<createdTime>2025-09-02 02:47:24 UTC</createdTime>
<ownerDesignName>exp03_s03_dcarvajal</ownerDesignName>
</ForeignKey>
</foreignKeys>
<primaryKeys>
<PrimaryKey class="oracle.dbtools.crest.model.design.storage.oracle.v10g.PKProxyOraclev10g" name="CUIDADOR_PKv1" id="7FBC0297-DC87-BB3A-64FC-D28518A66C25">
<createdBy>diegocarvajalarias</createdBy>
<createdTime>2025-09-02 03:32:30 UTC</createdTime>
<ownerDesignName>exp03_s03_dcarvajal</ownerDesignName>
<indexSort>SORTED</indexSort>
</PrimaryKey>
<PrimaryKey class="oracle.dbtools.crest.model.design.storage.oracle.v10g.UniqueOraclev10g" name="CUIDADOR_PK" id="B3A314BF-235C-F597-EC4E-D98EE762C6DF">
<createdBy>diegocarvajalarias</createdBy>
<createdTime>2025-09-02 03:32:30 UTC</createdTime>
<ownerDesignName>exp03_s03_dcarvajal</ownerDesignName>
<indexSort>SORTED</indexSort>
</PrimaryKey>
</primaryKeys>
</TableProxyOraclev11g>