<?xml version = '1.0' encoding = 'UTF-8'?>
<Relation class="oracle.dbtools.crest.model.design.logical.Relation" name="empresa_postulacion" directorySegmentName="seg_0" id="5DE9D55B-18B4-ECED-133F-039ED927733D">
<createdBy>fifam</createdBy>
<createdTime>2025-09-04 20:34:24 UTC</createdTime>
<ownerDesignName>ministeriotrabajo</ownerDesignName>
<engineerTo>
<item key="EE794041-BB45-12F4-A458-C7F3493EF7D5" value="true"/>
</engineerTo>
<sourcePk>6DFDDDA6-99AD-847E-7656-8A7DB576ADC2</sourcePk>
<identifying>false</identifying>
<optionalSource>true</optionalSource>
<optionalTarget>false</optionalTarget>
<sourceCardinality>1</sourceCardinality>
<sourceEntity>29D56B33-01DE-5315-BBE4-9A1A7B2F55FE</sourceEntity>
<targetCardinalityString>*</targetCardinalityString>
<targetEntity>114B4815-8CCA-AF4E-4133-D3FD1EC840A7</targetEntity>
<transferable>true</transferable>
<deleteRule>NO ACTION</deleteRule>
</Relation>