<?xml version = '1.0' encoding = 'UTF-8'?>
<Relation class="oracle.dbtools.crest.model.design.logical.Relation" name="profesion_postulante" directorySegmentName="seg_0" id="608822EE-2793-661F-BD56-26DA4E5B3C53">
<createdBy>fifam</createdBy>
<createdTime>2025-09-04 20:36:06 UTC</createdTime>
<ownerDesignName>ministeriotrabajo</ownerDesignName>
<engineerTo>
<item key="EE794041-BB45-12F4-A458-C7F3493EF7D5" value="true"/>
</engineerTo>
<identifying>false</identifying>
<optionalSource>true</optionalSource>
<optionalTarget>false</optionalTarget>
<sourceCardinality>*</sourceCardinality>
<sourceEntity>47033367-24F6-6050-4E21-BE5647537A14</sourceEntity>
<targetCardinalityString>*</targetCardinalityString>
<targetEntity>A07B6477-71AB-257B-9C34-EED5541A8946</targetEntity>
<transferable>true</transferable>
<deleteRule>NO ACTION</deleteRule>
</Relation>