<?xml version = '1.0' encoding = 'UTF-8'?>
<Relation class="oracle.dbtools.crest.model.design.logical.Relation" name="pais_empresa" directorySegmentName="seg_0" id="71F001D3-D2F1-3CCF-178C-4BA835CADB71">
<createdBy>fifam</createdBy>
<createdTime>2025-09-04 20:40:45 UTC</createdTime>
<ownerDesignName>ministeriotrabajo</ownerDesignName>
<engineerTo>
<item key="EE794041-BB45-12F4-A458-C7F3493EF7D5" value="true"/>
</engineerTo>
<sourcePk>C9B095C8-0D6F-4961-6100-5F382E763813</sourcePk>
<identifying>false</identifying>
<optionalSource>false</optionalSource>
<optionalTarget>false</optionalTarget>
<sourceCardinality>1</sourceCardinality>
<sourceEntity>4F2964CC-FE35-8500-D6F1-2E65D0E0F35F</sourceEntity>
<targetCardinalityString>*</targetCardinalityString>
<targetEntity>29D56B33-01DE-5315-BBE4-9A1A7B2F55FE</targetEntity>
<transferable>true</transferable>
<deleteRule>NO ACTION</deleteRule>
</Relation>