<?xml version = '1.0' encoding = 'UTF-8'?>
<Relation class="oracle.dbtools.crest.model.design.logical.Relation" name="postulacion_dominio" directorySegmentName="seg_0" id="7B260068-6957-1FAA-0B4D-EE9E15BB568E">
<createdBy>fifam</createdBy>
<createdTime>2025-09-04 21:10:28 UTC</createdTime>
<ownerDesignName>ministeriotrabajo</ownerDesignName>
<engineerTo>
<item key="EE794041-BB45-12F4-A458-C7F3493EF7D5" value="true"/>
</engineerTo>
<sourcePk>60660F95-C85C-061B-5697-0D086051D9AB</sourcePk>
<identifying>false</identifying>
<optionalSource>false</optionalSource>
<optionalTarget>false</optionalTarget>
<sourceCardinality>1</sourceCardinality>
<sourceEntity>114B4815-8CCA-AF4E-4133-D3FD1EC840A7</sourceEntity>
<targetCardinalityString>*</targetCardinalityString>
<targetEntity>38B432D0-E1DF-172C-D2EE-81A31E65ABFA</targetEntity>
<transferable>true</transferable>
<deleteRule>NO ACTION</deleteRule>
</Relation>