<?xml version = '1.0' encoding = 'UTF-8'?>
<Relation class="oracle.dbtools.crest.model.design.logical.Relation" name="idioma_dominio" directorySegmentName="seg_0" id="7E336F96-191B-E6BD-2CCE-74DD01F0E93C">
<createdBy>fifam</createdBy>
<createdTime>2025-09-04 21:12:48 UTC</createdTime>
<ownerDesignName>ministeriotrabajo</ownerDesignName>
<engineerTo>
<item key="EE794041-BB45-12F4-A458-C7F3493EF7D5" value="true"/>
</engineerTo>
<sourcePk>EBC29F29-161B-E77D-D96E-C17807CFFFBC</sourcePk>
<identifying>false</identifying>
<optionalSource>false</optionalSource>
<optionalTarget>false</optionalTarget>
<sourceCardinality>1</sourceCardinality>
<sourceEntity>EACAD968-6A45-F3BE-32A0-AC95E0D1558A</sourceEntity>
<targetCardinalityString>*</targetCardinalityString>
<targetEntity>38B432D0-E1DF-172C-D2EE-81A31E65ABFA</targetEntity>
<transferable>true</transferable>
<deleteRule>NO ACTION</deleteRule>
</Relation>