<?xml version = '1.0' encoding = 'UTF-8'?>
<Relation class="oracle.dbtools.crest.model.design.logical.Relation" name="postulante_postulacion" directorySegmentName="seg_0" id="CE9E96E2-020B-ADF1-C4E4-F7A0AF211948">
<createdBy>fifam</createdBy>
<createdTime>2025-09-04 20:32:26 UTC</createdTime>
<ownerDesignName>ministeriotrabajo</ownerDesignName>
<engineerTo>
<item key="EE794041-BB45-12F4-A458-C7F3493EF7D5" value="true"/>
</engineerTo>
<sourcePk>F66BFD3F-67D3-D5F5-10E9-9C5A203D2BB2</sourcePk>
<identifying>false</identifying>
<optionalSource>false</optionalSource>
<optionalTarget>false</optionalTarget>
<sourceCardinality>1</sourceCardinality>
<sourceEntity>A07B6477-71AB-257B-9C34-EED5541A8946</sourceEntity>
<targetCardinalityString>*</targetCardinalityString>
<targetEntity>114B4815-8CCA-AF4E-4133-D3FD1EC840A7</targetEntity>
<transferable>true</transferable>
<deleteRule>NO ACTION</deleteRule>
</Relation>