<?xml version = '1.0' encoding = 'UTF-8'?>
<Relation class="oracle.dbtools.crest.model.design.logical.Relation" name="pais_cuidad" directorySegmentName="seg_0" id="EB5C069F-E489-4725-3561-357D43B4889D">
<createdBy>fifam</createdBy>
<createdTime>2025-09-04 20:39:44 UTC</createdTime>
<ownerDesignName>ministeriotrabajo</ownerDesignName>
<engineerTo>
<item key="EE794041-BB45-12F4-A458-C7F3493EF7D5" value="true"/>
</engineerTo>
<sourcePk>C9B095C8-0D6F-4961-6100-5F382E763813</sourcePk>
<identifying>false</identifying>
<optionalSource>false</optionalSource>
<optionalTarget>false</optionalTarget>
<sourceCardinality>1</sourceCardinality>
<sourceEntity>4F2964CC-FE35-8500-D6F1-2E65D0E0F35F</sourceEntity>
<targetCardinalityString>*</targetCardinalityString>
<targetEntity>F99C0BEF-D9D6-C594-D414-8FE77CE3D22D</targetEntity>
<transferable>true</transferable>
<deleteRule>NO ACTION</deleteRule>
</Relation>