<?xml version = '1.0' encoding = 'UTF-8'?>
<Diagram class="oracle.dbtools.crest.swingui.logical.DPVLogical" name="Logical" id="180A13A1-C202-3B50-CC74-D56B600F1AF4">
<createdBy>fifam</createdBy>
<modifiedBy>fifam</modifiedBy>
<createdTime>2025-09-04 17:27:15 UTC</createdTime>
<autoRoute>false</autoRoute>
<boxInbox>true</boxInbox>
<showLegend>false</showLegend>
<showLabels>false</showLabels>
<showRelAttributes>false</showRelAttributes>
<gridEnabled>false</gridEnabled>
<showGrid>false</showGrid>
<diagramColor>-1</diagramColor>
<display>false</display>
<notation>1</notation>
<objectViews>
<OView class="oracle.dbtools.crest.swingui.logical.TVEntity" oid="114B4815-8CCA-AF4E-4133-D3FD1EC840A7" otype="Entity" vid="7BEB41E9-983C-EBB6-0BA2-B1A7E566F182">
<hideElementsInCurrentOnly>false</hideElementsInCurrentOnly>
<bounds x="663" y="135" width="215" height="129"/>
</OView>
<OView class="oracle.dbtools.crest.swingui.logical.TVEntity" oid="29D56B33-01DE-5315-BBE4-9A1A7B2F55FE" otype="Entity" vid="FAE9A482-F817-086E-F7D8-06157D0D7222">
<hideElementsInCurrentOnly>false</hideElementsInCurrentOnly>
<bounds x="652" y="345" width="224" height="105"/>
</OView>
<OView class="oracle.dbtools.crest.swingui.logical.TVEntity" oid="38B432D0-E1DF-172C-D2EE-81A31E65ABFA" otype="Entity" vid="C1C5A4DE-7C9A-8D57-9175-589FCB8C1BB8">
<hideElementsInCurrentOnly>false</hideElementsInCurrentOnly>
<bounds x="731" y="12" width="192" height="83"/>
</OView>
<OView class="oracle.dbtools.crest.swingui.logical.TVEntity" oid="47033367-24F6-6050-4E21-BE5647537A14" otype="Entity" vid="9D669E33-D48A-7938-E94C-D7DE505E4DA1">
<hideElementsInCurrentOnly>false</hideElementsInCurrentOnly>
<bounds x="5" y="146" width="276" height="99"/>
</OView>
<OView class="oracle.dbtools.crest.swingui.logical.TVEntity" oid="4F2964CC-FE35-8500-D6F1-2E65D0E0F35F" otype="Entity" vid="23E41CBE-73D0-2559-E324-82EACF3EE517">
<hideElementsInCurrentOnly>false</hideElementsInCurrentOnly>
<bounds x="364" y="341" width="186" height="109"/>
</OView>
<OView class="oracle.dbtools.crest.swingui.logical.TVEntity" oid="A07B6477-71AB-257B-9C34-EED5541A8946" otype="Entity" vid="E6A340AB-5992-3E52-05E1-4164920AFBA5">
<hideElementsInCurrentOnly>false</hideElementsInCurrentOnly>
<bounds x="357" y="114" width="200" height="156"/>
</OView>
<OView class="oracle.dbtools.crest.swingui.logical.TVEntity" oid="EACAD968-6A45-F3BE-32A0-AC95E0D1558A" otype="Entity" vid="F464E16A-5D9B-1725-6075-6EEADEC43F98">
<hideElementsInCurrentOnly>false</hideElementsInCurrentOnly>
<bounds x="500" y="7" width="182" height="67"/>
</OView>
<OView class="oracle.dbtools.crest.swingui.logical.TVEntity" oid="F99C0BEF-D9D6-C594-D414-8FE77CE3D22D" otype="Entity" vid="B5F2E1B2-5415-A96A-1A24-2F8DA1C1B317">
<hideElementsInCurrentOnly>false</hideElementsInCurrentOnly>
<bounds x="112" y="340" width="169" height="108"/>
</OView>
</objectViews>
<connectors>
<Connector class="oracle.dbtools.crest.swingui.logical.TVRelation" oid="5DE9D55B-18B4-ECED-133F-039ED927733D" otype="Relation" vid_source="FAE9A482-F817-086E-F7D8-06157D0D7222" vid_target="7BEB41E9-983C-EBB6-0BA2-B1A7E566F182">
<hideElementsInCurrentOnly>false</hideElementsInCurrentOnly>
<backgroundColor>-16777216</backgroundColor>
<lineWidth>1</lineWidth>
<points>
<point x="769" y="345"/>
<point x="769" y="264"/>
</points>
</Connector>
<Connector class="oracle.dbtools.crest.swingui.logical.TVRelation" oid="608822EE-2793-661F-BD56-26DA4E5B3C53" otype="Relation" vid_source="9D669E33-D48A-7938-E94C-D7DE505E4DA1" vid_target="E6A340AB-5992-3E52-05E1-4164920AFBA5">
<hideElementsInCurrentOnly>false</hideElementsInCurrentOnly>
<backgroundColor>-16777216</backgroundColor>
<lineWidth>1</lineWidth>
<points>
<point x="281" y="195"/>
<point x="357" y="195"/>
</points>
</Connector>
<Connector class="oracle.dbtools.crest.swingui.logical.TVRelation" oid="71F001D3-D2F1-3CCF-178C-4BA835CADB71" otype="Relation" vid_source="23E41CBE-73D0-2559-E324-82EACF3EE517" vid_target="FAE9A482-F817-086E-F7D8-06157D0D7222">
<hideElementsInCurrentOnly>false</hideElementsInCurrentOnly>
<backgroundColor>-16777216</backgroundColor>
<lineWidth>1</lineWidth>
<points>
<point x="550" y="397"/>
<point x="652" y="397"/>
</points>
</Connector>
<Connector class="oracle.dbtools.crest.swingui.logical.TVRelation" oid="7B260068-6957-1FAA-0B4D-EE9E15BB568E" otype="Relation" vid_source="7BEB41E9-983C-EBB6-0BA2-B1A7E566F182" vid_target="C1C5A4DE-7C9A-8D57-9175-589FCB8C1BB8">
<hideElementsInCurrentOnly>false</hideElementsInCurrentOnly>
<backgroundColor>-16777216</backgroundColor>
<lineWidth>1</lineWidth>
<points>
<point x="804" y="135"/>
<point x="804" y="95"/>
</points>
</Connector>
<Connector class="oracle.dbtools.crest.swingui.logical.TVRelation" oid="7E336F96-191B-E6BD-2CCE-74DD01F0E93C" otype="Relation" vid_source="F464E16A-5D9B-1725-6075-6EEADEC43F98" vid_target="C1C5A4DE-7C9A-8D57-9175-589FCB8C1BB8">
<hideElementsInCurrentOnly>false</hideElementsInCurrentOnly>
<backgroundColor>-16777216</backgroundColor>
<lineWidth>1</lineWidth>
<points>
<point x="682" y="43"/>
<point x="731" y="43"/>
</points>
</Connector>
<Connector class="oracle.dbtools.crest.swingui.logical.TVRelation" oid="CE9E96E2-020B-ADF1-C4E4-F7A0AF211948" otype="Relation" vid_source="E6A340AB-5992-3E52-05E1-4164920AFBA5" vid_target="7BEB41E9-983C-EBB6-0BA2-B1A7E566F182">
<hideElementsInCurrentOnly>false</hideElementsInCurrentOnly>
<backgroundColor>-16777216</backgroundColor>
<lineWidth>1</lineWidth>
<points>
<point x="557" y="199"/>
<point x="663" y="199"/>
</points>
</Connector>
<Connector class="oracle.dbtools.crest.swingui.logical.TVRelation" oid="EB5C069F-E489-4725-3561-357D43B4889D" otype="Relation" vid_source="23E41CBE-73D0-2559-E324-82EACF3EE517" vid_target="B5F2E1B2-5415-A96A-1A24-2F8DA1C1B317">
<hideElementsInCurrentOnly>false</hideElementsInCurrentOnly>
<backgroundColor>-16777216</backgroundColor>
<lineWidth>1</lineWidth>
<points>
<point x="364" y="394"/>
<point x="281" y="394"/>
</points>
</Connector>
</connectors>
</Diagram>