<?xml version = '1.0' encoding = 'UTF-8'?>
<relationalModel class="oracle.dbtools.crest.model.design.relational.RelationalDesign" name="Relational_1" id="9CC6A98E-7C88-CCBB-4137-BBE24003249E" mainViewID="0B660637-003B-14FB-6D2E-7ACDA06AA742">
<createdBy>diegocarvajalarias</createdBy>
<createdTime>2025-09-16 00:52:11 UTC</createdTime>
<ownerDesignName>s05</ownerDesignName>
<shouldBeOpen>false</shouldBeOpen>
<selectedRDBMSSite>32076570-2523-435C-2E92-BF29817DFF70</selectedRDBMSSite>
<importDDLFileStamps>
<importDDLFileStamp class="oracle.dbtools.crest.imports.DDLFileStamp">
<fileName>1.sql</fileName>
<pathName>/Users/diegocarvajalarias/Documents/Cursos/Duoc/04-Modelamiento de base de datos/Semana05/sql</pathName>
<dbType>9</dbType>
</importDDLFileStamp>
</importDDLFileStamps>
</relationalModel>