<?xml version = '1.0' encoding = 'UTF-8'?>
<Diagram class="oracle.dbtools.crest.swingui.relational.DPVRelationalSubView" name="From_LM_Logical - SubView_1" id="6A25A6C2-48A0-AC30-A964-1904E5522053">
<createdBy>diegocarvajalarias</createdBy>
<modifiedBy>diegocarvajalarias</modifiedBy>
<createdTime>2025-10-12 04:30:01 UTC</createdTime>
<autoRoute>false</autoRoute>
<boxInbox>true</boxInbox>
<showLegend>false</showLegend>
<showLabels>false</showLabels>
<showRelAttributes>false</showRelAttributes>
<gridEnabled>false</gridEnabled>
<showGrid>false</showGrid>
<diagramColor>-1</diagramColor>
<display>false</display>
<generatorId>73F19567-B2A0-F485-B2FD-ADBEF24611E1</generatorId>
<notation>1</notation>
<objectViews>
<OView class="oracle.dbtools.crest.swingui.relational.TVTable" oid="52C319F5-1264-CC5E-C9C9-74A26BE72695" otype="Table" vid="F2BD3582-CB20-0087-1346-3FAFA7C1BD72">
<hideElementsInCurrentOnly>false</hideElementsInCurrentOnly>
<bounds x="542" y="274" width="268" height="206"/>
<generatorID>244E3C67-3035-8351-41B4-5EF4F00B32A2</generatorID>
</OView>
</objectViews>
<connectors>
<Connector class="oracle.dbtools.crest.swingui.relational.TVFKRelation" oid="DC7B9A98-365E-1178-1E1C-C943158F8D95" otype="FKIndexAssociation" vid_source="F2BD3582-CB20-0087-1346-3FAFA7C1BD72" vid_target="F2BD3582-CB20-0087-1346-3FAFA7C1BD72">
<hideElementsInCurrentOnly>false</hideElementsInCurrentOnly>
<backgroundColor>-16777216</backgroundColor>
<lineWidth>1</lineWidth>
<points>
<point x="810" y="480"/>
<point x="986" y="609"/>
<point x="986" y="812"/>
<point x="696" y="812"/>
<point x="696" y="480"/>
</points>
</Connector>
</connectors>
</Diagram>