<?xml version = '1.0' encoding = 'UTF-8'?>
<Diagram class="oracle.dbtools.crest.swingui.relational.DPVRelational" name="Relational_1" id="820FCC46-EEA1-7EE9-21DB-B485620325D3">
<createdBy>diegocarvajalarias</createdBy>
<modifiedBy>diegocarvajalarias</modifiedBy>
<createdTime>2025-10-12 04:27:09 UTC</createdTime>
<autoRoute>false</autoRoute>
<boxInbox>true</boxInbox>
<showLegend>false</showLegend>
<showLabels>false</showLabels>
<showRelAttributes>false</showRelAttributes>
<gridEnabled>false</gridEnabled>
<showGrid>false</showGrid>
<diagramColor>-1</diagramColor>
<display>false</display>
<notation>1</notation>
<objectViews>
<OView class="oracle.dbtools.crest.swingui.relational.TVTable" oid="0892EB7D-5433-C075-E51E-BC17A4B66715" otype="Table" vid="86CAD234-01F6-D5AC-C060-FC6C4C659FF7">
<hideElementsInCurrentOnly>false</hideElementsInCurrentOnly>
<bounds x="1019" y="738" width="550" height="168"/>
</OView>
<OView class="oracle.dbtools.crest.swingui.relational.TVTable" oid="3EA07C22-C8C3-EB87-2D24-B97CDE5B265D" otype="Table" vid="37ED761A-C517-8DAF-DC7A-FB984403A0C2">
<hideElementsInCurrentOnly>false</hideElementsInCurrentOnly>
<bounds x="147" y="1006" width="296" height="125"/>
</OView>
<OView class="oracle.dbtools.crest.swingui.relational.TVTable" oid="52C319F5-1264-CC5E-C9C9-74A26BE72695" otype="Table" vid="DE5CD812-F944-AD3D-A4F0-959E38DAD822">
<hideElementsInCurrentOnly>false</hideElementsInCurrentOnly>
<bounds x="279" y="389" width="642" height="431"/>
</OView>
<OView class="oracle.dbtools.crest.swingui.relational.TVTable" oid="58302559-9826-1705-C93E-9519B8B38337" otype="Table" vid="CD58EB42-13C5-9848-C840-F04B3517142B">
<hideElementsInCurrentOnly>false</hideElementsInCurrentOnly>
<bounds x="366" y="90" width="336" height="179"/>
</OView>
<OView class="oracle.dbtools.crest.swingui.relational.TVTable" oid="72271E22-DF28-C69B-D3C4-0F5C3727197E" otype="Table" vid="84D90C3B-8946-C0B7-0518-C77C733666DB">
<hideElementsInCurrentOnly>false</hideElementsInCurrentOnly>
<bounds x="24" y="180" width="230" height="121"/>
</OView>
<OView class="oracle.dbtools.crest.swingui.relational.TVTable" oid="936DAA92-E338-5948-A030-37584ED894F9" otype="Table" vid="110F98DB-8C7B-9DEA-FCEE-606171CC619D">
<hideElementsInCurrentOnly>false</hideElementsInCurrentOnly>
<bounds x="1445" y="446" width="697" height="255"/>
</OView>
<OView class="oracle.dbtools.crest.swingui.relational.TVTable" oid="9E9A2CBF-2EF4-4A91-E8EE-329B34B9EB8A" otype="Table" vid="C91C116B-ECFF-A278-0E06-E92707028F7E">
<hideElementsInCurrentOnly>false</hideElementsInCurrentOnly>
<bounds x="1812" y="119" width="261" height="102"/>
</OView>
<OView class="oracle.dbtools.crest.swingui.relational.TVTable" oid="A52EE050-D3E1-7802-DAB9-704B9C278AF2" otype="Table" vid="BF4EFD18-CBB0-AA77-6D8A-FE27D2A5EE01">
<hideElementsInCurrentOnly>false</hideElementsInCurrentOnly>
<bounds x="789" y="980" width="308" height="110"/>
</OView>
<OView class="oracle.dbtools.crest.swingui.relational.TVTable" oid="BCD097EE-7D6E-8218-7A46-D40A8E8ED6B7" otype="Table" vid="3E9D7B66-A8E1-8A69-CB50-9550C3BE7DE4">
<hideElementsInCurrentOnly>false</hideElementsInCurrentOnly>
<bounds x="1183" y="86" width="403" height="186"/>
</OView>
<OView class="oracle.dbtools.crest.swingui.relational.TVTable" oid="D180C8DA-A743-9D5C-D8B1-ACEC79CF24E4" otype="Table" vid="73CCE871-CEEB-64A1-A1B5-42CB03971508">
<hideElementsInCurrentOnly>false</hideElementsInCurrentOnly>
<bounds x="480" y="999" width="295" height="119"/>
</OView>
<OView class="oracle.dbtools.crest.swingui.relational.TVTable" oid="D7C7D825-38C9-9C30-06A5-95AC4BA71DFE" otype="Table" vid="E9A879D7-D5B2-A760-FD5D-9A426D333EF6">
<hideElementsInCurrentOnly>false</hideElementsInCurrentOnly>
<bounds x="1574" y="1013" width="238" height="121"/>
</OView>
<OView class="oracle.dbtools.crest.swingui.relational.TVTable" oid="EC41CCE1-98A8-3FEE-F6DB-28780786F093" otype="Table" vid="5BBF74D2-3878-A82E-9B73-B3EE64F67B75">
<hideElementsInCurrentOnly>false</hideElementsInCurrentOnly>
<bounds x="28" y="466" width="222" height="84"/>
</OView>
</objectViews>
<connectors>
<Connector class="oracle.dbtools.crest.swingui.relational.TVFKRelation" oid="21D7B020-7849-FBBC-8CAE-ED6C1ED27487" otype="FKIndexAssociation" vid_source="CD58EB42-13C5-9848-C840-F04B3517142B" vid_target="3E9D7B66-A8E1-8A69-CB50-9550C3BE7DE4">
<hideElementsInCurrentOnly>false</hideElementsInCurrentOnly>
<backgroundColor>-16777216</backgroundColor>
<lineWidth>1</lineWidth>
<points>
<point x="702" y="179"/>
<point x="1183" y="179"/>
</points>
</Connector>
<Connector class="oracle.dbtools.crest.swingui.relational.TVFKRelation" oid="3346E587-FF5D-C8B2-C1BA-98312495D84C" otype="FKIndexAssociation" vid_source="E9A879D7-D5B2-A760-FD5D-9A426D333EF6" vid_target="110F98DB-8C7B-9DEA-FCEE-606171CC619D">
<hideElementsInCurrentOnly>false</hideElementsInCurrentOnly>
<backgroundColor>-16777216</backgroundColor>
<lineWidth>1</lineWidth>
<points>
<point x="1693" y="1013"/>
<point x="1693" y="701"/>
</points>
</Connector>
<Connector class="oracle.dbtools.crest.swingui.relational.TVFKRelation" oid="370ED170-7B2C-7392-DC1C-C9C0F877D167" otype="FKIndexAssociation" vid_source="84D90C3B-8946-C0B7-0518-C77C733666DB" vid_target="CD58EB42-13C5-9848-C840-F04B3517142B">
<hideElementsInCurrentOnly>false</hideElementsInCurrentOnly>
<backgroundColor>-16777216</backgroundColor>
<lineWidth>1</lineWidth>
<points>
<point x="254" y="224"/>
<point x="366" y="224"/>
</points>
</Connector>
<Connector class="oracle.dbtools.crest.swingui.relational.TVFKRelation" oid="417297A2-8D42-F96A-37E1-6A9E70D30153" otype="FKIndexAssociation" vid_source="5BBF74D2-3878-A82E-9B73-B3EE64F67B75" vid_target="84D90C3B-8946-C0B7-0518-C77C733666DB">
<hideElementsInCurrentOnly>false</hideElementsInCurrentOnly>
<backgroundColor>-16777216</backgroundColor>
<lineWidth>1</lineWidth>
<points>
<point x="139" y="466"/>
<point x="139" y="301"/>
</points>
</Connector>
<Connector class="oracle.dbtools.crest.swingui.relational.TVFKRelation" oid="436D9A4B-5A68-45E6-5CB3-A124E0D556B1" otype="FKIndexAssociation" vid_source="3E9D7B66-A8E1-8A69-CB50-9550C3BE7DE4" vid_target="110F98DB-8C7B-9DEA-FCEE-606171CC619D">
<hideElementsInCurrentOnly>false</hideElementsInCurrentOnly>
<backgroundColor>-16777216</backgroundColor>
<lineWidth>1</lineWidth>
<points>
<point x="1515" y="272"/>
<point x="1515" y="446"/>
</points>
</Connector>
<Connector class="oracle.dbtools.crest.swingui.relational.TVFKRelation" oid="6750E3B5-AE18-BFF9-80F9-9FF8D38F8BDB" otype="FKIndexAssociation" vid_source="DE5CD812-F944-AD3D-A4F0-959E38DAD822" vid_target="37ED761A-C517-8DAF-DC7A-FB984403A0C2">
<hideElementsInCurrentOnly>false</hideElementsInCurrentOnly>
<backgroundColor>-16777216</backgroundColor>
<lineWidth>1</lineWidth>
<points>
<point x="361" y="820"/>
<point x="361" y="1006"/>
</points>
</Connector>
<Connector class="oracle.dbtools.crest.swingui.relational.TVFKRelation" oid="7B65EA49-5FD5-6887-DB15-153341ED7D13" otype="FKIndexAssociation" vid_source="DE5CD812-F944-AD3D-A4F0-959E38DAD822" vid_target="110F98DB-8C7B-9DEA-FCEE-606171CC619D">
<hideElementsInCurrentOnly>false</hideElementsInCurrentOnly>
<backgroundColor>-16777216</backgroundColor>
<lineWidth>1</lineWidth>
<points>
<point x="921" y="573"/>
<point x="1445" y="573"/>
</points>
</Connector>
<Connector class="oracle.dbtools.crest.swingui.relational.TVFKRelation" oid="D38651D6-F01F-E9C0-A96E-BE402A04A568" otype="FKIndexAssociation" vid_source="BF4EFD18-CBB0-AA77-6D8A-FE27D2A5EE01" vid_target="86CAD234-01F6-D5AC-C060-FC6C4C659FF7">
<hideElementsInCurrentOnly>false</hideElementsInCurrentOnly>
<backgroundColor>-16777216</backgroundColor>
<lineWidth>1</lineWidth>
<points>
<point x="1058" y="980"/>
<point x="1058" y="906"/>
</points>
</Connector>
<Connector class="oracle.dbtools.crest.swingui.relational.TVFKRelation" oid="D5D464D2-4A67-843C-F91D-0B5C7C1A9F33" otype="FKIndexAssociation" vid_source="CD58EB42-13C5-9848-C840-F04B3517142B" vid_target="DE5CD812-F944-AD3D-A4F0-959E38DAD822">
<hideElementsInCurrentOnly>false</hideElementsInCurrentOnly>
<backgroundColor>-16777216</backgroundColor>
<lineWidth>1</lineWidth>
<points>
<point x="534" y="269"/>
<point x="534" y="389"/>
</points>
</Connector>
<Connector class="oracle.dbtools.crest.swingui.relational.TVFKRelation" oid="DC7B9A98-365E-1178-1E1C-C943158F8D95" otype="FKIndexAssociation" vid_source="DE5CD812-F944-AD3D-A4F0-959E38DAD822" vid_target="DE5CD812-F944-AD3D-A4F0-959E38DAD822">
<hideElementsInCurrentOnly>false</hideElementsInCurrentOnly>
<backgroundColor>-16777216</backgroundColor>
<lineWidth>1</lineWidth>
<points>
<point x="737" y="820"/>
<point x="737" y="908"/>
<point x="509" y="913"/>
<point x="381" y="910"/>
<point x="381" y="820"/>
</points>
</Connector>
<Connector class="oracle.dbtools.crest.swingui.relational.TVFKRelation" oid="E11C5054-1AAD-8E76-2E9A-4ACC177D548F" otype="FKIndexAssociation" vid_source="C91C116B-ECFF-A278-0E06-E92707028F7E" vid_target="3E9D7B66-A8E1-8A69-CB50-9550C3BE7DE4">
<hideElementsInCurrentOnly>false</hideElementsInCurrentOnly>
<backgroundColor>-16777216</backgroundColor>
<lineWidth>1</lineWidth>
<points>
<point x="1812" y="170"/>
<point x="1586" y="170"/>
</points>
</Connector>
<Connector class="oracle.dbtools.crest.swingui.relational.TVFKRelation" oid="E66B3954-8982-2F0C-A475-899181AED7FE" otype="FKIndexAssociation" vid_source="DE5CD812-F944-AD3D-A4F0-959E38DAD822" vid_target="73CCE871-CEEB-64A1-A1B5-42CB03971508">
<hideElementsInCurrentOnly>false</hideElementsInCurrentOnly>
<backgroundColor>-16777216</backgroundColor>
<lineWidth>1</lineWidth>
<points>
<point x="627" y="820"/>
<point x="627" y="999"/>
</points>
</Connector>
<Connector class="oracle.dbtools.crest.swingui.relational.TVFKRelation" oid="F2FEB0F8-4981-64D5-6E8B-25652B2EE0B1" otype="FKIndexAssociation" vid_source="DE5CD812-F944-AD3D-A4F0-959E38DAD822" vid_target="BF4EFD18-CBB0-AA77-6D8A-FE27D2A5EE01">
<hideElementsInCurrentOnly>false</hideElementsInCurrentOnly>
<backgroundColor>-16777216</backgroundColor>
<lineWidth>1</lineWidth>
<points>
<point x="855" y="820"/>
<point x="855" y="980"/>
</points>
</Connector>
<Connector class="oracle.dbtools.crest.swingui.relational.TVFKRelation" oid="FCE9C42C-6E9C-31A2-C613-FF183C9FEB53" otype="FKIndexAssociation" vid_source="3E9D7B66-A8E1-8A69-CB50-9550C3BE7DE4" vid_target="86CAD234-01F6-D5AC-C060-FC6C4C659FF7">
<hideElementsInCurrentOnly>false</hideElementsInCurrentOnly>
<backgroundColor>-16777216</backgroundColor>
<lineWidth>1</lineWidth>
<points>
<point x="1376" y="272"/>
<point x="1376" y="738"/>
</points>
</Connector>
</connectors>
<arcs>
<Arc class="oracle.dbtools.crest.swingui.relational.TVFKArc" oid="CB960281-1ABD-585B-1A38-DD5FFFCEC8CE" otype="FKArc" vid="1E54431B-B331-F35B-6090-277864C29759">
<hideElementsInCurrentOnly>false</hideElementsInCurrentOnly>
<bounds x="259" y="369" width="682" height="471"/>
</Arc>
</arcs>
</Diagram>