<?xml version = '1.0' encoding = 'UTF-8'?>
<Relation class="oracle.dbtools.crest.model.design.logical.Relation" name="HABITACION_RESIDENCIA_FK" directorySegmentName="seg_0" id="142929CC-8D6D-7C2C-86B8-5352E85AE03C">
<createdBy>diegocarvajalarias</createdBy>
<createdTime>2025-09-02 02:47:38 UTC</createdTime>
<generatorID>D848EE99-A036-4FEC-8F51-3646B230C746</generatorID>
<ownerDesignName>exp03_s03_dcarvajal</ownerDesignName>
<engineerTo>
<item key="087077CE-AFD7-CB8B-4824-1384F4B87775" value="true"/>
</engineerTo>
<sourcePk>712A5B14-9431-2878-2E8C-FA10C59C08DC</sourcePk>
<identifying>false</identifying>
<optionalSource>true</optionalSource>
<optionalTarget>false</optionalTarget>
<sourceCardinality>1</sourceCardinality>
<sourceEntity>40E7F734-AF6F-1FD2-ECA5-B8C4C79C56A9</sourceEntity>
<targetCardinalityString>*</targetCardinalityString>
<targetEntity>3DA53962-A4D0-4047-C62E-9B7151EE98A3</targetEntity>
<transferable>true</transferable>
<deleteRule>NO ACTION</deleteRule>
</Relation>