<?xml version = '1.0' encoding = 'UTF-8'?>
<Relation class="oracle.dbtools.crest.model.design.logical.Relation" name="ANEXO_CONTRATO_FK" directorySegmentName="seg_0" id="4FE1EE0C-C45C-EE73-F659-E4089ED23DBF">
<createdBy>diegocarvajalarias</createdBy>
<createdTime>2025-09-02 02:47:38 UTC</createdTime>
<generatorID>C909AD0F-2D1F-F8BE-1952-99FE172DE626</generatorID>
<ownerDesignName>exp03_s03_dcarvajal</ownerDesignName>
<engineerTo>
<item key="087077CE-AFD7-CB8B-4824-1384F4B87775" value="true"/>
</engineerTo>
<sourcePk>E4CB7165-81F1-4F14-3AF0-07200AA0AF45</sourcePk>
<identifying>false</identifying>
<optionalSource>true</optionalSource>
<optionalTarget>false</optionalTarget>
<sourceCardinality>1</sourceCardinality>
<sourceEntity>87C67317-05DD-617E-90DD-71C6C86BE2B7</sourceEntity>
<targetCardinalityString>*</targetCardinalityString>
<targetEntity>200006BD-8A8D-AF0C-F5F9-1C7990C9D321</targetEntity>
<transferable>true</transferable>
<deleteRule>NO ACTION</deleteRule>
</Relation>