<?xml version = '1.0' encoding = 'UTF-8'?>
<Relation class="oracle.dbtools.crest.model.design.logical.Relation" name="ASIG_HAB_HAB_FK" directorySegmentName="seg_0" id="888F4355-23AF-993D-7DD1-D78E89A56740">
<createdBy>diegocarvajalarias</createdBy>
<createdTime>2025-09-02 02:47:38 UTC</createdTime>
<generatorID>4C733585-6D36-5BA5-6E6F-681EBC2F2679</generatorID>
<ownerDesignName>exp03_s03_dcarvajal</ownerDesignName>
<engineerTo>
<item key="087077CE-AFD7-CB8B-4824-1384F4B87775" value="true"/>
</engineerTo>
<sourcePk>34F19BE3-C203-B8B3-ABD5-2600D9858901</sourcePk>
<identifying>false</identifying>
<optionalSource>true</optionalSource>
<optionalTarget>false</optionalTarget>
<sourceCardinality>1</sourceCardinality>
<sourceEntity>3DA53962-A4D0-4047-C62E-9B7151EE98A3</sourceEntity>
<targetCardinalityString>*</targetCardinalityString>
<targetEntity>008B4C34-376E-51D0-AC06-F26089126AEE</targetEntity>
<transferable>true</transferable>
<deleteRule>NO ACTION</deleteRule>
</Relation>