<?xml version = '1.0' encoding = 'UTF-8'?>
<Relation class="oracle.dbtools.crest.model.design.logical.Relation" name="ANEXO_RESIDENTE_FK" directorySegmentName="seg_0" id="9345FB2D-50A3-4A4A-FD12-451EEA1CD5B8">
<createdBy>diegocarvajalarias</createdBy>
<createdTime>2025-09-02 02:47:38 UTC</createdTime>
<generatorID>5CD310A3-E8A7-6D25-C0D4-49891E3AC592</generatorID>
<ownerDesignName>exp03_s03_dcarvajal</ownerDesignName>
<engineerTo>
<item key="087077CE-AFD7-CB8B-4824-1384F4B87775" value="true"/>
</engineerTo>
<sourcePk>065E8A75-CA53-0889-955E-A524EE1D4475</sourcePk>
<identifying>false</identifying>
<optionalSource>true</optionalSource>
<optionalTarget>false</optionalTarget>
<sourceCardinality>1</sourceCardinality>
<sourceEntity>0569E977-CE3D-B332-74E4-AE836C78CA94</sourceEntity>
<targetCardinalityString>*</targetCardinalityString>
<targetEntity>200006BD-8A8D-AF0C-F5F9-1C7990C9D321</targetEntity>
<transferable>true</transferable>
<deleteRule>NO ACTION</deleteRule>
</Relation>