<?xml version = '1.0' encoding = 'UTF-8'?>
<Relation class="oracle.dbtools.crest.model.design.logical.Relation" name="PERSONAL_RESIDENCIA_FK" directorySegmentName="seg_0" id="C4257C93-B4E2-224D-1DC9-B90F797F320D">
<createdBy>diegocarvajalarias</createdBy>
<createdTime>2025-09-02 02:47:38 UTC</createdTime>
<generatorID>58480A2D-9220-4934-9935-D4CAE061BA08</generatorID>
<ownerDesignName>exp03_s03_dcarvajal</ownerDesignName>
<engineerTo>
<item key="087077CE-AFD7-CB8B-4824-1384F4B87775" value="true"/>
</engineerTo>
<sourcePk>712A5B14-9431-2878-2E8C-FA10C59C08DC</sourcePk>
<identifying>false</identifying>
<optionalSource>true</optionalSource>
<optionalTarget>false</optionalTarget>
<sourceCardinality>1</sourceCardinality>
<sourceEntity>40E7F734-AF6F-1FD2-ECA5-B8C4C79C56A9</sourceEntity>
<targetCardinalityString>*</targetCardinalityString>
<targetEntity>D92EAAF8-897E-0208-119A-9679F59E68CE</targetEntity>
<transferable>true</transferable>
<deleteRule>NO ACTION</deleteRule>
</Relation>