<?xml version = '1.0' encoding = 'UTF-8'?>
<Relation class="oracle.dbtools.crest.model.design.logical.Relation" name="ASIG_HAB_RES_FK" directorySegmentName="seg_0" id="E68E1233-722C-4618-BB19-38D918BFE4DC">
<createdBy>diegocarvajalarias</createdBy>
<createdTime>2025-09-02 02:47:38 UTC</createdTime>
<generatorID>A59385DF-0A41-DD9C-E8F5-883E22D99892</generatorID>
<ownerDesignName>exp03_s03_dcarvajal</ownerDesignName>
<engineerTo>
<item key="087077CE-AFD7-CB8B-4824-1384F4B87775" value="true"/>
</engineerTo>
<sourcePk>065E8A75-CA53-0889-955E-A524EE1D4475</sourcePk>
<identifying>false</identifying>
<optionalSource>true</optionalSource>
<optionalTarget>false</optionalTarget>
<sourceCardinality>1</sourceCardinality>
<sourceEntity>0569E977-CE3D-B332-74E4-AE836C78CA94</sourceEntity>
<targetCardinalityString>*</targetCardinalityString>
<targetEntity>008B4C34-376E-51D0-AC06-F26089126AEE</targetEntity>
<transferable>true</transferable>
<deleteRule>NO ACTION</deleteRule>
</Relation>