<?xml version = '1.0' encoding = 'UTF-8'?>
<Diagram class="oracle.dbtools.crest.swingui.relational.DPVRelational" name="Relational_1" id="0B660637-003B-14FB-6D2E-7ACDA06AA742">
<createdBy>diegocarvajalarias</createdBy>
<modifiedBy>diegocarvajalarias</modifiedBy>
<createdTime>2025-09-16 00:54:27 UTC</createdTime>
<autoRoute>false</autoRoute>
<boxInbox>true</boxInbox>
<showLegend>false</showLegend>
<showLabels>false</showLabels>
<showRelAttributes>false</showRelAttributes>
<gridEnabled>false</gridEnabled>
<showGrid>false</showGrid>
<diagramColor>-1</diagramColor>
<display>false</display>
<notation>1</notation>
<objectViews>
<OView class="oracle.dbtools.crest.swingui.relational.TVTable" oid="06F0F87A-F2E4-1210-1B0A-CC6786D0B6B1" otype="Table" vid="3D54EB7F-F4AC-EBDE-E03B-09644D9CA98E">
<hideElementsInCurrentOnly>false</hideElementsInCurrentOnly>
<bounds x="1060" y="119" width="198" height="142"/>
</OView>
<OView class="oracle.dbtools.crest.swingui.relational.TVTable" oid="0D59B558-47B2-7043-4F0C-BB3A479269C8" otype="Table" vid="8B28C3B4-CC86-5ECD-D0B1-049D9DF0E727">
<hideElementsInCurrentOnly>false</hideElementsInCurrentOnly>
<bounds x="1112" y="451" width="191" height="101"/>
</OView>
<OView class="oracle.dbtools.crest.swingui.relational.TVTable" oid="19F48E7F-85A3-0D3A-CED0-766B268F5D4B" otype="Table" vid="9EE4C227-7C86-4B0E-9EBB-2766E049F398">
<hideElementsInCurrentOnly>false</hideElementsInCurrentOnly>
<bounds x="764" y="502" width="266" height="311"/>
</OView>
<OView class="oracle.dbtools.crest.swingui.relational.TVTable" oid="309C3BCD-151C-6DC7-743C-EDB2B309133F" otype="Table" vid="64EE1249-60A1-1218-01AE-DBA178F99D81">
<hideElementsInCurrentOnly>false</hideElementsInCurrentOnly>
<bounds x="1107" y="717" width="262" height="93"/>
</OView>
<OView class="oracle.dbtools.crest.swingui.relational.TVTable" oid="5F892B21-EB1E-2414-8A11-2AEC9EB0B73F" otype="Table" vid="482834EF-9518-B5DF-2495-F32B09D0DA2E">
<hideElementsInCurrentOnly>false</hideElementsInCurrentOnly>
<bounds x="1310" y="140" width="161" height="101"/>
</OView>
<OView class="oracle.dbtools.crest.swingui.relational.TVTable" oid="852C8262-079C-4DA5-5C9E-070FCEAC5424" otype="Table" vid="856C325E-A1E8-DA46-08A7-694C23E8C340">
<hideElementsInCurrentOnly>false</hideElementsInCurrentOnly>
<bounds x="1112" y="559" width="191" height="131"/>
</OView>
<OView class="oracle.dbtools.crest.swingui.relational.TVTable" oid="85ACBECC-6BE8-20DD-E621-D03D6D4E63BC" otype="Table" vid="AE7E1355-FE15-F260-ACE6-B5A1E83E5720">
<hideElementsInCurrentOnly>false</hideElementsInCurrentOnly>
<bounds x="30" y="560" width="251" height="131"/>
</OView>
<OView class="oracle.dbtools.crest.swingui.relational.TVTable" oid="A42C24FC-3025-2E66-9AA5-414B257B20EA" otype="Table" vid="FCFEFBFA-E5C0-BA94-E80C-B6340CD379CE">
<hideElementsInCurrentOnly>false</hideElementsInCurrentOnly>
<bounds x="477" y="60" width="231" height="247"/>
</OView>
<OView class="oracle.dbtools.crest.swingui.relational.TVTable" oid="B346C007-A0C5-D80A-E52E-BEA91A487BA0" otype="Table" vid="0E91CB60-8E5C-1814-9E10-2133B42434CA">
<hideElementsInCurrentOnly>false</hideElementsInCurrentOnly>
<bounds x="29" y="409" width="261" height="140"/>
</OView>
<OView class="oracle.dbtools.crest.swingui.relational.TVTable" oid="C897E10F-D0E4-C744-547F-CD236224D9F9" otype="Table" vid="B14270A2-74CC-1BF5-A3EF-B1BC3E223F76">
<hideElementsInCurrentOnly>false</hideElementsInCurrentOnly>
<bounds x="311" y="430" width="264" height="191"/>
</OView>
<OView class="oracle.dbtools.crest.swingui.relational.TVTable" oid="E07B984D-69CA-D0B7-1D85-A32598EF062E" otype="Table" vid="E8A7CE27-FE20-DEBF-6532-DFFD98362DB5">
<hideElementsInCurrentOnly>false</hideElementsInCurrentOnly>
<bounds x="528" y="682" width="185" height="124"/>
</OView>
<OView class="oracle.dbtools.crest.swingui.relational.TVTable" oid="F4E2F596-18B5-7F99-EED5-7AE6C0E38837" otype="Table" vid="33D20F4A-3D9E-4525-B78B-16F933914944">
<hideElementsInCurrentOnly>false</hideElementsInCurrentOnly>
<bounds x="800" y="80" width="221" height="231"/>
</OView>
<OView class="oracle.dbtools.crest.swingui.relational.TVTable" oid="FDC4A7F8-C835-39CA-F2DE-2113344E4C1F" otype="Table" vid="AE221873-E3C8-2631-CF76-C31CEF7E7C87">
<hideElementsInCurrentOnly>false</hideElementsInCurrentOnly>
<bounds x="150" y="80" width="221" height="201"/>
</OView>
</objectViews>
<connectors>
<Connector class="oracle.dbtools.crest.swingui.relational.TVFKRelation" oid="2E5163E0-D77F-E318-91BC-93B425C5C956" otype="FKIndexAssociation" vid_source="64EE1249-60A1-1218-01AE-DBA178F99D81" vid_target="9EE4C227-7C86-4B0E-9EBB-2766E049F398">
<hideElementsInCurrentOnly>false</hideElementsInCurrentOnly>
<backgroundColor>-16777216</backgroundColor>
<lineWidth>1</lineWidth>
<points>
<point x="1107" y="763"/>
<point x="1030" y="763"/>
</points>
</Connector>
<Connector class="oracle.dbtools.crest.swingui.relational.TVFKRelation" oid="7B08EC19-40ED-437E-4DA3-8B8A96C61344" otype="FKIndexAssociation" vid_source="AE7E1355-FE15-F260-ACE6-B5A1E83E5720" vid_target="B14270A2-74CC-1BF5-A3EF-B1BC3E223F76">
<hideElementsInCurrentOnly>false</hideElementsInCurrentOnly>
<backgroundColor>-16777216</backgroundColor>
<lineWidth>1</lineWidth>
<points>
<point x="281" y="590"/>
<point x="311" y="590"/>
</points>
</Connector>
<Connector class="oracle.dbtools.crest.swingui.relational.TVFKRelation" oid="7C482374-FF6C-378E-A2BF-DFDC00278997" otype="FKIndexAssociation" vid_source="B14270A2-74CC-1BF5-A3EF-B1BC3E223F76" vid_target="0E91CB60-8E5C-1814-9E10-2133B42434CA">
<hideElementsInCurrentOnly>false</hideElementsInCurrentOnly>
<backgroundColor>-16777216</backgroundColor>
<lineWidth>1</lineWidth>
<points>
<point x="311" y="489"/>
<point x="290" y="489"/>
</points>
</Connector>
<Connector class="oracle.dbtools.crest.swingui.relational.TVFKRelation" oid="84A81E9F-DA07-8036-DDDA-C50BB0763B34" otype="FKIndexAssociation" vid_source="856C325E-A1E8-DA46-08A7-694C23E8C340" vid_target="9EE4C227-7C86-4B0E-9EBB-2766E049F398">
<hideElementsInCurrentOnly>false</hideElementsInCurrentOnly>
<backgroundColor>-16777216</backgroundColor>
<lineWidth>1</lineWidth>
<points>
<point x="1112" y="624"/>
<point x="1030" y="624"/>
</points>
</Connector>
<Connector class="oracle.dbtools.crest.swingui.relational.TVFKRelation" oid="8E68EE9B-5ECD-2733-AD1A-5DF280102956" otype="FKIndexAssociation" vid_source="482834EF-9518-B5DF-2495-F32B09D0DA2E" vid_target="3D54EB7F-F4AC-EBDE-E03B-09644D9CA98E">
<hideElementsInCurrentOnly>false</hideElementsInCurrentOnly>
<backgroundColor>-16777216</backgroundColor>
<lineWidth>1</lineWidth>
<points>
<point x="1310" y="190"/>
<point x="1258" y="190"/>
</points>
</Connector>
<Connector class="oracle.dbtools.crest.swingui.relational.TVFKRelation" oid="A0D98339-8B67-A17B-8508-0B6BC594B72B" otype="FKIndexAssociation" vid_source="E8A7CE27-FE20-DEBF-6532-DFFD98362DB5" vid_target="FCFEFBFA-E5C0-BA94-E80C-B6340CD379CE">
<hideElementsInCurrentOnly>false</hideElementsInCurrentOnly>
<backgroundColor>-16777216</backgroundColor>
<lineWidth>1</lineWidth>
<points>
<point x="618" y="682"/>
<point x="618" y="307"/>
</points>
</Connector>
<Connector class="oracle.dbtools.crest.swingui.relational.TVFKRelation" oid="A5C468FD-C559-F4E7-DEF1-E54A403A33E9" otype="FKIndexAssociation" vid_source="FCFEFBFA-E5C0-BA94-E80C-B6340CD379CE" vid_target="AE221873-E3C8-2631-CF76-C31CEF7E7C87">
<hideElementsInCurrentOnly>false</hideElementsInCurrentOnly>
<backgroundColor>-16777216</backgroundColor>
<lineWidth>1</lineWidth>
<points>
<point x="477" y="180"/>
<point x="371" y="180"/>
</points>
</Connector>
<Connector class="oracle.dbtools.crest.swingui.relational.TVFKRelation" oid="A6C211DC-6A2B-B67A-E28A-049FF6BA5DDE" otype="FKIndexAssociation" vid_source="3D54EB7F-F4AC-EBDE-E03B-09644D9CA98E" vid_target="33D20F4A-3D9E-4525-B78B-16F933914944">
<hideElementsInCurrentOnly>false</hideElementsInCurrentOnly>
<backgroundColor>-16777216</backgroundColor>
<lineWidth>1</lineWidth>
<points>
<point x="1060" y="190"/>
<point x="1021" y="190"/>
</points>
</Connector>
<Connector class="oracle.dbtools.crest.swingui.relational.TVFKRelation" oid="C61A2F30-6F7E-E231-E36F-D63E701E3320" otype="FKIndexAssociation" vid_source="9EE4C227-7C86-4B0E-9EBB-2766E049F398" vid_target="FCFEFBFA-E5C0-BA94-E80C-B6340CD379CE">
<hideElementsInCurrentOnly>false</hideElementsInCurrentOnly>
<backgroundColor>-16777216</backgroundColor>
<lineWidth>1</lineWidth>
<points>
<point x="797" y="502"/>
<point x="671" y="307"/>
</points>
</Connector>
<Connector class="oracle.dbtools.crest.swingui.relational.TVFKRelation" oid="CAF3B02B-552C-9792-24DA-3414AFA45B45" otype="FKIndexAssociation" vid_source="FCFEFBFA-E5C0-BA94-E80C-B6340CD379CE" vid_target="B14270A2-74CC-1BF5-A3EF-B1BC3E223F76">
<hideElementsInCurrentOnly>false</hideElementsInCurrentOnly>
<backgroundColor>-16777216</backgroundColor>
<lineWidth>1</lineWidth>
<points>
<point x="526" y="307"/>
<point x="526" y="430"/>
</points>
</Connector>
<Connector class="oracle.dbtools.crest.swingui.relational.TVFKRelation" oid="CCAECA0C-D19D-85AC-56BC-0013DE5873B9" otype="FKIndexAssociation" vid_source="9EE4C227-7C86-4B0E-9EBB-2766E049F398" vid_target="9EE4C227-7C86-4B0E-9EBB-2766E049F398">
<hideElementsInCurrentOnly>false</hideElementsInCurrentOnly>
<backgroundColor>-16777216</backgroundColor>
<lineWidth>1</lineWidth>
<points>
<point x="951" y="502"/>
<point x="951" y="590"/>
<point x="951" y="667"/>
<point x="850" y="667"/>
<point x="850" y="684"/>
</points>
</Connector>
<Connector class="oracle.dbtools.crest.swingui.relational.TVFKRelation" oid="D92AB1CF-72D8-1EB1-C6CE-C0D165630BF6" otype="FKIndexAssociation" vid_source="8B28C3B4-CC86-5ECD-D0B1-049D9DF0E727" vid_target="9EE4C227-7C86-4B0E-9EBB-2766E049F398">
<hideElementsInCurrentOnly>false</hideElementsInCurrentOnly>
<backgroundColor>-16777216</backgroundColor>
<lineWidth>1</lineWidth>
<points>
<point x="1112" y="527"/>
<point x="1030" y="527"/>
</points>
</Connector>
<Connector class="oracle.dbtools.crest.swingui.relational.TVFKRelation" oid="F8F62E44-E817-A273-54B1-38BA1BA31177" otype="FKIndexAssociation" vid_source="E8A7CE27-FE20-DEBF-6532-DFFD98362DB5" vid_target="9EE4C227-7C86-4B0E-9EBB-2766E049F398">
<hideElementsInCurrentOnly>false</hideElementsInCurrentOnly>
<backgroundColor>-16777216</backgroundColor>
<lineWidth>1</lineWidth>
<points>
<point x="713" y="744"/>
<point x="764" y="744"/>
</points>
</Connector>
<Connector class="oracle.dbtools.crest.swingui.relational.TVFKRelation" oid="FE114B7F-B349-0B98-0E36-9B52064BB43E" otype="FKIndexAssociation" vid_source="33D20F4A-3D9E-4525-B78B-16F933914944" vid_target="FCFEFBFA-E5C0-BA94-E80C-B6340CD379CE">
<hideElementsInCurrentOnly>false</hideElementsInCurrentOnly>
<backgroundColor>-16777216</backgroundColor>
<lineWidth>1</lineWidth>
<points>
<point x="800" y="178"/>
<point x="708" y="178"/>
</points>
</Connector>
</connectors>
</Diagram>