<?xml version = '1.0' encoding = 'UTF-8'?>
<Entity class="oracle.dbtools.crest.model.design.logical.Entity" directorySegmentName="seg_0" id="7FD52F80-1E48-0891-2FDB-06B5DE8A1119" name="Empleados">
<createdBy>diegocarvajalarias</createdBy>
<createdTime>2025-08-17 22:48:12 UTC</createdTime>
<ownerDesignName>Actividad01</ownerDesignName>
<engineerTo>
<item key="A2809CB1-5E40-D1FE-56A1-4DC80F3C37FF" value="true"/>
</engineerTo>
<adequatelyNormalized>NO</adequatelyNormalized>
<expectedVolumes>0</expectedVolumes>
<fwdEngineeringStrategyName>Single Table</fwdEngineeringStrategyName>
<growthPercent>0</growthPercent>
<growthType>Year</growthType>
<maxVolumes>9999999</maxVolumes>
<minVolumes>0</minVolumes>
<normalForm>Third</normalForm>
<attributes itemClass="oracle.dbtools.crest.model.design.logical.Attribute">
<Attribute name="rut" id="888DC36A-93F6-FD57-7DDA-E4C4E7948C20">
<createdBy>diegocarvajalarias</createdBy>
<createdTime>2025-08-17 22:55:08 UTC</createdTime>
<ownerDesignName>Actividad01</ownerDesignName>
<engineerTo>
<item key="A2809CB1-5E40-D1FE-56A1-4DC80F3C37FF" value="true"/>
</engineerTo>
<use>0</use>
<ownDataTypeParameters>,,</ownDataTypeParameters>
</Attribute>
<Attribute name="nombre_completo" id="51054C06-FBAC-280D-D394-96A58372C2AF">
<createdBy>diegocarvajalarias</createdBy>
<createdTime>2025-08-17 22:55:35 UTC</createdTime>
<ownerDesignName>Actividad01</ownerDesignName>
<engineerTo>
<item key="A2809CB1-5E40-D1FE-56A1-4DC80F3C37FF" value="true"/>
</engineerTo>
<use>0</use>
<ownDataTypeParameters>,,</ownDataTypeParameters>
</Attribute>
<Attribute name="direccion" id="0D90AB68-1070-8DFC-336B-E307F7062C02">
<createdBy>diegocarvajalarias</createdBy>
<createdTime>2025-08-17 22:56:02 UTC</createdTime>
<ownerDesignName>Actividad01</ownerDesignName>
<engineerTo>
<item key="A2809CB1-5E40-D1FE-56A1-4DC80F3C37FF" value="true"/>
</engineerTo>
<use>0</use>
<ownDataTypeParameters>,,</ownDataTypeParameters>
</Attribute>
<Attribute name="fecha_de_ingreso" id="AAACB775-D67F-1B27-9105-DB2567A4B1F2">
<createdBy>diegocarvajalarias</createdBy>
<createdTime>2025-08-17 22:56:10 UTC</createdTime>
<ownerDesignName>Actividad01</ownerDesignName>
<engineerTo>
<item key="A2809CB1-5E40-D1FE-56A1-4DC80F3C37FF" value="true"/>
</engineerTo>
<use>0</use>
<ownDataTypeParameters>,,</ownDataTypeParameters>
</Attribute>
<Attribute name="genero" id="D5DCEB56-7D50-7CFC-1BAF-2FEC00CFD30B">
<createdBy>diegocarvajalarias</createdBy>
<createdTime>2025-08-17 22:57:07 UTC</createdTime>
<ownerDesignName>Actividad01</ownerDesignName>
<engineerTo>
<item key="A2809CB1-5E40-D1FE-56A1-4DC80F3C37FF" value="true"/>
</engineerTo>
<use>0</use>
<ownDataTypeParameters>,,</ownDataTypeParameters>
</Attribute>
<Attribute name="telefono" id="74661BE7-D8C7-C1B5-D4C6-930FAA93DDD5">
<createdBy>diegocarvajalarias</createdBy>
<createdTime>2025-08-17 22:58:10 UTC</createdTime>
<ownerDesignName>Actividad01</ownerDesignName>
<engineerTo>
<item key="A2809CB1-5E40-D1FE-56A1-4DC80F3C37FF" value="true"/>
</engineerTo>
<nullsAllowed>true</nullsAllowed>
<use>0</use>
<ownDataTypeParameters>,,</ownDataTypeParameters>
</Attribute>
</attributes>
<identifiers itemClass="oracle.dbtools.crest.model.design.logical.CandidateKey">
<identifier id="18B13C24-6456-8758-DC3D-83E688A933BB" name="Empleados PK">
<createdBy>diegocarvajalarias</createdBy>
<createdTime>2025-08-17 22:55:15 UTC</createdTime>
<ownerDesignName>Actividad01</ownerDesignName>
<engineerTo>
<item key="A2809CB1-5E40-D1FE-56A1-4DC80F3C37FF" value="true"/>
</engineerTo>
<pk>true</pk>
<usedAttributes>
<attributeRef>888DC36A-93F6-FD57-7DDA-E4C4E7948C20</attributeRef>
</usedAttributes>
</identifier>
</identifiers>
</Entity>