<?xml version = '1.0' encoding = 'UTF-8'?>
<Entity class="oracle.dbtools.crest.model.design.logical.Entity" directorySegmentName="seg_0" id="99CB54D6-33B7-0E67-43B4-E6410CFCCEF7" name="Pasajero">
<createdBy>diegocarvajalarias</createdBy>
<createdTime>2025-08-17 23:00:20 UTC</createdTime>
<ownerDesignName>Actividad01</ownerDesignName>
<engineerTo>
<item key="A2809CB1-5E40-D1FE-56A1-4DC80F3C37FF" value="true"/>
</engineerTo>
<adequatelyNormalized>NO</adequatelyNormalized>
<expectedVolumes>0</expectedVolumes>
<fwdEngineeringStrategyName>Single Table</fwdEngineeringStrategyName>
<growthPercent>0</growthPercent>
<growthType>Year</growthType>
<maxVolumes>9999999</maxVolumes>
<minVolumes>0</minVolumes>
<normalForm>Third</normalForm>
<attributes itemClass="oracle.dbtools.crest.model.design.logical.Attribute">
<Attribute name="cedula_identidad" id="1B3F2CE7-AB5E-8600-3701-B22A2B9EAC90">
<createdBy>diegocarvajalarias</createdBy>
<createdTime>2025-08-17 23:00:37 UTC</createdTime>
<ownerDesignName>Actividad01</ownerDesignName>
<engineerTo>
<item key="A2809CB1-5E40-D1FE-56A1-4DC80F3C37FF" value="true"/>
</engineerTo>
<use>0</use>
<ownDataTypeParameters>,,</ownDataTypeParameters>
</Attribute>
<Attribute name="nombre_completo" id="C02083D5-66A1-6BBC-E666-EA55ACC12FBE">
<createdBy>diegocarvajalarias</createdBy>
<createdTime>2025-08-17 23:01:31 UTC</createdTime>
<ownerDesignName>Actividad01</ownerDesignName>
<engineerTo>
<item key="A2809CB1-5E40-D1FE-56A1-4DC80F3C37FF" value="true"/>
</engineerTo>
<use>0</use>
<ownDataTypeParameters>,,</ownDataTypeParameters>
</Attribute>
<Attribute name="fecha_nacimiento" id="1824710A-25B2-BCFC-0310-9B0D6560339D">
<createdBy>diegocarvajalarias</createdBy>
<createdTime>2025-08-17 23:01:42 UTC</createdTime>
<ownerDesignName>Actividad01</ownerDesignName>
<engineerTo>
<item key="A2809CB1-5E40-D1FE-56A1-4DC80F3C37FF" value="true"/>
</engineerTo>
<use>0</use>
<ownDataTypeParameters>,,</ownDataTypeParameters>
</Attribute>
<Attribute name="nacionalidad" id="1ED1623E-08B6-4BF0-454C-77BE754D80E1">
<createdBy>diegocarvajalarias</createdBy>
<createdTime>2025-08-17 23:01:53 UTC</createdTime>
<ownerDesignName>Actividad01</ownerDesignName>
<engineerTo>
<item key="A2809CB1-5E40-D1FE-56A1-4DC80F3C37FF" value="true"/>
</engineerTo>
<use>0</use>
<ownDataTypeParameters>,,</ownDataTypeParameters>
</Attribute>
<Attribute name="telefono" id="AD8315DA-9828-0838-E2DE-C6FBB65D1C94">
<createdBy>diegocarvajalarias</createdBy>
<createdTime>2025-08-17 23:02:03 UTC</createdTime>
<ownerDesignName>Actividad01</ownerDesignName>
<engineerTo>
<item key="A2809CB1-5E40-D1FE-56A1-4DC80F3C37FF" value="true"/>
</engineerTo>
<nullsAllowed>true</nullsAllowed>
<use>0</use>
<ownDataTypeParameters>,,</ownDataTypeParameters>
</Attribute>
</attributes>
<identifiers itemClass="oracle.dbtools.crest.model.design.logical.CandidateKey">
<identifier id="E3B8ED86-CE5D-DD6E-04E4-DA0C396551B9" name="Pasajero PK">
<createdBy>diegocarvajalarias</createdBy>
<createdTime>2025-08-17 23:01:29 UTC</createdTime>
<ownerDesignName>Actividad01</ownerDesignName>
<engineerTo>
<item key="A2809CB1-5E40-D1FE-56A1-4DC80F3C37FF" value="true"/>
</engineerTo>
<pk>true</pk>
<usedAttributes>
<attributeRef>1B3F2CE7-AB5E-8600-3701-B22A2B9EAC90</attributeRef>
</usedAttributes>
</identifier>
</identifiers>
</Entity>