<?xml version = '1.0' encoding = 'UTF-8'?>
<Entity class="oracle.dbtools.crest.model.design.logical.Entity" directorySegmentName="seg_0" id="EF1F37DB-1093-777B-6860-42C5CFEFBC94" name="Vuelos">
<createdBy>diegocarvajalarias</createdBy>
<createdTime>2025-08-17 22:58:30 UTC</createdTime>
<ownerDesignName>Actividad01</ownerDesignName>
<engineerTo>
<item key="A2809CB1-5E40-D1FE-56A1-4DC80F3C37FF" value="true"/>
</engineerTo>
<adequatelyNormalized>NO</adequatelyNormalized>
<expectedVolumes>0</expectedVolumes>
<fwdEngineeringStrategyName>Single Table</fwdEngineeringStrategyName>
<growthPercent>0</growthPercent>
<growthType>Year</growthType>
<maxVolumes>9999999</maxVolumes>
<minVolumes>0</minVolumes>
<normalForm>Third</normalForm>
<attributes itemClass="oracle.dbtools.crest.model.design.logical.Attribute">
<Attribute name="numero_vuelo" id="2F3B6084-E0BF-F420-4486-C2898E665470">
<createdBy>diegocarvajalarias</createdBy>
<createdTime>2025-08-17 22:59:44 UTC</createdTime>
<ownerDesignName>Actividad01</ownerDesignName>
<engineerTo>
<item key="A2809CB1-5E40-D1FE-56A1-4DC80F3C37FF" value="true"/>
</engineerTo>
<use>0</use>
<ownDataTypeParameters>,,</ownDataTypeParameters>
</Attribute>
<Attribute name="fecha_despegue" id="66D1CBD8-DDFC-B986-5B76-D89B070FBF79">
<createdBy>diegocarvajalarias</createdBy>
<createdTime>2025-08-17 22:58:47 UTC</createdTime>
<ownerDesignName>Actividad01</ownerDesignName>
<engineerTo>
<item key="A2809CB1-5E40-D1FE-56A1-4DC80F3C37FF" value="true"/>
</engineerTo>
<use>0</use>
<ownDataTypeParameters>,,</ownDataTypeParameters>
</Attribute>
<Attribute name="fecha_llegada" id="7CDE313C-654E-5492-89CE-EBA9E3CA0095">
<createdBy>diegocarvajalarias</createdBy>
<createdTime>2025-08-17 22:59:10 UTC</createdTime>
<ownerDesignName>Actividad01</ownerDesignName>
<engineerTo>
<item key="A2809CB1-5E40-D1FE-56A1-4DC80F3C37FF" value="true"/>
</engineerTo>
<use>0</use>
<ownDataTypeParameters>,,</ownDataTypeParameters>
</Attribute>
<Attribute name="hora_salida_aeropuerto" id="3B4DB4F0-3CB3-3258-796B-38FF19F602EC">
<createdBy>diegocarvajalarias</createdBy>
<createdTime>2025-08-17 22:59:52 UTC</createdTime>
<ownerDesignName>Actividad01</ownerDesignName>
<engineerTo>
<item key="A2809CB1-5E40-D1FE-56A1-4DC80F3C37FF" value="true"/>
</engineerTo>
<nullsAllowed>true</nullsAllowed>
<use>0</use>
<ownDataTypeParameters>,,</ownDataTypeParameters>
</Attribute>
</attributes>
<identifiers itemClass="oracle.dbtools.crest.model.design.logical.CandidateKey">
<identifier id="378B940D-9878-DDD0-2F20-3B4601888980" name="Vuelos PK">
<createdBy>diegocarvajalarias</createdBy>
<createdTime>2025-08-17 22:59:50 UTC</createdTime>
<ownerDesignName>Actividad01</ownerDesignName>
<engineerTo>
<item key="A2809CB1-5E40-D1FE-56A1-4DC80F3C37FF" value="true"/>
</engineerTo>
<pk>true</pk>
<usedAttributes>
<attributeRef>2F3B6084-E0BF-F420-4486-C2898E665470</attributeRef>
</usedAttributes>
</identifier>
</identifiers>
</Entity>