<?xml version = '1.0' encoding = 'UTF-8'?>
<FKIndexAssociation class="oracle.dbtools.crest.model.design.relational.FKIndexAssociation" directorySegmentName="seg_0" id="2E5163E0-D77F-E318-91BC-93B425C5C956" containerWithKeyObject="19F48E7F-85A3-0D3A-CED0-766B268F5D4B" localFKIndex="DF97874E-EDBB-7240-D1F5-7FD75A975D59" name="MEDICO_SALUD_FK">
<sourceDDLFile>1.sql</sourceDDLFile>
<createdBy>diegocarvajalarias</createdBy>
<createdTime>2025-09-16 00:54:27 UTC</createdTime>
<ownerDesignName>s05</ownerDesignName>
<importedID>829ABA9A-002F-AE81-98D2-AD175252602D</importedID>
<referredTableLongName>SALUD</referredTableLongName>
<deleteRule>NO ACTION</deleteRule>
<referredTableID>309C3BCD-151C-6DC7-743C-EDB2B309133F</referredTableID>
<keyObject>5B6BD4D5-1C73-905C-F92F-E2B77F0D0FDA</keyObject>
<referredKeyID>5B6BD4D5-1C73-905C-F92F-E2B77F0D0FDA</referredKeyID>
<mandatory>true</mandatory>
<refColNames>codigo</refColNames>
<transferable>true</transferable>
<rely>false</rely>
<columnDependencyConstraintGenerateInDDL>true</columnDependencyConstraintGenerateInDDL>
</FKIndexAssociation>