<?xml version = '1.0' encoding = 'UTF-8'?>
<FKIndexAssociation class="oracle.dbtools.crest.model.design.relational.FKIndexAssociation" directorySegmentName="seg_0" id="7B08EC19-40ED-437E-4DA3-8B8A96C61344" containerWithKeyObject="C897E10F-D0E4-C744-547F-CD236224D9F9" localFKIndex="B6FD3C44-3ED4-A2FA-8357-5A695AF3D937" name="SOLICITUD_EXAMEN_EXAMEN_FK">
<sourceDDLFile>1.sql</sourceDDLFile>
<createdBy>diegocarvajalarias</createdBy>
<createdTime>2025-09-16 00:54:27 UTC</createdTime>
<ownerDesignName>s05</ownerDesignName>
<importedID>5B0C49E2-A838-5DA7-B796-F156379BC3D6</importedID>
<referredTableLongName>EXAMEN</referredTableLongName>
<deleteRule>NO ACTION</deleteRule>
<referredTableID>85ACBECC-6BE8-20DD-E621-D03D6D4E63BC</referredTableID>
<keyObject>D364E369-7EF8-3A43-3142-6BA2BC77D022</keyObject>
<referredKeyID>D364E369-7EF8-3A43-3142-6BA2BC77D022</referredKeyID>
<mandatory>true</mandatory>
<refColNames>codigo</refColNames>
<transferable>true</transferable>
<rely>false</rely>
<columnDependencyConstraintGenerateInDDL>true</columnDependencyConstraintGenerateInDDL>
</FKIndexAssociation>