<?xml version = '1.0' encoding = 'UTF-8'?>
<FKIndexAssociation class="oracle.dbtools.crest.model.design.relational.FKIndexAssociation" directorySegmentName="seg_0" id="7C482374-FF6C-378E-A2BF-DFDC00278997" containerWithKeyObject="B346C007-A0C5-D80A-E52E-BEA91A487BA0" localFKIndex="A5737783-97C7-8473-6585-E74F6A0E73DB" name="RESULTADO_EXAMEN_SOLICITUD_EXAMEN_FK">
<sourceDDLFile>1.sql</sourceDDLFile>
<createdBy>diegocarvajalarias</createdBy>
<createdTime>2025-09-16 00:54:27 UTC</createdTime>
<ownerDesignName>s05</ownerDesignName>
<importedID>8B77EB98-92E0-5687-FF9A-35C433A7C53E</importedID>
<referredTableLongName>SOLICITUD_EXAMEN</referredTableLongName>
<deleteRule>NO ACTION</deleteRule>
<referredTableID>C897E10F-D0E4-C744-547F-CD236224D9F9</referredTableID>
<keyObject>B2A7AD0C-F347-9E56-885D-EA7F8170F8ED</keyObject>
<referredKeyID>B2A7AD0C-F347-9E56-885D-EA7F8170F8ED</referredKeyID>
<mandatory>true</mandatory>
<refColNames>id</refColNames>
<transferable>true</transferable>
<rely>false</rely>
<columnDependencyConstraintGenerateInDDL>true</columnDependencyConstraintGenerateInDDL>
</FKIndexAssociation>