<?xml version = '1.0' encoding = 'UTF-8'?>
<FKIndexAssociation class="oracle.dbtools.crest.model.design.relational.FKIndexAssociation" directorySegmentName="seg_0" id="84A81E9F-DA07-8036-DDDA-C50BB0763B34" containerWithKeyObject="19F48E7F-85A3-0D3A-CED0-766B268F5D4B" localFKIndex="C21A08A0-D9F1-B958-2F0E-1410DD90B616" name="MEDICO_UNIDAD_FK">
<sourceDDLFile>1.sql</sourceDDLFile>
<createdBy>diegocarvajalarias</createdBy>
<createdTime>2025-09-16 00:54:27 UTC</createdTime>
<ownerDesignName>s05</ownerDesignName>
<importedID>953F605B-D894-3092-8BBD-1B52AC781BC2</importedID>
<referredTableLongName>UNIDAD</referredTableLongName>
<deleteRule>NO ACTION</deleteRule>
<referredTableID>852C8262-079C-4DA5-5C9E-070FCEAC5424</referredTableID>
<keyObject>59344982-5BE6-6CDC-7DFA-49B844680048</keyObject>
<referredKeyID>59344982-5BE6-6CDC-7DFA-49B844680048</referredKeyID>
<mandatory>true</mandatory>
<refColNames>id</refColNames>
<transferable>true</transferable>
<rely>false</rely>
<columnDependencyConstraintGenerateInDDL>true</columnDependencyConstraintGenerateInDDL>
</FKIndexAssociation>