<?xml version = '1.0' encoding = 'UTF-8'?>
<FKIndexAssociation class="oracle.dbtools.crest.model.design.relational.FKIndexAssociation" directorySegmentName="seg_0" id="8E68EE9B-5ECD-2733-AD1A-5DF280102956" containerWithKeyObject="06F0F87A-F2E4-1210-1B0A-CC6786D0B6B1" localFKIndex="E4375BCA-D8A8-8F25-5FC2-01B79A260C5F" name="COMUNA_REGION_FK">
<sourceDDLFile>1.sql</sourceDDLFile>
<createdBy>diegocarvajalarias</createdBy>
<createdTime>2025-09-16 00:54:27 UTC</createdTime>
<ownerDesignName>s05</ownerDesignName>
<importedID>2E43A209-F701-065A-F9DB-2A0019B211FE</importedID>
<referredTableLongName>REGION</referredTableLongName>
<deleteRule>NO ACTION</deleteRule>
<referredTableID>5F892B21-EB1E-2414-8A11-2AEC9EB0B73F</referredTableID>
<keyObject>EA3775C7-2A17-14A9-5734-FCA328D1193F</keyObject>
<referredKeyID>EA3775C7-2A17-14A9-5734-FCA328D1193F</referredKeyID>
<mandatory>true</mandatory>
<refColNames>id</refColNames>
<transferable>true</transferable>
<rely>false</rely>
<columnDependencyConstraintGenerateInDDL>true</columnDependencyConstraintGenerateInDDL>
</FKIndexAssociation>