<?xml version = '1.0' encoding = 'UTF-8'?>
<FKIndexAssociation class="oracle.dbtools.crest.model.design.relational.FKIndexAssociation" directorySegmentName="seg_0" id="A0D98339-8B67-A17B-8508-0B6BC594B72B" containerWithKeyObject="A42C24FC-3025-2E66-9AA5-414B257B20EA" localFKIndex="F7515A60-B4B1-1CF1-8A13-C6AD246C2F7A" name="ATENCION_ESPECIALIDAD_FK">
<sourceDDLFile>1.sql</sourceDDLFile>
<createdBy>diegocarvajalarias</createdBy>
<createdTime>2025-09-16 00:54:27 UTC</createdTime>
<ownerDesignName>s05</ownerDesignName>
<importedID>D5C9A4C0-B977-5451-F5B0-9BBFFBFE094B</importedID>
<referredTableLongName>ESPECIALIDAD</referredTableLongName>
<deleteRule>NO ACTION</deleteRule>
<referredTableID>E07B984D-69CA-D0B7-1D85-A32598EF062E</referredTableID>
<keyObject>E3BE4F01-4403-E0E7-5A75-EB45E2DB63F6</keyObject>
<referredKeyID>E3BE4F01-4403-E0E7-5A75-EB45E2DB63F6</referredKeyID>
<mandatory>true</mandatory>
<refColNames>id</refColNames>
<transferable>true</transferable>
<rely>false</rely>
<columnDependencyConstraintGenerateInDDL>true</columnDependencyConstraintGenerateInDDL>
</FKIndexAssociation>