<?xml version = '1.0' encoding = 'UTF-8'?>
<FKIndexAssociation class="oracle.dbtools.crest.model.design.relational.FKIndexAssociation" directorySegmentName="seg_0" id="A5C468FD-C559-F4E7-DEF1-E54A403A33E9" containerWithKeyObject="FDC4A7F8-C835-39CA-F2DE-2113344E4C1F" localFKIndex="D9886871-2992-6E59-041C-B4B055ED3674" name="PAGO_ATENCION_FK">
<sourceDDLFile>1.sql</sourceDDLFile>
<createdBy>diegocarvajalarias</createdBy>
<createdTime>2025-09-16 00:54:27 UTC</createdTime>
<ownerDesignName>s05</ownerDesignName>
<importedID>598411E4-533D-90A7-EAAC-BCCCDE8F7E64</importedID>
<referredTableLongName>ATENCION_MEDICA</referredTableLongName>
<deleteRule>NO ACTION</deleteRule>
<referredTableID>A42C24FC-3025-2E66-9AA5-414B257B20EA</referredTableID>
<keyObject>89BE3D0B-465B-D195-0F0D-CBA92C94447E</keyObject>
<referredKeyID>89BE3D0B-465B-D195-0F0D-CBA92C94447E</referredKeyID>
<mandatory>true</mandatory>
<refColNames>id</refColNames>
<transferable>true</transferable>
<rely>false</rely>
<columnDependencyConstraintGenerateInDDL>true</columnDependencyConstraintGenerateInDDL>
</FKIndexAssociation>