<?xml version = '1.0' encoding = 'UTF-8'?>
<FKIndexAssociation class="oracle.dbtools.crest.model.design.relational.FKIndexAssociation" directorySegmentName="seg_0" id="A6C211DC-6A2B-B67A-E28A-049FF6BA5DDE" containerWithKeyObject="F4E2F596-18B5-7F99-EED5-7AE6C0E38837" localFKIndex="09A6F8D5-D766-10E8-5CD5-3CE29625B51E" name="PACIENTE_COMUNA_FK">
<sourceDDLFile>1.sql</sourceDDLFile>
<createdBy>diegocarvajalarias</createdBy>
<createdTime>2025-09-16 00:54:27 UTC</createdTime>
<ownerDesignName>s05</ownerDesignName>
<importedID>4539ED63-26FA-95B1-A154-6AF146DA7056</importedID>
<referredTableLongName>COMUNA</referredTableLongName>
<deleteRule>NO ACTION</deleteRule>
<referredTableID>06F0F87A-F2E4-1210-1B0A-CC6786D0B6B1</referredTableID>
<keyObject>B6795939-0285-2B89-C259-3384D365F09C</keyObject>
<referredKeyID>B6795939-0285-2B89-C259-3384D365F09C</referredKeyID>
<mandatory>true</mandatory>
<refColNames>id</refColNames>
<transferable>true</transferable>
<rely>false</rely>
<columnDependencyConstraintGenerateInDDL>true</columnDependencyConstraintGenerateInDDL>
</FKIndexAssociation>