<?xml version = '1.0' encoding = 'UTF-8'?>
<FKIndexAssociation class="oracle.dbtools.crest.model.design.relational.FKIndexAssociation" directorySegmentName="seg_0" id="C61A2F30-6F7E-E231-E36F-D63E701E3320" containerWithKeyObject="A42C24FC-3025-2E66-9AA5-414B257B20EA" localFKIndex="EDE21467-7FDE-53FC-4DB0-3F0641D26062" name="ATENCION_MEDICO_FK">
<sourceDDLFile>1.sql</sourceDDLFile>
<createdBy>diegocarvajalarias</createdBy>
<createdTime>2025-09-16 00:54:27 UTC</createdTime>
<ownerDesignName>s05</ownerDesignName>
<importedID>208BDBA8-AA40-7BF9-D76A-7D40800344F0</importedID>
<referredTableLongName>MEDICO</referredTableLongName>
<deleteRule>NO ACTION</deleteRule>
<referredTableID>19F48E7F-85A3-0D3A-CED0-766B268F5D4B</referredTableID>
<keyObject>C4A14473-A569-7820-B8F1-8AD83EC2A520</keyObject>
<referredKeyID>C4A14473-A569-7820-B8F1-8AD83EC2A520</referredKeyID>
<mandatory>true</mandatory>
<refColNames>rut</refColNames>
<transferable>true</transferable>
<rely>false</rely>
<columnDependencyConstraintGenerateInDDL>true</columnDependencyConstraintGenerateInDDL>
</FKIndexAssociation>