<?xml version = '1.0' encoding = 'UTF-8'?>
<FKIndexAssociation class="oracle.dbtools.crest.model.design.relational.FKIndexAssociation" directorySegmentName="seg_0" id="CAF3B02B-552C-9792-24DA-3414AFA45B45" containerWithKeyObject="C897E10F-D0E4-C744-547F-CD236224D9F9" localFKIndex="16AF5FDF-367D-D65F-9514-4AA442C79943" name="SOLICITUD_EXAMEN_ATENCION_FK">
<sourceDDLFile>1.sql</sourceDDLFile>
<createdBy>diegocarvajalarias</createdBy>
<createdTime>2025-09-16 00:54:27 UTC</createdTime>
<ownerDesignName>s05</ownerDesignName>
<importedID>8B54C57D-6CE8-C06C-D339-5F8D7643C4BD</importedID>
<referredTableLongName>ATENCION_MEDICA</referredTableLongName>
<deleteRule>NO ACTION</deleteRule>
<referredTableID>A42C24FC-3025-2E66-9AA5-414B257B20EA</referredTableID>
<keyObject>89BE3D0B-465B-D195-0F0D-CBA92C94447E</keyObject>
<referredKeyID>89BE3D0B-465B-D195-0F0D-CBA92C94447E</referredKeyID>
<mandatory>true</mandatory>
<refColNames>id</refColNames>
<transferable>true</transferable>
<rely>false</rely>
<columnDependencyConstraintGenerateInDDL>true</columnDependencyConstraintGenerateInDDL>
</FKIndexAssociation>