<?xml version = '1.0' encoding = 'UTF-8'?>
<FKIndexAssociation class="oracle.dbtools.crest.model.design.relational.FKIndexAssociation" directorySegmentName="seg_0" id="CCAECA0C-D19D-85AC-56BC-0013DE5873B9" containerWithKeyObject="19F48E7F-85A3-0D3A-CED0-766B268F5D4B" localFKIndex="436AD726-12CA-B974-0429-4C02D0C916FC" name="MEDICO_MEDICO_FK">
<sourceDDLFile>1.sql</sourceDDLFile>
<createdBy>diegocarvajalarias</createdBy>
<createdTime>2025-09-16 00:54:27 UTC</createdTime>
<ownerDesignName>s05</ownerDesignName>
<importedID>4E0D3920-08C2-20F5-7F70-FBAE46383DA9</importedID>
<referredTableLongName>MEDICO</referredTableLongName>
<deleteRule>NO ACTION</deleteRule>
<referredTableID>19F48E7F-85A3-0D3A-CED0-766B268F5D4B</referredTableID>
<keyObject>C4A14473-A569-7820-B8F1-8AD83EC2A520</keyObject>
<referredKeyID>C4A14473-A569-7820-B8F1-8AD83EC2A520</referredKeyID>
<mandatory>false</mandatory>
<refColNames>rut</refColNames>
<transferable>true</transferable>
<rely>false</rely>
<columnDependencyConstraintGenerateInDDL>true</columnDependencyConstraintGenerateInDDL>
</FKIndexAssociation>