<?xml version = '1.0' encoding = 'UTF-8'?>
<FKIndexAssociation class="oracle.dbtools.crest.model.design.relational.FKIndexAssociation" directorySegmentName="seg_0" id="D92AB1CF-72D8-1EB1-C6CE-C0D165630BF6" containerWithKeyObject="19F48E7F-85A3-0D3A-CED0-766B268F5D4B" localFKIndex="CF00CBC3-096F-24E2-D9C2-948EAE7BC587" name="MEDICO_AFP_FK">
<sourceDDLFile>1.sql</sourceDDLFile>
<createdBy>diegocarvajalarias</createdBy>
<createdTime>2025-09-16 00:54:27 UTC</createdTime>
<ownerDesignName>s05</ownerDesignName>
<importedID>A88D3369-C75E-148A-C5ED-EC07184F43D4</importedID>
<referredTableLongName>AFP</referredTableLongName>
<deleteRule>NO ACTION</deleteRule>
<referredTableID>0D59B558-47B2-7043-4F0C-BB3A479269C8</referredTableID>
<keyObject>52C6E0CE-EC1D-71AA-49E3-E11B746B7BD2</keyObject>
<referredKeyID>52C6E0CE-EC1D-71AA-49E3-E11B746B7BD2</referredKeyID>
<mandatory>true</mandatory>
<refColNames>codigo</refColNames>
<transferable>true</transferable>
<rely>false</rely>
<columnDependencyConstraintGenerateInDDL>true</columnDependencyConstraintGenerateInDDL>
</FKIndexAssociation>