<?xml version = '1.0' encoding = 'UTF-8'?>
<FKIndexAssociation class="oracle.dbtools.crest.model.design.relational.FKIndexAssociation" directorySegmentName="seg_0" id="F8F62E44-E817-A273-54B1-38BA1BA31177" containerWithKeyObject="19F48E7F-85A3-0D3A-CED0-766B268F5D4B" localFKIndex="81683D5E-6B4B-24E9-48CF-EDBE9FD1D46F" name="MEDICO_ESPECIALIDAD_FK">
<sourceDDLFile>1.sql</sourceDDLFile>
<createdBy>diegocarvajalarias</createdBy>
<createdTime>2025-09-16 00:54:27 UTC</createdTime>
<ownerDesignName>s05</ownerDesignName>
<importedID>8C5DBB68-370F-D957-A946-3E023BBAAD6B</importedID>
<referredTableLongName>ESPECIALIDAD</referredTableLongName>
<deleteRule>NO ACTION</deleteRule>
<referredTableID>E07B984D-69CA-D0B7-1D85-A32598EF062E</referredTableID>
<keyObject>E3BE4F01-4403-E0E7-5A75-EB45E2DB63F6</keyObject>
<referredKeyID>E3BE4F01-4403-E0E7-5A75-EB45E2DB63F6</referredKeyID>
<mandatory>true</mandatory>
<refColNames>id</refColNames>
<transferable>true</transferable>
<rely>false</rely>
<columnDependencyConstraintGenerateInDDL>true</columnDependencyConstraintGenerateInDDL>
</FKIndexAssociation>