<?xml version = '1.0' encoding = 'UTF-8'?>
<FKIndexAssociation class="oracle.dbtools.crest.model.design.relational.FKIndexAssociation" directorySegmentName="seg_0" id="FE114B7F-B349-0B98-0E36-9B52064BB43E" containerWithKeyObject="A42C24FC-3025-2E66-9AA5-414B257B20EA" localFKIndex="8642C670-0704-C9C7-E8D4-F24AA6A4F753" name="ATENCION_PACIENTE_FK">
<sourceDDLFile>1.sql</sourceDDLFile>
<createdBy>diegocarvajalarias</createdBy>
<createdTime>2025-09-16 00:54:27 UTC</createdTime>
<ownerDesignName>s05</ownerDesignName>
<importedID>EADE6BD2-0118-B0C9-7314-11F33CE8531F</importedID>
<referredTableLongName>PACIENTE</referredTableLongName>
<deleteRule>NO ACTION</deleteRule>
<referredTableID>F4E2F596-18B5-7F99-EED5-7AE6C0E38837</referredTableID>
<keyObject>817F0598-9D96-68AA-4D36-CAEA94EB4A6E</keyObject>
<referredKeyID>817F0598-9D96-68AA-4D36-CAEA94EB4A6E</referredKeyID>
<mandatory>true</mandatory>
<refColNames>rut</refColNames>
<transferable>true</transferable>
<rely>false</rely>
<columnDependencyConstraintGenerateInDDL>true</columnDependencyConstraintGenerateInDDL>
</FKIndexAssociation>