<?xml version = '1.0' encoding = 'UTF-8'?>
<Diagram class="oracle.dbtools.crest.swingui.logical.DPVLogical" name="Logical" id="1E316929-E7DF-01B4-B198-E626B3410788">
<createdBy>diegocarvajalarias</createdBy>
<modifiedBy>diegocarvajalarias</modifiedBy>
<createdTime>2025-08-17 22:47:57 UTC</createdTime>
<autoRoute>false</autoRoute>
<boxInbox>true</boxInbox>
<showLegend>false</showLegend>
<showLabels>false</showLabels>
<showRelAttributes>false</showRelAttributes>
<gridEnabled>false</gridEnabled>
<showGrid>false</showGrid>
<diagramColor>-1</diagramColor>
<display>false</display>
<notation>1</notation>
<objectViews>
<OView class="oracle.dbtools.crest.swingui.logical.TVEntity" oid="7FD52F80-1E48-0891-2FDB-06B5DE8A1119" otype="Entity" vid="D8FAFC1E-6643-A6BC-B539-26DF507274D9">
<hideElementsInCurrentOnly>false</hideElementsInCurrentOnly>
<bounds x="297" y="144" width="289" height="129"/>
</OView>
<OView class="oracle.dbtools.crest.swingui.logical.TVEntity" oid="99CB54D6-33B7-0E67-43B4-E6410CFCCEF7" otype="Entity" vid="9F8DCAE8-5198-589E-BACB-2ECD7181F144">
<hideElementsInCurrentOnly>false</hideElementsInCurrentOnly>
<bounds x="951" y="156" width="170" height="110"/>
</OView>
<OView class="oracle.dbtools.crest.swingui.logical.TVEntity" oid="EF1F37DB-1093-777B-6860-42C5CFEFBC94" otype="Entity" vid="A0D28EF8-1800-9064-508F-D06258E0E566">
<hideElementsInCurrentOnly>false</hideElementsInCurrentOnly>
<bounds x="687" y="154" width="170" height="110"/>
</OView>
</objectViews>
</Diagram>