<?xml version = '1.0' encoding = 'UTF-8'?>
<Diagram class="oracle.dbtools.crest.swingui.logical.DPVLogical" name="Logical" id="75B19403-81C1-FFF3-C274-8779393DB0F4">
<createdBy>diegocarvajalarias</createdBy>
<modifiedBy>diegocarvajalarias</modifiedBy>
<createdTime>2025-09-02 02:47:38 UTC</createdTime>
<autoRoute>false</autoRoute>
<boxInbox>true</boxInbox>
<showLegend>false</showLegend>
<showLabels>false</showLabels>
<showRelAttributes>false</showRelAttributes>
<gridEnabled>false</gridEnabled>
<showGrid>true</showGrid>
<diagramColor>-1</diagramColor>
<display>false</display>
<notation>0</notation>
<objectViews>
<OView class="oracle.dbtools.crest.swingui.logical.TVEntity" oid="008B4C34-376E-51D0-AC06-F26089126AEE" otype="Entity" vid="494AA973-4E62-3C38-9AED-D41D698B3D16">
<hideElementsInCurrentOnly>false</hideElementsInCurrentOnly>
<bounds x="650" y="410" width="198" height="173"/>
</OView>
<OView class="oracle.dbtools.crest.swingui.logical.TVEntity" oid="01116937-D3D9-00A7-46D6-3CB85A0353DB" otype="Entity" vid="37CBBDE0-52DF-E9D9-7FE8-158E8FF1F267">
<hideElementsInCurrentOnly>false</hideElementsInCurrentOnly>
<bounds x="1354" y="812" width="180" height="96"/>
</OView>
<OView class="oracle.dbtools.crest.swingui.logical.TVEntity" oid="0569E977-CE3D-B332-74E4-AE836C78CA94" otype="Entity" vid="7EC44E03-F1DB-5F05-19E3-82A45D6064C2">
<hideElementsInCurrentOnly>false</hideElementsInCurrentOnly>
<bounds x="534" y="611" width="461" height="301"/>
</OView>
<OView class="oracle.dbtools.crest.swingui.logical.TVEntity" oid="200006BD-8A8D-AF0C-F5F9-1C7990C9D321" otype="Entity" vid="03B546A7-BEDC-6F82-4C63-C3C36C7BD6E9">
<hideElementsInCurrentOnly>false</hideElementsInCurrentOnly>
<bounds x="1037" y="597" width="209" height="186"/>
</OView>
<OView class="oracle.dbtools.crest.swingui.logical.TVEntity" oid="251B2CB8-B74A-84C3-8D2B-B454E906FACD" otype="Entity" vid="F7ADF639-1AE1-139F-810E-1A0C33B03FEE">
<hideElementsInCurrentOnly>false</hideElementsInCurrentOnly>
<bounds x="298" y="332" width="181" height="76"/>
</OView>
<OView class="oracle.dbtools.crest.swingui.logical.TVEntity" oid="3DA53962-A4D0-4047-C62E-9B7151EE98A3" otype="Entity" vid="5418681A-19E7-7EAF-AB05-63F28D88ADB4">
<hideElementsInCurrentOnly>false</hideElementsInCurrentOnly>
<bounds x="615" y="220" width="287" height="147"/>
</OView>
<OView class="oracle.dbtools.crest.swingui.logical.TVEntity" oid="40E7F734-AF6F-1FD2-ECA5-B8C4C79C56A9" otype="Entity" vid="3C52D301-5802-6612-FDFE-FE0576A29045">
<hideElementsInCurrentOnly>false</hideElementsInCurrentOnly>
<bounds x="494" y="39" width="203" height="96"/>
</OView>
<OView class="oracle.dbtools.crest.swingui.logical.TVEntity" oid="4BB3375F-BF26-B86A-B0CE-86C59FCC275F" otype="Entity" vid="E400BD2A-6735-DC26-04ED-EAF015A54B81">
<hideElementsInCurrentOnly>false</hideElementsInCurrentOnly>
<bounds x="544" y="712" width="185" height="190"/>
</OView>
<OView class="oracle.dbtools.crest.swingui.logical.TVEntity" oid="87C67317-05DD-617E-90DD-71C6C86BE2B7" otype="Entity" vid="7C969C84-0FF5-16F8-EF0E-47D2D37C1A2B">
<hideElementsInCurrentOnly>false</hideElementsInCurrentOnly>
<bounds x="1290" y="629" width="253" height="134"/>
</OView>
<OView class="oracle.dbtools.crest.swingui.logical.TVEntity" oid="A49820BD-9B96-747B-550E-3E3177318364" otype="Entity" vid="A5673893-2CD4-C87F-779D-123E5CDC32AF">
<hideElementsInCurrentOnly>false</hideElementsInCurrentOnly>
<bounds x="69" y="332" width="214" height="81"/>
</OView>
<OView class="oracle.dbtools.crest.swingui.logical.TVEntity" oid="CCF85046-D5FB-33FB-00CF-6349F76B54C4" otype="Entity" vid="47D153F7-C7D7-C936-539A-2F5AEE45E109">
<hideElementsInCurrentOnly>false</hideElementsInCurrentOnly>
<bounds x="751" y="714" width="222" height="188"/>
</OView>
<OView class="oracle.dbtools.crest.swingui.logical.TVEntity" oid="D92EAAF8-897E-0208-119A-9679F59E68CE" otype="Entity" vid="54602FF3-0622-36E9-1612-4BCA5F705660">
<hideElementsInCurrentOnly>false</hideElementsInCurrentOnly>
<bounds x="53" y="212" width="461" height="211"/>
</OView>
<OView class="oracle.dbtools.crest.swingui.logical.TVEntity" oid="E5640498-FFD1-209C-E983-FE023EEC7121" otype="Entity" vid="DCD6DE79-24D7-BFB7-9D60-47BFFB752E44">
<hideElementsInCurrentOnly>false</hideElementsInCurrentOnly>
<bounds x="59" y="498" width="240" height="124"/>
</OView>
</objectViews>
<connectors>
<Connector class="oracle.dbtools.crest.swingui.logical.TVRelation" oid="142929CC-8D6D-7C2C-86B8-5352E85AE03C" otype="Relation" vid_source="3C52D301-5802-6612-FDFE-FE0576A29045" vid_target="5418681A-19E7-7EAF-AB05-63F28D88ADB4">
<hideElementsInCurrentOnly>false</hideElementsInCurrentOnly>
<backgroundColor>-16777216</backgroundColor>
<lineWidth>1</lineWidth>
<points>
<point x="656" y="135"/>
<point x="656" y="220"/>
</points>
</Connector>
<Connector class="oracle.dbtools.crest.swingui.logical.TVRelation" oid="31165923-448E-C304-EAED-6844FC3BCBA3" otype="Relation" vid_source="37CBBDE0-52DF-E9D9-7FE8-158E8FF1F267" vid_target="7C969C84-0FF5-16F8-EF0E-47D2D37C1A2B">
<hideElementsInCurrentOnly>false</hideElementsInCurrentOnly>
<backgroundColor>-16777216</backgroundColor>
<lineWidth>1</lineWidth>
<points>
<point x="1444" y="812"/>
<point x="1444" y="763"/>
</points>
</Connector>
<Connector class="oracle.dbtools.crest.swingui.logical.TVInheritanceRelation" oid="39E36E68-8201-FF9F-826C-40DB1BC277B6" otype="Hierarchy relation" vid_source="54602FF3-0622-36E9-1612-4BCA5F705660" vid_target="A5673893-2CD4-C87F-779D-123E5CDC32AF">
<hideElementsInCurrentOnly>false</hideElementsInCurrentOnly>
<backgroundColor>-65536</backgroundColor>
<lineWidth>1</lineWidth>
</Connector>
<Connector class="oracle.dbtools.crest.swingui.logical.TVRelation" oid="4FE1EE0C-C45C-EE73-F659-E4089ED23DBF" otype="Relation" vid_source="7C969C84-0FF5-16F8-EF0E-47D2D37C1A2B" vid_target="03B546A7-BEDC-6F82-4C63-C3C36C7BD6E9">
<hideElementsInCurrentOnly>false</hideElementsInCurrentOnly>
<backgroundColor>-16777216</backgroundColor>
<lineWidth>1</lineWidth>
<points>
<point x="1290" y="696"/>
<point x="1246" y="696"/>
</points>
</Connector>
<Connector class="oracle.dbtools.crest.swingui.logical.TVRelation" oid="7E74C261-C2FA-838E-8BA6-137BCA77CD2F" otype="Relation" vid_source="DCD6DE79-24D7-BFB7-9D60-47BFFB752E44" vid_target="A5673893-2CD4-C87F-779D-123E5CDC32AF">
<hideElementsInCurrentOnly>false</hideElementsInCurrentOnly>
<backgroundColor>-16777216</backgroundColor>
<lineWidth>1</lineWidth>
<points>
<point x="176" y="498"/>
<point x="176" y="413"/>
</points>
</Connector>
<Connector class="oracle.dbtools.crest.swingui.logical.TVRelation" oid="888F4355-23AF-993D-7DD1-D78E89A56740" otype="Relation" vid_source="5418681A-19E7-7EAF-AB05-63F28D88ADB4" vid_target="494AA973-4E62-3C38-9AED-D41D698B3D16">
<hideElementsInCurrentOnly>false</hideElementsInCurrentOnly>
<backgroundColor>-16777216</backgroundColor>
<lineWidth>1</lineWidth>
<points>
<point x="749" y="367"/>
<point x="749" y="410"/>
</points>
</Connector>
<Connector class="oracle.dbtools.crest.swingui.logical.TVRelation" oid="9345FB2D-50A3-4A4A-FD12-451EEA1CD5B8" otype="Relation" vid_source="7EC44E03-F1DB-5F05-19E3-82A45D6064C2" vid_target="03B546A7-BEDC-6F82-4C63-C3C36C7BD6E9">
<hideElementsInCurrentOnly>false</hideElementsInCurrentOnly>
<backgroundColor>-16777216</backgroundColor>
<lineWidth>1</lineWidth>
<points>
<point x="995" y="697"/>
<point x="1037" y="697"/>
</points>
</Connector>
<Connector class="oracle.dbtools.crest.swingui.logical.TVInheritanceRelation" oid="9D6D342F-19D6-DACB-A046-6E84F6283CDE" otype="Hierarchy relation" vid_source="54602FF3-0622-36E9-1612-4BCA5F705660" vid_target="F7ADF639-1AE1-139F-810E-1A0C33B03FEE">
<hideElementsInCurrentOnly>false</hideElementsInCurrentOnly>
<backgroundColor>-65536</backgroundColor>
<lineWidth>1</lineWidth>
</Connector>
<Connector class="oracle.dbtools.crest.swingui.logical.TVInheritanceRelation" oid="BF953B10-1F46-D383-E14A-D22E6BD63E19" otype="Hierarchy relation" vid_source="7EC44E03-F1DB-5F05-19E3-82A45D6064C2" vid_target="E400BD2A-6735-DC26-04ED-EAF015A54B81">
<hideElementsInCurrentOnly>false</hideElementsInCurrentOnly>
<backgroundColor>-65536</backgroundColor>
<lineWidth>1</lineWidth>
</Connector>
<Connector class="oracle.dbtools.crest.swingui.logical.TVRelation" oid="C4257C93-B4E2-224D-1DC9-B90F797F320D" otype="Relation" vid_source="3C52D301-5802-6612-FDFE-FE0576A29045" vid_target="54602FF3-0622-36E9-1612-4BCA5F705660">
<hideElementsInCurrentOnly>false</hideElementsInCurrentOnly>
<backgroundColor>-16777216</backgroundColor>
<lineWidth>1</lineWidth>
<points>
<point x="504" y="135"/>
<point x="504" y="212"/>
</points>
</Connector>
<Connector class="oracle.dbtools.crest.swingui.logical.TVInheritanceRelation" oid="DF791DB3-C729-A3E4-A11E-62FB9E71020A" otype="Hierarchy relation" vid_source="7EC44E03-F1DB-5F05-19E3-82A45D6064C2" vid_target="47D153F7-C7D7-C936-539A-2F5AEE45E109">
<hideElementsInCurrentOnly>false</hideElementsInCurrentOnly>
<backgroundColor>-65536</backgroundColor>
<lineWidth>1</lineWidth>
</Connector>
<Connector class="oracle.dbtools.crest.swingui.logical.TVRelation" oid="E68E1233-722C-4618-BB19-38D918BFE4DC" otype="Relation" vid_source="7EC44E03-F1DB-5F05-19E3-82A45D6064C2" vid_target="494AA973-4E62-3C38-9AED-D41D698B3D16">
<hideElementsInCurrentOnly>false</hideElementsInCurrentOnly>
<backgroundColor>-16777216</backgroundColor>
<lineWidth>1</lineWidth>
<points>
<point x="749" y="611"/>
<point x="749" y="583"/>
</points>
</Connector>
</connectors>
</Diagram>