<?xml version = '1.0' encoding = 'UTF-8'?>
<Table class="oracle.dbtools.crest.model.design.relational.Table" directorySegmentName="seg_0" id="06F0F87A-F2E4-1210-1B0A-CC6786D0B6B1" name="COMUNA">
<sourceDDLFile>1.sql</sourceDDLFile>
<createdBy>diegocarvajalarias</createdBy>
<createdTime>2025-09-16 00:54:27 UTC</createdTime>
<ownerDesignName>s05</ownerDesignName>
<importedID>0A3588AF-1C51-A425-C475-9603DBEDAD98</importedID>
<allowColumnReorder>false</allowColumnReorder>
<existDependencyGenerateInDDl>true</existDependencyGenerateInDDl>
<parsed>true</parsed>
<columns itemClass="oracle.dbtools.crest.model.design.relational.Column">
<Column name="id" id="73430156-E7D4-632D-E0A6-D24C2A21A729">
<sourceDDLFile>1.sql</sourceDDLFile>
<createdBy>diegocarvajalarias</createdBy>
<createdTime>2025-09-16 00:54:27 UTC</createdTime>
<ownerDesignName>s05</ownerDesignName>
<importedID>C6BB9BA2-BFB0-5DF1-5196-6AC56152DB72</importedID>
<useDomainConstraints>false</useDomainConstraints>
<use>0</use>
<logicalDatatype>LOGDT019</logicalDatatype>
<domain>0DA354A4-33E3-B3E3-68E3-C02E094F16F1</domain>
<ownDataTypeParameters>,,</ownDataTypeParameters>
<autoIncrementCycle>false</autoIncrementCycle>
</Column>
<Column name="nombre" id="C1BF3C06-5772-57F1-4448-5B85DFC2FE02">
<sourceDDLFile>1.sql</sourceDDLFile>
<createdBy>diegocarvajalarias</createdBy>
<createdTime>2025-09-16 00:54:27 UTC</createdTime>
<ownerDesignName>s05</ownerDesignName>
<importedID>5D36186B-89F7-0DED-F205-C4DF1B3721BC</importedID>
<useDomainConstraints>false</useDomainConstraints>
<use>0</use>
<logicalDatatype>LOGDT024</logicalDatatype>
<domain>0CBC8B67-800C-A7D4-66C8-DB5A53CE7839</domain>
<ownDataTypeParameters>,,</ownDataTypeParameters>
<autoIncrementCycle>false</autoIncrementCycle>
</Column>
<Column name="REGION_id" id="CE8B3F4F-F45A-32B8-378A-FF41374F7B6E">
<sourceDDLFile>1.sql</sourceDDLFile>
<createdBy>diegocarvajalarias</createdBy>
<createdTime>2025-09-16 00:54:27 UTC</createdTime>
<ownerDesignName>s05</ownerDesignName>
<importedID>95F1F56D-88ED-E52C-7143-785E9B452ECE</importedID>
<use>0</use>
<logicalDatatype>LOGDT019</logicalDatatype>
<domain>BBCAAA61-3D65-10C6-9A4F-0A5F98D6B9DF</domain>
<ownDataTypeParameters>,,</ownDataTypeParameters>
<autoIncrementCycle>false</autoIncrementCycle>
<associations>
<colAssociation fkAssociation="8E68EE9B-5ECD-2733-AD1A-5DF280102956" referredColumn="B257E6D8-4546-3999-899B-D7AFB1E5C9A7"/>
</associations>
</Column>
</columns>
<indexes itemClass="oracle.dbtools.crest.model.design.relational.Index">
<ind_PK_UK id="B6795939-0285-2B89-C259-3384D365F09C" name="COMUNA_PK">
<sourceDDLFile>1.sql</sourceDDLFile>
<createdBy>diegocarvajalarias</createdBy>
<createdTime>2025-09-16 00:54:27 UTC</createdTime>
<ownerDesignName>s05</ownerDesignName>
<importedID>693F008A-81E0-B800-86D5-CD1035136D5D</importedID>
<pk>true</pk>
<indexState>Primary Constraint</indexState>
<isSurrogateKey>false</isSurrogateKey>
<indexColumnUsage>
<colUsage columnID="73430156-E7D4-632D-E0A6-D24C2A21A729"/>
</indexColumnUsage>
</ind_PK_UK>
<ind_PK_UK id="87F10EFB-86AF-4C43-9939-701C4CFA83DB" name="IX_COMUNA_REGION">
<sourceDDLFile>1.sql</sourceDDLFile>
<createdBy>diegocarvajalarias</createdBy>
<createdTime>2025-09-16 00:54:27 UTC</createdTime>
<ownerDesignName>s05</ownerDesignName>
<importedID>A37D382C-4D87-5D67-208E-378F5ECEC5E8</importedID>
<isSurrogateKey>false</isSurrogateKey>
<indexColumnUsage>
<colUsage columnID="CE8B3F4F-F45A-32B8-378A-FF41374F7B6E"/>
</indexColumnUsage>
</ind_PK_UK>
<ind_PK_UK id="E4375BCA-D8A8-8F25-5FC2-01B79A260C5F" name="COMUNA_REGION_FK">
<createdBy>diegocarvajalarias</createdBy>
<createdTime>2025-09-16 00:54:27 UTC</createdTime>
<ownerDesignName>s05</ownerDesignName>
<indexState>Foreign Key</indexState>
<isSurrogateKey>false</isSurrogateKey>
<indexColumnUsage>
<colUsage columnID="CE8B3F4F-F45A-32B8-378A-FF41374F7B6E"/>
</indexColumnUsage>
</ind_PK_UK>
</indexes>
</Table>