<?xml version = '1.0' encoding = 'UTF-8'?>
<Table class="oracle.dbtools.crest.model.design.relational.Table" directorySegmentName="seg_0" id="19F48E7F-85A3-0D3A-CED0-766B268F5D4B" name="MEDICO">
<sourceDDLFile>1.sql</sourceDDLFile>
<createdBy>diegocarvajalarias</createdBy>
<createdTime>2025-09-16 00:54:27 UTC</createdTime>
<ownerDesignName>s05</ownerDesignName>
<importedID>B67EE03B-D42E-A616-C996-CA881CF920B8</importedID>
<allowColumnReorder>false</allowColumnReorder>
<existDependencyGenerateInDDl>true</existDependencyGenerateInDDl>
<parsed>true</parsed>
<columns itemClass="oracle.dbtools.crest.model.design.relational.Column">
<Column name="rut" id="E4C927B1-EE50-167E-2849-FDD2B0091526">
<sourceDDLFile>1.sql</sourceDDLFile>
<createdBy>diegocarvajalarias</createdBy>
<createdTime>2025-09-16 00:54:27 UTC</createdTime>
<ownerDesignName>s05</ownerDesignName>
<importedID>3DAB6B71-21DC-A09C-3534-FBABF5513581</importedID>
<useDomainConstraints>false</useDomainConstraints>
<use>0</use>
<logicalDatatype>LOGDT024</logicalDatatype>
<domain>DA2DC38F-8D25-1065-90C8-A70D9567C25E</domain>
<ownDataTypeParameters>,,</ownDataTypeParameters>
<autoIncrementCycle>false</autoIncrementCycle>
</Column>
<Column name="nombre" id="77138544-5796-3F76-34E4-05F97B1197D1">
<sourceDDLFile>1.sql</sourceDDLFile>
<createdBy>diegocarvajalarias</createdBy>
<createdTime>2025-09-16 00:54:27 UTC</createdTime>
<ownerDesignName>s05</ownerDesignName>
<importedID>9F71944A-4B81-EF47-DF73-7CDEC86FFE19</importedID>
<useDomainConstraints>false</useDomainConstraints>
<use>0</use>
<logicalDatatype>LOGDT024</logicalDatatype>
<domain>9F9C44FD-DDB2-DDA6-8F4D-2CF6A3C7FE27</domain>
<ownDataTypeParameters>,,</ownDataTypeParameters>
<autoIncrementCycle>false</autoIncrementCycle>
</Column>
<Column name="fecha_ingreso" id="31EEB2DA-DFFC-B270-AB18-2FE17742D118">
<sourceDDLFile>1.sql</sourceDDLFile>
<createdBy>diegocarvajalarias</createdBy>
<createdTime>2025-09-16 00:54:27 UTC</createdTime>
<ownerDesignName>s05</ownerDesignName>
<importedID>4573E9C6-CE50-0E11-964A-D9038EE00C02</importedID>
<useDomainConstraints>false</useDomainConstraints>
<use>0</use>
<logicalDatatype>LOGDT007</logicalDatatype>
<domain>C2FEA37B-5119-12BD-6EA5-1D94A1060CCD</domain>
<ownDataTypeParameters>,,</ownDataTypeParameters>
<autoIncrementCycle>false</autoIncrementCycle>
</Column>
<Column name="UNIDAD_id" id="C3E9F875-C8E4-1A85-179C-A7E4948E31B5">
<sourceDDLFile>1.sql</sourceDDLFile>
<createdBy>diegocarvajalarias</createdBy>
<createdTime>2025-09-16 00:54:27 UTC</createdTime>
<ownerDesignName>s05</ownerDesignName>
<importedID>09284D96-EB83-145F-0D0B-1CD0FD89CAED</importedID>
<use>0</use>
<logicalDatatype>LOGDT019</logicalDatatype>
<domain>9C8F80C4-46AE-A340-A1E3-CAAB88067CF5</domain>
<ownDataTypeParameters>,,</ownDataTypeParameters>
<autoIncrementCycle>false</autoIncrementCycle>
<associations>
<colAssociation fkAssociation="84A81E9F-DA07-8036-DDDA-C50BB0763B34" referredColumn="4A355046-A611-F195-67C7-E7F01C559FF4"/>
</associations>
</Column>
<Column name="ESPECIALIDAD_id" id="3BB79D2B-352C-C36B-BDE1-818F34C3A2C6">
<sourceDDLFile>1.sql</sourceDDLFile>
<createdBy>diegocarvajalarias</createdBy>
<createdTime>2025-09-16 00:54:27 UTC</createdTime>
<ownerDesignName>s05</ownerDesignName>
<importedID>C5ACFF12-6917-4F72-0E6C-F9049ED417EE</importedID>
<use>0</use>
<logicalDatatype>LOGDT019</logicalDatatype>
<domain>BBCAAA61-3D65-10C6-9A4F-0A5F98D6B9DF</domain>
<ownDataTypeParameters>,,</ownDataTypeParameters>
<autoIncrementCycle>false</autoIncrementCycle>
<associations>
<colAssociation fkAssociation="F8F62E44-E817-A273-54B1-38BA1BA31177" referredColumn="AE1B7CF0-8A42-5852-C060-016FED52634D"/>
</associations>
</Column>
<Column name="MEDICO_rut" id="6DF53158-40EA-F3C7-8DDB-7E50894CFC58">
<sourceDDLFile>1.sql</sourceDDLFile>
<createdBy>diegocarvajalarias</createdBy>
<createdTime>2025-09-16 00:54:27 UTC</createdTime>
<ownerDesignName>s05</ownerDesignName>
<importedID>56B0AD7B-23D0-469E-BFD7-1F75A713F077</importedID>
<nullsAllowed>true</nullsAllowed>
<useDomainConstraints>false</useDomainConstraints>
<use>0</use>
<logicalDatatype>LOGDT024</logicalDatatype>
<domain>DA2DC38F-8D25-1065-90C8-A70D9567C25E</domain>
<ownDataTypeParameters>,,</ownDataTypeParameters>
<autoIncrementCycle>false</autoIncrementCycle>
<associations>
<colAssociation fkAssociation="CCAECA0C-D19D-85AC-56BC-0013DE5873B9" referredColumn="E4C927B1-EE50-167E-2849-FDD2B0091526"/>
</associations>
</Column>
<Column name="AFP_codigo" id="5B111095-FFFD-F174-43CD-CF4C8EEBA558">
<sourceDDLFile>1.sql</sourceDDLFile>
<createdBy>diegocarvajalarias</createdBy>
<createdTime>2025-09-16 00:54:27 UTC</createdTime>
<ownerDesignName>s05</ownerDesignName>
<importedID>DE6637CC-C14E-7516-62D6-6E3D208FFDD3</importedID>
<useDomainConstraints>false</useDomainConstraints>
<use>0</use>
<logicalDatatype>LOGDT024</logicalDatatype>
<domain>36DBB90A-BA7C-4337-186F-54C02FF7E423</domain>
<ownDataTypeParameters>,,</ownDataTypeParameters>
<autoIncrementCycle>false</autoIncrementCycle>
<associations>
<colAssociation fkAssociation="D92AB1CF-72D8-1EB1-C6CE-C0D165630BF6" referredColumn="91941CF4-C04A-4201-F126-DC330C22971E"/>
</associations>
</Column>
<Column name="SALUD_codigo" id="913CDA14-E44B-BDA6-BA1E-554963D3257B">
<sourceDDLFile>1.sql</sourceDDLFile>
<createdBy>diegocarvajalarias</createdBy>
<createdTime>2025-09-16 00:54:27 UTC</createdTime>
<ownerDesignName>s05</ownerDesignName>
<importedID>238A865F-B2B1-8072-E58E-43AD86D5E16D</importedID>
<use>0</use>
<logicalDatatype>LOGDT024</logicalDatatype>
<domain>36DBB90A-BA7C-4337-186F-54C02FF7E423</domain>
<ownDataTypeParameters>,,</ownDataTypeParameters>
<autoIncrementCycle>false</autoIncrementCycle>
<associations>
<colAssociation fkAssociation="2E5163E0-D77F-E318-91BC-93B425C5C956" referredColumn="813D4EC8-4F1A-1248-CACD-D6A6A9E84B58"/>
</associations>
</Column>
</columns>
<indexes itemClass="oracle.dbtools.crest.model.design.relational.Index">
<ind_PK_UK id="C4A14473-A569-7820-B8F1-8AD83EC2A520" name="MEDICO_PK">
<sourceDDLFile>1.sql</sourceDDLFile>
<createdBy>diegocarvajalarias</createdBy>
<createdTime>2025-09-16 00:54:27 UTC</createdTime>
<ownerDesignName>s05</ownerDesignName>
<importedID>F081BC6E-E5DA-07B2-C2FF-6360DA3F81C7</importedID>
<pk>true</pk>
<indexState>Primary Constraint</indexState>
<isSurrogateKey>false</isSurrogateKey>
<indexColumnUsage>
<colUsage columnID="E4C927B1-EE50-167E-2849-FDD2B0091526"/>
</indexColumnUsage>
</ind_PK_UK>
<ind_PK_UK id="B5CBE606-B976-8D71-E5DC-568C95775F8D" name="IX_MED_UNIDAD">
<sourceDDLFile>1.sql</sourceDDLFile>
<createdBy>diegocarvajalarias</createdBy>
<createdTime>2025-09-16 00:54:27 UTC</createdTime>
<ownerDesignName>s05</ownerDesignName>
<importedID>9D9BFEE4-BD9D-8424-CA22-3F984D39E79E</importedID>
<isSurrogateKey>false</isSurrogateKey>
<indexColumnUsage>
<colUsage columnID="C3E9F875-C8E4-1A85-179C-A7E4948E31B5"/>
</indexColumnUsage>
</ind_PK_UK>
<ind_PK_UK id="EC926CC4-4743-ADEE-5A72-E5AC10B3D5DF" name="IX_MED_ESPEC">
<sourceDDLFile>1.sql</sourceDDLFile>
<createdBy>diegocarvajalarias</createdBy>
<createdTime>2025-09-16 00:54:27 UTC</createdTime>
<ownerDesignName>s05</ownerDesignName>
<importedID>E2E91A6B-5A58-89F6-F6D9-DAFAAB0572F1</importedID>
<isSurrogateKey>false</isSurrogateKey>
<indexColumnUsage>
<colUsage columnID="3BB79D2B-352C-C36B-BDE1-818F34C3A2C6"/>
</indexColumnUsage>
</ind_PK_UK>
<ind_PK_UK id="420B02EE-CCC3-5571-2BF3-B9E0F78006B8" name="IX_MED_SUP">
<sourceDDLFile>1.sql</sourceDDLFile>
<createdBy>diegocarvajalarias</createdBy>
<createdTime>2025-09-16 00:54:27 UTC</createdTime>
<ownerDesignName>s05</ownerDesignName>
<importedID>2FAA26EB-EF20-4544-DD3E-05C9F98E203F</importedID>
<isSurrogateKey>false</isSurrogateKey>
<indexColumnUsage>
<colUsage columnID="6DF53158-40EA-F3C7-8DDB-7E50894CFC58"/>
</indexColumnUsage>
</ind_PK_UK>
<ind_PK_UK id="FB997524-4A2B-C986-4D94-2BBA57C07319" name="IX_MED_AFP">
<sourceDDLFile>1.sql</sourceDDLFile>
<createdBy>diegocarvajalarias</createdBy>
<createdTime>2025-09-16 00:54:27 UTC</createdTime>
<ownerDesignName>s05</ownerDesignName>
<importedID>41672682-63D2-D5FD-346E-6BE8A4DB11A5</importedID>
<isSurrogateKey>false</isSurrogateKey>
<indexColumnUsage>
<colUsage columnID="5B111095-FFFD-F174-43CD-CF4C8EEBA558"/>
</indexColumnUsage>
</ind_PK_UK>
<ind_PK_UK id="6CF506D8-CC41-F69F-2FA1-D27EF8D370C9" name="IX_MED_SALUD">
<sourceDDLFile>1.sql</sourceDDLFile>
<createdBy>diegocarvajalarias</createdBy>
<createdTime>2025-09-16 00:54:27 UTC</createdTime>
<ownerDesignName>s05</ownerDesignName>
<importedID>00AA262C-67D3-9046-47D9-5F35D7637D87</importedID>
<isSurrogateKey>false</isSurrogateKey>
<indexColumnUsage>
<colUsage columnID="913CDA14-E44B-BDA6-BA1E-554963D3257B"/>
</indexColumnUsage>
</ind_PK_UK>
<ind_PK_UK id="CF00CBC3-096F-24E2-D9C2-948EAE7BC587" name="MEDICO_AFP_FK">
<createdBy>diegocarvajalarias</createdBy>
<createdTime>2025-09-16 00:54:27 UTC</createdTime>
<ownerDesignName>s05</ownerDesignName>
<indexState>Foreign Key</indexState>
<isSurrogateKey>false</isSurrogateKey>
<indexColumnUsage>
<colUsage columnID="5B111095-FFFD-F174-43CD-CF4C8EEBA558"/>
</indexColumnUsage>
</ind_PK_UK>
<ind_PK_UK id="81683D5E-6B4B-24E9-48CF-EDBE9FD1D46F" name="MEDICO_ESPECIALIDAD_FK">
<createdBy>diegocarvajalarias</createdBy>
<createdTime>2025-09-16 00:54:27 UTC</createdTime>
<ownerDesignName>s05</ownerDesignName>
<indexState>Foreign Key</indexState>
<isSurrogateKey>false</isSurrogateKey>
<indexColumnUsage>
<colUsage columnID="3BB79D2B-352C-C36B-BDE1-818F34C3A2C6"/>
</indexColumnUsage>
</ind_PK_UK>
<ind_PK_UK id="DF97874E-EDBB-7240-D1F5-7FD75A975D59" name="MEDICO_SALUD_FK">
<createdBy>diegocarvajalarias</createdBy>
<createdTime>2025-09-16 00:54:27 UTC</createdTime>
<ownerDesignName>s05</ownerDesignName>
<indexState>Foreign Key</indexState>
<isSurrogateKey>false</isSurrogateKey>
<indexColumnUsage>
<colUsage columnID="913CDA14-E44B-BDA6-BA1E-554963D3257B"/>
</indexColumnUsage>
</ind_PK_UK>
<ind_PK_UK id="436AD726-12CA-B974-0429-4C02D0C916FC" name="MEDICO_MEDICO_FK">
<createdBy>diegocarvajalarias</createdBy>
<createdTime>2025-09-16 00:54:27 UTC</createdTime>
<ownerDesignName>s05</ownerDesignName>
<indexState>Foreign Key</indexState>
<isSurrogateKey>false</isSurrogateKey>
<indexColumnUsage>
<colUsage columnID="6DF53158-40EA-F3C7-8DDB-7E50894CFC58"/>
</indexColumnUsage>
</ind_PK_UK>
<ind_PK_UK id="C21A08A0-D9F1-B958-2F0E-1410DD90B616" name="MEDICO_UNIDAD_FK">
<createdBy>diegocarvajalarias</createdBy>
<createdTime>2025-09-16 00:54:27 UTC</createdTime>
<ownerDesignName>s05</ownerDesignName>
<indexState>Foreign Key</indexState>
<isSurrogateKey>false</isSurrogateKey>
<indexColumnUsage>
<colUsage columnID="C3E9F875-C8E4-1A85-179C-A7E4948E31B5"/>
</indexColumnUsage>
</ind_PK_UK>
</indexes>
<tableCheckConstraints itemClass="oracle.dbtools.crest.model.design.constraint.TableLevelConstraint">
<tableCheckConstraint name="CHK_SUP_NO_SELF" directorySegmentName="seg_0" id="13D12F6A-AA64-17AD-98B8-82F9B6F37C92">
<sourceDDLFile>1.sql</sourceDDLFile>
<createdBy>diegocarvajalarias</createdBy>
<createdTime>2025-09-16 00:54:27 UTC</createdTime>
<ownerDesignName>s05</ownerDesignName>
<importedID>5B9DDEC2-46F8-9124-8912-53010093B282</importedID>
<rule><![CDATA[supervisor_rut IS NULL OR supervisor_rut <> rut]]></rule>
</tableCheckConstraint>
</tableCheckConstraints>
</Table>