<?xml version = '1.0' encoding = 'UTF-8'?>
<Table class="oracle.dbtools.crest.model.design.relational.Table" directorySegmentName="seg_0" id="309C3BCD-151C-6DC7-743C-EDB2B309133F" name="SALUD">
<sourceDDLFile>1.sql</sourceDDLFile>
<createdBy>diegocarvajalarias</createdBy>
<createdTime>2025-09-16 00:54:27 UTC</createdTime>
<ownerDesignName>s05</ownerDesignName>
<importedID>EBBE1EA3-63A5-5B66-595B-E9AE0DE3CA5A</importedID>
<allowColumnReorder>false</allowColumnReorder>
<existDependencyGenerateInDDl>true</existDependencyGenerateInDDl>
<parsed>true</parsed>
<columns itemClass="oracle.dbtools.crest.model.design.relational.Column">
<Column name="codigo" id="813D4EC8-4F1A-1248-CACD-D6A6A9E84B58">
<sourceDDLFile>1.sql</sourceDDLFile>
<createdBy>diegocarvajalarias</createdBy>
<createdTime>2025-09-16 00:54:27 UTC</createdTime>
<ownerDesignName>s05</ownerDesignName>
<importedID>44B02B8A-3550-1861-8FDE-D24832955170</importedID>
<useDomainConstraints>false</useDomainConstraints>
<use>0</use>
<logicalDatatype>LOGDT024</logicalDatatype>
<domain>36DBB90A-BA7C-4337-186F-54C02FF7E423</domain>
<ownDataTypeParameters>,,</ownDataTypeParameters>
<autoIncrementCycle>false</autoIncrementCycle>
</Column>
<Column name="nombre" id="F03E8D10-C215-B3F0-242A-B55EC42FA70A">
<sourceDDLFile>1.sql</sourceDDLFile>
<createdBy>diegocarvajalarias</createdBy>
<createdTime>2025-09-16 00:54:27 UTC</createdTime>
<ownerDesignName>s05</ownerDesignName>
<importedID>BADC6797-FDA4-EB8E-760E-DFE6C35362A2</importedID>
<useDomainConstraints>false</useDomainConstraints>
<use>0</use>
<logicalDatatype>LOGDT024</logicalDatatype>
<domain>0CBC8B67-800C-A7D4-66C8-DB5A53CE7839</domain>
<ownDataTypeParameters>,,</ownDataTypeParameters>
<autoIncrementCycle>false</autoIncrementCycle>
</Column>
<Column name="tipo" id="6A598E80-C905-C0E2-189A-BD08D0E1A2B2">
<sourceDDLFile>1.sql</sourceDDLFile>
<createdBy>diegocarvajalarias</createdBy>
<createdTime>2025-09-16 00:54:27 UTC</createdTime>
<ownerDesignName>s05</ownerDesignName>
<importedID>BC633E8A-4666-EEF5-A6F2-FCBC6813894E</importedID>
<useDomainConstraints>false</useDomainConstraints>
<use>0</use>
<logicalDatatype>LOGDT024</logicalDatatype>
<domain>36DBB90A-BA7C-4337-186F-54C02FF7E423</domain>
<ownDataTypeParameters>,,</ownDataTypeParameters>
<autoIncrementCycle>false</autoIncrementCycle>
</Column>
</columns>
<indexes itemClass="oracle.dbtools.crest.model.design.relational.Index">
<ind_PK_UK id="5B6BD4D5-1C73-905C-F92F-E2B77F0D0FDA" name="SALUD_PK">
<sourceDDLFile>1.sql</sourceDDLFile>
<createdBy>diegocarvajalarias</createdBy>
<createdTime>2025-09-16 00:54:27 UTC</createdTime>
<ownerDesignName>s05</ownerDesignName>
<importedID>B350349C-0AAC-128C-DAE6-AE58BFD78257</importedID>
<pk>true</pk>
<indexState>Primary Constraint</indexState>
<isSurrogateKey>false</isSurrogateKey>
<indexColumnUsage>
<colUsage columnID="813D4EC8-4F1A-1248-CACD-D6A6A9E84B58"/>
</indexColumnUsage>
</ind_PK_UK>
</indexes>
<tableCheckConstraints itemClass="oracle.dbtools.crest.model.design.constraint.TableLevelConstraint">
<tableCheckConstraint name="CHK_SALUD_TIPO" directorySegmentName="seg_0" id="507F128D-5852-1316-9366-45307E2D7FF7">
<sourceDDLFile>1.sql</sourceDDLFile>
<createdBy>diegocarvajalarias</createdBy>
<createdTime>2025-09-16 00:54:27 UTC</createdTime>
<ownerDesignName>s05</ownerDesignName>
<importedID>B92CD7D2-DA03-1645-83AB-3E87ED2D5CE9</importedID>
<rule><![CDATA[tipo IN ('FONASA','ISAPRE')]]></rule>
</tableCheckConstraint>
</tableCheckConstraints>
</Table>