<?xml version = '1.0' encoding = 'UTF-8'?>
<Table class="oracle.dbtools.crest.model.design.relational.Table" directorySegmentName="seg_0" id="85ACBECC-6BE8-20DD-E621-D03D6D4E63BC" name="EXAMEN">
<sourceDDLFile>1.sql</sourceDDLFile>
<createdBy>diegocarvajalarias</createdBy>
<createdTime>2025-09-16 00:54:27 UTC</createdTime>
<ownerDesignName>s05</ownerDesignName>
<importedID>23447231-18DB-3E67-DF2B-AF522DCF4D69</importedID>
<allowColumnReorder>false</allowColumnReorder>
<existDependencyGenerateInDDl>true</existDependencyGenerateInDDl>
<parsed>true</parsed>
<columns itemClass="oracle.dbtools.crest.model.design.relational.Column">
<Column name="codigo" id="58926806-7FD9-2F2D-3396-95BE7BE71B9E">
<sourceDDLFile>1.sql</sourceDDLFile>
<createdBy>diegocarvajalarias</createdBy>
<createdTime>2025-09-16 00:54:27 UTC</createdTime>
<ownerDesignName>s05</ownerDesignName>
<importedID>49DDFD15-CB3F-4931-F20C-3D1757E51E47</importedID>
<useDomainConstraints>false</useDomainConstraints>
<use>0</use>
<logicalDatatype>LOGDT024</logicalDatatype>
<domain>7152225A-ED81-6F9D-7124-449E900A1EE0</domain>
<ownDataTypeParameters>,,</ownDataTypeParameters>
<autoIncrementCycle>false</autoIncrementCycle>
</Column>
<Column name="nombre" id="1FCB1EC0-B1D0-724B-B05B-95B90C5BA78B">
<sourceDDLFile>1.sql</sourceDDLFile>
<createdBy>diegocarvajalarias</createdBy>
<createdTime>2025-09-16 00:54:27 UTC</createdTime>
<ownerDesignName>s05</ownerDesignName>
<importedID>E84B7D1B-CF87-924A-6360-D91082F4E5FA</importedID>
<useDomainConstraints>false</useDomainConstraints>
<use>0</use>
<logicalDatatype>LOGDT024</logicalDatatype>
<domain>672D9814-95AB-E694-B8C4-A607358FFCCE</domain>
<ownDataTypeParameters>,,</ownDataTypeParameters>
<autoIncrementCycle>false</autoIncrementCycle>
</Column>
<Column name="tipo_muestra" id="AF2E1896-D491-4329-C15D-2CA332E233CB">
<sourceDDLFile>1.sql</sourceDDLFile>
<createdBy>diegocarvajalarias</createdBy>
<createdTime>2025-09-16 00:54:27 UTC</createdTime>
<ownerDesignName>s05</ownerDesignName>
<importedID>979F7593-5563-62B0-2A25-4D89530CACF8</importedID>
<useDomainConstraints>false</useDomainConstraints>
<use>0</use>
<logicalDatatype>LOGDT024</logicalDatatype>
<domain>79A0A0F4-A0E2-86E0-3C11-842F1950EF82</domain>
<ownDataTypeParameters>,,</ownDataTypeParameters>
<autoIncrementCycle>false</autoIncrementCycle>
</Column>
<Column name="condiciones_preparacion" id="62CCD9C9-CC5B-EB41-C5AE-34C305874000">
<sourceDDLFile>1.sql</sourceDDLFile>
<createdBy>diegocarvajalarias</createdBy>
<createdTime>2025-09-16 00:54:27 UTC</createdTime>
<ownerDesignName>s05</ownerDesignName>
<importedID>8C33DC0E-E16F-FFEC-6239-D13BDAE3826B</importedID>
<nullsAllowed>true</nullsAllowed>
<useDomainConstraints>false</useDomainConstraints>
<use>0</use>
<logicalDatatype>LOGDT024</logicalDatatype>
<domain>D38ACCD0-ACE4-AF14-8859-CD833A2F661E</domain>
<ownDataTypeParameters>,,</ownDataTypeParameters>
<autoIncrementCycle>false</autoIncrementCycle>
</Column>
</columns>
<indexes itemClass="oracle.dbtools.crest.model.design.relational.Index">
<ind_PK_UK id="D364E369-7EF8-3A43-3142-6BA2BC77D022" name="EXAMEN_PK">
<sourceDDLFile>1.sql</sourceDDLFile>
<createdBy>diegocarvajalarias</createdBy>
<createdTime>2025-09-16 00:54:27 UTC</createdTime>
<ownerDesignName>s05</ownerDesignName>
<importedID>4A35A4EE-8DCA-6111-7B20-D747DABDB6DB</importedID>
<pk>true</pk>
<indexState>Primary Constraint</indexState>
<isSurrogateKey>false</isSurrogateKey>
<indexColumnUsage>
<colUsage columnID="58926806-7FD9-2F2D-3396-95BE7BE71B9E"/>
</indexColumnUsage>
</ind_PK_UK>
</indexes>
</Table>