<?xml version = '1.0' encoding = 'UTF-8'?>
<Table class="oracle.dbtools.crest.model.design.relational.Table" directorySegmentName="seg_0" id="A42C24FC-3025-2E66-9AA5-414B257B20EA" name="ATENCION_MEDICA">
<sourceDDLFile>1.sql</sourceDDLFile>
<createdBy>diegocarvajalarias</createdBy>
<createdTime>2025-09-16 00:54:27 UTC</createdTime>
<ownerDesignName>s05</ownerDesignName>
<importedID>BCB7237F-1F1F-5EC8-A7D4-A2089295EB86</importedID>
<allowColumnReorder>false</allowColumnReorder>
<existDependencyGenerateInDDl>true</existDependencyGenerateInDDl>
<parsed>true</parsed>
<columns itemClass="oracle.dbtools.crest.model.design.relational.Column">
<Column name="id" id="62CC0ED3-9E53-D750-9D7E-C06B58CD9070">
<sourceDDLFile>1.sql</sourceDDLFile>
<createdBy>diegocarvajalarias</createdBy>
<createdTime>2025-09-16 00:54:27 UTC</createdTime>
<ownerDesignName>s05</ownerDesignName>
<importedID>458EE869-9A5E-FAAC-3AFD-A99FCEEC4573</importedID>
<useDomainConstraints>false</useDomainConstraints>
<use>0</use>
<logicalDatatype>LOGDT019</logicalDatatype>
<domain>FE61A19F-4ADE-3CF3-1F24-A5EC3B06F609</domain>
<ownDataTypeParameters>,,</ownDataTypeParameters>
<autoIncrementCycle>false</autoIncrementCycle>
</Column>
<Column name="fecha_hora" id="3F3B391C-78DD-D69D-C874-3D708938D82A">
<sourceDDLFile>1.sql</sourceDDLFile>
<createdBy>diegocarvajalarias</createdBy>
<createdTime>2025-09-16 00:54:27 UTC</createdTime>
<ownerDesignName>s05</ownerDesignName>
<importedID>90FF63DA-2EA8-9A14-F89D-E85CAB57F747</importedID>
<useDomainConstraints>false</useDomainConstraints>
<use>0</use>
<logicalDatatype>LOGDT015</logicalDatatype>
<domain>31C5336A-0722-F0DB-32B5-CEDA2DF9A4A4</domain>
<ownDataTypeParameters>,,</ownDataTypeParameters>
<autoIncrementCycle>false</autoIncrementCycle>
</Column>
<Column name="tipo" id="5794A62C-4D23-4BA9-CB4D-BB446CD2A3B6">
<sourceDDLFile>1.sql</sourceDDLFile>
<createdBy>diegocarvajalarias</createdBy>
<createdTime>2025-09-16 00:54:27 UTC</createdTime>
<ownerDesignName>s05</ownerDesignName>
<importedID>6B5304D3-2C44-A77C-5646-9EDD350D0CC1</importedID>
<useDomainConstraints>false</useDomainConstraints>
<use>0</use>
<logicalDatatype>LOGDT024</logicalDatatype>
<domain>7152225A-ED81-6F9D-7124-449E900A1EE0</domain>
<ownDataTypeParameters>,,</ownDataTypeParameters>
<autoIncrementCycle>false</autoIncrementCycle>
</Column>
<Column name="modalidad" id="872677FD-5107-42D7-853E-7411ED8AF13C">
<sourceDDLFile>1.sql</sourceDDLFile>
<createdBy>diegocarvajalarias</createdBy>
<createdTime>2025-09-16 00:54:27 UTC</createdTime>
<ownerDesignName>s05</ownerDesignName>
<importedID>E152D94F-8C53-44A2-36A9-4906BF5C2F9D</importedID>
<useDomainConstraints>false</useDomainConstraints>
<use>0</use>
<logicalDatatype>LOGDT024</logicalDatatype>
<domain>7152225A-ED81-6F9D-7124-449E900A1EE0</domain>
<ownDataTypeParameters>,,</ownDataTypeParameters>
<autoIncrementCycle>false</autoIncrementCycle>
</Column>
<Column name="diagnostico" id="D9170194-1450-07AF-DAEA-4661F7E0C4A4">
<sourceDDLFile>1.sql</sourceDDLFile>
<createdBy>diegocarvajalarias</createdBy>
<createdTime>2025-09-16 00:54:27 UTC</createdTime>
<ownerDesignName>s05</ownerDesignName>
<importedID>9D69F754-0F5C-5E5A-B165-5B57E616F06B</importedID>
<useDomainConstraints>false</useDomainConstraints>
<use>0</use>
<logicalDatatype>LOGDT024</logicalDatatype>
<domain>BAFE5F16-6637-7FF5-33A7-FDA811252BA7</domain>
<ownDataTypeParameters>,,</ownDataTypeParameters>
<autoIncrementCycle>false</autoIncrementCycle>
</Column>
<Column name="PACIENTE_rut" id="1400DC6F-F89B-9EDE-29DB-D4F33138651D">
<sourceDDLFile>1.sql</sourceDDLFile>
<createdBy>diegocarvajalarias</createdBy>
<createdTime>2025-09-16 00:54:27 UTC</createdTime>
<ownerDesignName>s05</ownerDesignName>
<importedID>7613173E-BADB-CA82-7E89-7A3BF8F6B5A1</importedID>
<use>0</use>
<logicalDatatype>LOGDT024</logicalDatatype>
<domain>DA2DC38F-8D25-1065-90C8-A70D9567C25E</domain>
<ownDataTypeParameters>,,</ownDataTypeParameters>
<autoIncrementCycle>false</autoIncrementCycle>
<associations>
<colAssociation fkAssociation="FE114B7F-B349-0B98-0E36-9B52064BB43E" referredColumn="0C1129CD-FADA-0EEA-D771-31BF10312593"/>
</associations>
</Column>
<Column name="MEDICO_rut" id="B5CA9AF6-EE66-1B32-0CD8-E19E181468D3">
<sourceDDLFile>1.sql</sourceDDLFile>
<createdBy>diegocarvajalarias</createdBy>
<createdTime>2025-09-16 00:54:27 UTC</createdTime>
<ownerDesignName>s05</ownerDesignName>
<importedID>4DEF0063-FF33-5111-4F9A-9637C8007584</importedID>
<use>0</use>
<logicalDatatype>LOGDT024</logicalDatatype>
<domain>DA2DC38F-8D25-1065-90C8-A70D9567C25E</domain>
<ownDataTypeParameters>,,</ownDataTypeParameters>
<autoIncrementCycle>false</autoIncrementCycle>
<associations>
<colAssociation fkAssociation="C61A2F30-6F7E-E231-E36F-D63E701E3320" referredColumn="E4C927B1-EE50-167E-2849-FDD2B0091526"/>
</associations>
</Column>
<Column name="ESPECIALIDAD_id" id="28625F1F-D617-657D-49BA-02C3D5184FC5">
<sourceDDLFile>1.sql</sourceDDLFile>
<createdBy>diegocarvajalarias</createdBy>
<createdTime>2025-09-16 00:54:27 UTC</createdTime>
<ownerDesignName>s05</ownerDesignName>
<importedID>A4C68B4A-1543-53C0-8104-2433D0C20DA4</importedID>
<use>0</use>
<logicalDatatype>LOGDT019</logicalDatatype>
<domain>BBCAAA61-3D65-10C6-9A4F-0A5F98D6B9DF</domain>
<ownDataTypeParameters>,,</ownDataTypeParameters>
<autoIncrementCycle>false</autoIncrementCycle>
<associations>
<colAssociation fkAssociation="A0D98339-8B67-A17B-8508-0B6BC594B72B" referredColumn="AE1B7CF0-8A42-5852-C060-016FED52634D"/>
</associations>
</Column>
</columns>
<indexes itemClass="oracle.dbtools.crest.model.design.relational.Index">
<ind_PK_UK id="89BE3D0B-465B-D195-0F0D-CBA92C94447E" name="ATENCION_PK">
<sourceDDLFile>1.sql</sourceDDLFile>
<createdBy>diegocarvajalarias</createdBy>
<createdTime>2025-09-16 00:54:27 UTC</createdTime>
<ownerDesignName>s05</ownerDesignName>
<importedID>EAE44AD2-3F4A-5D28-CF72-1F475A61CCDA</importedID>
<pk>true</pk>
<indexState>Primary Constraint</indexState>
<isSurrogateKey>false</isSurrogateKey>
<indexColumnUsage>
<colUsage columnID="62CC0ED3-9E53-D750-9D7E-C06B58CD9070"/>
</indexColumnUsage>
</ind_PK_UK>
<ind_PK_UK id="4B55FBF3-F5B2-2376-1C06-2504AE89B8F0" name="IX_ATEN_PAC">
<sourceDDLFile>1.sql</sourceDDLFile>
<createdBy>diegocarvajalarias</createdBy>
<createdTime>2025-09-16 00:54:27 UTC</createdTime>
<ownerDesignName>s05</ownerDesignName>
<importedID>405666CE-3453-9965-A1ED-B58F6273ECF3</importedID>
<isSurrogateKey>false</isSurrogateKey>
<indexColumnUsage>
<colUsage columnID="1400DC6F-F89B-9EDE-29DB-D4F33138651D"/>
</indexColumnUsage>
</ind_PK_UK>
<ind_PK_UK id="5E1A10E0-0762-2A6E-18EF-594AD53B7794" name="IX_ATEN_MED">
<sourceDDLFile>1.sql</sourceDDLFile>
<createdBy>diegocarvajalarias</createdBy>
<createdTime>2025-09-16 00:54:27 UTC</createdTime>
<ownerDesignName>s05</ownerDesignName>
<importedID>EF7D42DD-1E0B-CA5A-A079-FF231E2D8B21</importedID>
<isSurrogateKey>false</isSurrogateKey>
<indexColumnUsage>
<colUsage columnID="B5CA9AF6-EE66-1B32-0CD8-E19E181468D3"/>
</indexColumnUsage>
</ind_PK_UK>
<ind_PK_UK id="6C483520-57F1-79DA-6543-32B45511C405" name="IX_ATEN_ESP">
<sourceDDLFile>1.sql</sourceDDLFile>
<createdBy>diegocarvajalarias</createdBy>
<createdTime>2025-09-16 00:54:27 UTC</createdTime>
<ownerDesignName>s05</ownerDesignName>
<importedID>82707571-1D3F-BF42-71DE-2A4CDCCEDAE9</importedID>
<isSurrogateKey>false</isSurrogateKey>
<indexColumnUsage>
<colUsage columnID="28625F1F-D617-657D-49BA-02C3D5184FC5"/>
</indexColumnUsage>
</ind_PK_UK>
<ind_PK_UK id="F7515A60-B4B1-1CF1-8A13-C6AD246C2F7A" name="ATENCION_ESPECIALIDAD_FK">
<createdBy>diegocarvajalarias</createdBy>
<createdTime>2025-09-16 00:54:27 UTC</createdTime>
<ownerDesignName>s05</ownerDesignName>
<indexState>Foreign Key</indexState>
<isSurrogateKey>false</isSurrogateKey>
<indexColumnUsage>
<colUsage columnID="28625F1F-D617-657D-49BA-02C3D5184FC5"/>
</indexColumnUsage>
</ind_PK_UK>
<ind_PK_UK id="EDE21467-7FDE-53FC-4DB0-3F0641D26062" name="ATENCION_MEDICO_FK">
<createdBy>diegocarvajalarias</createdBy>
<createdTime>2025-09-16 00:54:27 UTC</createdTime>
<ownerDesignName>s05</ownerDesignName>
<indexState>Foreign Key</indexState>
<isSurrogateKey>false</isSurrogateKey>
<indexColumnUsage>
<colUsage columnID="B5CA9AF6-EE66-1B32-0CD8-E19E181468D3"/>
</indexColumnUsage>
</ind_PK_UK>
<ind_PK_UK id="8642C670-0704-C9C7-E8D4-F24AA6A4F753" name="ATENCION_PACIENTE_FK">
<createdBy>diegocarvajalarias</createdBy>
<createdTime>2025-09-16 00:54:27 UTC</createdTime>
<ownerDesignName>s05</ownerDesignName>
<indexState>Foreign Key</indexState>
<isSurrogateKey>false</isSurrogateKey>
<indexColumnUsage>
<colUsage columnID="1400DC6F-F89B-9EDE-29DB-D4F33138651D"/>
</indexColumnUsage>
</ind_PK_UK>
</indexes>
<tableCheckConstraints itemClass="oracle.dbtools.crest.model.design.constraint.TableLevelConstraint">
<tableCheckConstraint name="CHK_ATEN_TIPO" directorySegmentName="seg_0" id="805438F7-2430-9791-56D1-3C82A9B5EA76">
<sourceDDLFile>1.sql</sourceDDLFile>
<createdBy>diegocarvajalarias</createdBy>
<createdTime>2025-09-16 00:54:27 UTC</createdTime>
<ownerDesignName>s05</ownerDesignName>
<importedID>0316B402-E2D8-B601-4FCD-E03A54C9C7B1</importedID>
<rule><![CDATA[tipo IN ('general','urgencia','preventiva')]]></rule>
</tableCheckConstraint>
<tableCheckConstraint name="CHK_ATEN_MOD" directorySegmentName="seg_0" id="CE225005-C0C5-D84E-63C3-5F5FD6938F6B">
<sourceDDLFile>1.sql</sourceDDLFile>
<createdBy>diegocarvajalarias</createdBy>
<createdTime>2025-09-16 00:54:27 UTC</createdTime>
<ownerDesignName>s05</ownerDesignName>
<importedID>B544829B-2E3A-3FAC-04F1-BF6C5EBF359F</importedID>
<rule><![CDATA[modalidad IN ('presencial','virtual')]]></rule>
</tableCheckConstraint>
</tableCheckConstraints>
</Table>