<?xml version = '1.0' encoding = 'UTF-8'?>
<Table class="oracle.dbtools.crest.model.design.relational.Table" directorySegmentName="seg_0" id="B346C007-A0C5-D80A-E52E-BEA91A487BA0" name="RESULTADO_EXAMEN">
<sourceDDLFile>1.sql</sourceDDLFile>
<createdBy>diegocarvajalarias</createdBy>
<createdTime>2025-09-16 00:54:27 UTC</createdTime>
<ownerDesignName>s05</ownerDesignName>
<importedID>FC839F8F-93F7-8403-5834-D4F3D8C1DB5B</importedID>
<allowColumnReorder>false</allowColumnReorder>
<existDependencyGenerateInDDl>true</existDependencyGenerateInDDl>
<parsed>true</parsed>
<columns itemClass="oracle.dbtools.crest.model.design.relational.Column">
<Column name="SOLICITUD_EXAMEN_id" id="BD5BC776-54DD-FB20-ADE3-46036F2FD4D1">
<sourceDDLFile>1.sql</sourceDDLFile>
<createdBy>diegocarvajalarias</createdBy>
<createdTime>2025-09-16 00:54:27 UTC</createdTime>
<ownerDesignName>s05</ownerDesignName>
<importedID>D73AD4C5-57A1-5F75-8F7E-D8419ABD74F7</importedID>
<use>0</use>
<logicalDatatype>LOGDT019</logicalDatatype>
<domain>FE61A19F-4ADE-3CF3-1F24-A5EC3B06F609</domain>
<ownDataTypeParameters>,,</ownDataTypeParameters>
<autoIncrementCycle>false</autoIncrementCycle>
<associations>
<colAssociation fkAssociation="7C482374-FF6C-378E-A2BF-DFDC00278997" referredColumn="5B26C122-0EE9-9622-C4D0-7D893AFA4AFA"/>
</associations>
</Column>
<Column name="fecha_resultado" id="CDD2A153-8FFF-D1EA-C9CC-1D0D3174B7C7">
<sourceDDLFile>1.sql</sourceDDLFile>
<createdBy>diegocarvajalarias</createdBy>
<createdTime>2025-09-16 00:54:27 UTC</createdTime>
<ownerDesignName>s05</ownerDesignName>
<importedID>8F9F425D-D0FE-7E03-1D16-5AFDFFBD72BC</importedID>
<nullsAllowed>true</nullsAllowed>
<useDomainConstraints>false</useDomainConstraints>
<use>0</use>
<logicalDatatype>LOGDT007</logicalDatatype>
<domain>C2FEA37B-5119-12BD-6EA5-1D94A1060CCD</domain>
<ownDataTypeParameters>,,</ownDataTypeParameters>
<autoIncrementCycle>false</autoIncrementCycle>
</Column>
<Column name="valores" id="5C47594B-8882-F614-617C-D393A01B4635">
<sourceDDLFile>1.sql</sourceDDLFile>
<createdBy>diegocarvajalarias</createdBy>
<createdTime>2025-09-16 00:54:27 UTC</createdTime>
<ownerDesignName>s05</ownerDesignName>
<importedID>5AE7B003-7531-F926-C00E-0E7CBD317EFA</importedID>
<nullsAllowed>true</nullsAllowed>
<useDomainConstraints>false</useDomainConstraints>
<use>0</use>
<logicalDatatype>LOGDT024</logicalDatatype>
<domain>BAFE5F16-6637-7FF5-33A7-FDA811252BA7</domain>
<ownDataTypeParameters>,,</ownDataTypeParameters>
<autoIncrementCycle>false</autoIncrementCycle>
</Column>
<Column name="informe" id="8162A0E7-2F1C-AB80-219C-6E40801BAD41">
<sourceDDLFile>1.sql</sourceDDLFile>
<createdBy>diegocarvajalarias</createdBy>
<createdTime>2025-09-16 00:54:27 UTC</createdTime>
<ownerDesignName>s05</ownerDesignName>
<importedID>2EDEA2A8-52ED-F158-B633-AFC1B17BFF78</importedID>
<nullsAllowed>true</nullsAllowed>
<useDomainConstraints>false</useDomainConstraints>
<use>0</use>
<logicalDatatype>LOGDT024</logicalDatatype>
<domain>B2DE6423-9A21-9A44-B0C6-335AE65D277A</domain>
<ownDataTypeParameters>,,</ownDataTypeParameters>
<autoIncrementCycle>false</autoIncrementCycle>
</Column>
</columns>
<indexes itemClass="oracle.dbtools.crest.model.design.relational.Index">
<ind_PK_UK id="A777DBDC-CC4D-90AB-0BE0-56A6C3196CD6" name="RESULTADO_EXAMEN_PK">
<sourceDDLFile>1.sql</sourceDDLFile>
<createdBy>diegocarvajalarias</createdBy>
<createdTime>2025-09-16 00:54:27 UTC</createdTime>
<ownerDesignName>s05</ownerDesignName>
<importedID>113F93BC-499A-9312-F3BD-AA34E3ABBE1F</importedID>
<pk>true</pk>
<indexState>Primary Constraint</indexState>
<isSurrogateKey>false</isSurrogateKey>
<indexColumnUsage>
<colUsage columnID="BD5BC776-54DD-FB20-ADE3-46036F2FD4D1"/>
</indexColumnUsage>
</ind_PK_UK>
<ind_PK_UK id="A5737783-97C7-8473-6585-E74F6A0E73DB" name="RESULTADO_EXAMEN_SOLICITUD_EXAMEN_FK">
<createdBy>diegocarvajalarias</createdBy>
<createdTime>2025-09-16 00:54:27 UTC</createdTime>
<ownerDesignName>s05</ownerDesignName>
<indexState>Foreign Key</indexState>
<isSurrogateKey>false</isSurrogateKey>
<indexColumnUsage>
<colUsage columnID="BD5BC776-54DD-FB20-ADE3-46036F2FD4D1"/>
</indexColumnUsage>
</ind_PK_UK>
</indexes>
</Table>