<?xml version = '1.0' encoding = 'UTF-8'?>
<Table class="oracle.dbtools.crest.model.design.relational.Table" directorySegmentName="seg_0" id="C897E10F-D0E4-C744-547F-CD236224D9F9" name="SOLICITUD_EXAMEN">
<sourceDDLFile>1.sql</sourceDDLFile>
<createdBy>diegocarvajalarias</createdBy>
<createdTime>2025-09-16 00:54:27 UTC</createdTime>
<ownerDesignName>s05</ownerDesignName>
<importedID>B60AAD91-CB0F-5D73-8696-9521DE322C36</importedID>
<allowColumnReorder>false</allowColumnReorder>
<existDependencyGenerateInDDl>true</existDependencyGenerateInDDl>
<parsed>true</parsed>
<columns itemClass="oracle.dbtools.crest.model.design.relational.Column">
<Column name="id" id="5B26C122-0EE9-9622-C4D0-7D893AFA4AFA">
<sourceDDLFile>1.sql</sourceDDLFile>
<createdBy>diegocarvajalarias</createdBy>
<createdTime>2025-09-16 00:54:27 UTC</createdTime>
<ownerDesignName>s05</ownerDesignName>
<importedID>381D62C7-D5F8-5A7B-CD6A-EEECBAD6008B</importedID>
<useDomainConstraints>false</useDomainConstraints>
<use>0</use>
<logicalDatatype>LOGDT019</logicalDatatype>
<domain>FE61A19F-4ADE-3CF3-1F24-A5EC3B06F609</domain>
<ownDataTypeParameters>,,</ownDataTypeParameters>
<autoIncrementCycle>false</autoIncrementCycle>
</Column>
<Column name="ATENCION_id" id="B49A6DBA-902B-304A-8351-4FFCBDF022E2">
<sourceDDLFile>1.sql</sourceDDLFile>
<createdBy>diegocarvajalarias</createdBy>
<createdTime>2025-09-16 00:54:27 UTC</createdTime>
<ownerDesignName>s05</ownerDesignName>
<importedID>EE52B1A8-1B6A-D54F-D8E7-90C4A1C21BF8</importedID>
<use>0</use>
<logicalDatatype>LOGDT019</logicalDatatype>
<domain>FE61A19F-4ADE-3CF3-1F24-A5EC3B06F609</domain>
<ownDataTypeParameters>,,</ownDataTypeParameters>
<autoIncrementCycle>false</autoIncrementCycle>
<associations>
<colAssociation fkAssociation="CAF3B02B-552C-9792-24DA-3414AFA45B45" referredColumn="62CC0ED3-9E53-D750-9D7E-C06B58CD9070"/>
</associations>
</Column>
<Column name="EXAMEN_codigo" id="8A13084C-B8E2-D2B5-9740-BBF1E35C8CB4">
<sourceDDLFile>1.sql</sourceDDLFile>
<createdBy>diegocarvajalarias</createdBy>
<createdTime>2025-09-16 00:54:27 UTC</createdTime>
<ownerDesignName>s05</ownerDesignName>
<importedID>E8B3D0EA-5C99-DB7B-E382-429087CB5417</importedID>
<use>0</use>
<logicalDatatype>LOGDT024</logicalDatatype>
<domain>7152225A-ED81-6F9D-7124-449E900A1EE0</domain>
<ownDataTypeParameters>,,</ownDataTypeParameters>
<autoIncrementCycle>false</autoIncrementCycle>
<associations>
<colAssociation fkAssociation="7B08EC19-40ED-437E-4DA3-8B8A96C61344" referredColumn="58926806-7FD9-2F2D-3396-95BE7BE71B9E"/>
</associations>
</Column>
<Column name="fecha_solicitud" id="B6F173E0-489F-0CAE-4560-70755A17E950">
<sourceDDLFile>1.sql</sourceDDLFile>
<createdBy>diegocarvajalarias</createdBy>
<createdTime>2025-09-16 00:54:27 UTC</createdTime>
<ownerDesignName>s05</ownerDesignName>
<importedID>1778EC7D-EB4C-8E7F-59A7-163DA5F9D7CF</importedID>
<useDomainConstraints>false</useDomainConstraints>
<use>0</use>
<logicalDatatype>LOGDT007</logicalDatatype>
<domain>C2FEA37B-5119-12BD-6EA5-1D94A1060CCD</domain>
<ownDataTypeParameters>,,</ownDataTypeParameters>
<autoIncrementCycle>false</autoIncrementCycle>
</Column>
</columns>
<indexes itemClass="oracle.dbtools.crest.model.design.relational.Index">
<ind_PK_UK id="B2A7AD0C-F347-9E56-885D-EA7F8170F8ED" name="SOLICITUD_EXAMEN_PK">
<sourceDDLFile>1.sql</sourceDDLFile>
<createdBy>diegocarvajalarias</createdBy>
<createdTime>2025-09-16 00:54:27 UTC</createdTime>
<ownerDesignName>s05</ownerDesignName>
<importedID>DD6E04C2-E93F-5019-7501-D5E69C673D0A</importedID>
<pk>true</pk>
<indexState>Primary Constraint</indexState>
<isSurrogateKey>false</isSurrogateKey>
<indexColumnUsage>
<colUsage columnID="5B26C122-0EE9-9622-C4D0-7D893AFA4AFA"/>
</indexColumnUsage>
</ind_PK_UK>
<ind_PK_UK id="6B66BAE6-E7DB-B70B-97FC-CE52FF0E1AAA" name="IX_SOL_ATEN">
<sourceDDLFile>1.sql</sourceDDLFile>
<createdBy>diegocarvajalarias</createdBy>
<createdTime>2025-09-16 00:54:27 UTC</createdTime>
<ownerDesignName>s05</ownerDesignName>
<importedID>3F5A2B8F-E17D-4885-DFA3-C904071F6E6C</importedID>
<isSurrogateKey>false</isSurrogateKey>
<indexColumnUsage>
<colUsage columnID="B49A6DBA-902B-304A-8351-4FFCBDF022E2"/>
</indexColumnUsage>
</ind_PK_UK>
<ind_PK_UK id="D4E69B02-8F9D-8D86-7895-0C1D8A9D8D63" name="IX_SOL_EXAM">
<sourceDDLFile>1.sql</sourceDDLFile>
<createdBy>diegocarvajalarias</createdBy>
<createdTime>2025-09-16 00:54:27 UTC</createdTime>
<ownerDesignName>s05</ownerDesignName>
<importedID>92111EB2-896D-481E-5F0C-9865ED7F168B</importedID>
<isSurrogateKey>false</isSurrogateKey>
<indexColumnUsage>
<colUsage columnID="8A13084C-B8E2-D2B5-9740-BBF1E35C8CB4"/>
</indexColumnUsage>
</ind_PK_UK>
<ind_PK_UK id="16AF5FDF-367D-D65F-9514-4AA442C79943" name="SOLICITUD_EXAMEN_ATENCION_FK">
<createdBy>diegocarvajalarias</createdBy>
<createdTime>2025-09-16 00:54:27 UTC</createdTime>
<ownerDesignName>s05</ownerDesignName>
<indexState>Foreign Key</indexState>
<isSurrogateKey>false</isSurrogateKey>
<indexColumnUsage>
<colUsage columnID="B49A6DBA-902B-304A-8351-4FFCBDF022E2"/>
</indexColumnUsage>
</ind_PK_UK>
<ind_PK_UK id="B6FD3C44-3ED4-A2FA-8357-5A695AF3D937" name="SOLICITUD_EXAMEN_EXAMEN_FK">
<createdBy>diegocarvajalarias</createdBy>
<createdTime>2025-09-16 00:54:27 UTC</createdTime>
<ownerDesignName>s05</ownerDesignName>
<indexState>Foreign Key</indexState>
<isSurrogateKey>false</isSurrogateKey>
<indexColumnUsage>
<colUsage columnID="8A13084C-B8E2-D2B5-9740-BBF1E35C8CB4"/>
</indexColumnUsage>
</ind_PK_UK>
</indexes>
</Table>