<?xml version = '1.0' encoding = 'UTF-8'?>
<Table class="oracle.dbtools.crest.model.design.relational.Table" directorySegmentName="seg_0" id="E07B984D-69CA-D0B7-1D85-A32598EF062E" name="ESPECIALIDAD">
<sourceDDLFile>1.sql</sourceDDLFile>
<createdBy>diegocarvajalarias</createdBy>
<createdTime>2025-09-16 00:54:27 UTC</createdTime>
<ownerDesignName>s05</ownerDesignName>
<importedID>429A648F-EFF1-3363-884D-53421F64162A</importedID>
<allowColumnReorder>false</allowColumnReorder>
<existDependencyGenerateInDDl>true</existDependencyGenerateInDDl>
<parsed>true</parsed>
<columns itemClass="oracle.dbtools.crest.model.design.relational.Column">
<Column name="id" id="AE1B7CF0-8A42-5852-C060-016FED52634D">
<sourceDDLFile>1.sql</sourceDDLFile>
<createdBy>diegocarvajalarias</createdBy>
<createdTime>2025-09-16 00:54:27 UTC</createdTime>
<ownerDesignName>s05</ownerDesignName>
<importedID>C30B34BE-88BA-9EB2-C071-0C9374C6DBB8</importedID>
<useDomainConstraints>false</useDomainConstraints>
<use>0</use>
<logicalDatatype>LOGDT019</logicalDatatype>
<domain>BBCAAA61-3D65-10C6-9A4F-0A5F98D6B9DF</domain>
<ownDataTypeParameters>,,</ownDataTypeParameters>
<autoIncrementCycle>false</autoIncrementCycle>
</Column>
<Column name="nombre" id="29960EC9-EC96-DFCA-1D95-AF3C21C82DEE">
<sourceDDLFile>1.sql</sourceDDLFile>
<createdBy>diegocarvajalarias</createdBy>
<createdTime>2025-09-16 00:54:27 UTC</createdTime>
<ownerDesignName>s05</ownerDesignName>
<importedID>5D0E87B5-7117-530A-87F3-39B2F02D434D</importedID>
<useDomainConstraints>false</useDomainConstraints>
<use>0</use>
<logicalDatatype>LOGDT024</logicalDatatype>
<domain>0CBC8B67-800C-A7D4-66C8-DB5A53CE7839</domain>
<ownDataTypeParameters>,,</ownDataTypeParameters>
<autoIncrementCycle>false</autoIncrementCycle>
</Column>
</columns>
<indexes itemClass="oracle.dbtools.crest.model.design.relational.Index">
<ind_PK_UK id="E3BE4F01-4403-E0E7-5A75-EB45E2DB63F6" name="ESPECIALIDAD_PK">
<sourceDDLFile>1.sql</sourceDDLFile>
<createdBy>diegocarvajalarias</createdBy>
<createdTime>2025-09-16 00:54:27 UTC</createdTime>
<ownerDesignName>s05</ownerDesignName>
<importedID>4937F3F8-6501-E90F-4553-48F9D3D60928</importedID>
<pk>true</pk>
<indexState>Primary Constraint</indexState>
<isSurrogateKey>false</isSurrogateKey>
<indexColumnUsage>
<colUsage columnID="AE1B7CF0-8A42-5852-C060-016FED52634D"/>
</indexColumnUsage>
</ind_PK_UK>
<ind_PK_UK id="8599E348-B500-E8EE-2606-82A26BA2DED6" name="ESPECIALIDAD_nombre_UN">
<sourceDDLFile>1.sql</sourceDDLFile>
<createdBy>diegocarvajalarias</createdBy>
<createdTime>2025-09-16 00:54:27 UTC</createdTime>
<ownerDesignName>s05</ownerDesignName>
<importedID>40B90DD4-536B-E16F-A7CB-3B676FF43B43</importedID>
<indexState>Unique Constraint</indexState>
<isSurrogateKey>false</isSurrogateKey>
<indexColumnUsage>
<colUsage columnID="29960EC9-EC96-DFCA-1D95-AF3C21C82DEE"/>
</indexColumnUsage>
</ind_PK_UK>
</indexes>
</Table>