<?xml version = '1.0' encoding = 'UTF-8'?>
<Table class="oracle.dbtools.crest.model.design.relational.Table" directorySegmentName="seg_0" id="F4E2F596-18B5-7F99-EED5-7AE6C0E38837" name="PACIENTE">
<sourceDDLFile>1.sql</sourceDDLFile>
<createdBy>diegocarvajalarias</createdBy>
<createdTime>2025-09-16 00:54:27 UTC</createdTime>
<ownerDesignName>s05</ownerDesignName>
<importedID>600AE917-4DCC-9D05-237C-185549C06513</importedID>
<allowColumnReorder>false</allowColumnReorder>
<existDependencyGenerateInDDl>true</existDependencyGenerateInDDl>
<parsed>true</parsed>
<columns itemClass="oracle.dbtools.crest.model.design.relational.Column">
<Column name="rut" id="0C1129CD-FADA-0EEA-D771-31BF10312593">
<sourceDDLFile>1.sql</sourceDDLFile>
<createdBy>diegocarvajalarias</createdBy>
<createdTime>2025-09-16 00:54:27 UTC</createdTime>
<ownerDesignName>s05</ownerDesignName>
<importedID>CD4C6C73-B4AE-F3D0-3C56-913B868B5DFB</importedID>
<useDomainConstraints>false</useDomainConstraints>
<use>0</use>
<logicalDatatype>LOGDT024</logicalDatatype>
<domain>DA2DC38F-8D25-1065-90C8-A70D9567C25E</domain>
<ownDataTypeParameters>,,</ownDataTypeParameters>
<autoIncrementCycle>false</autoIncrementCycle>
</Column>
<Column name="nombre" id="0C7BD044-9AFA-8995-69DB-CA686CB820FC">
<sourceDDLFile>1.sql</sourceDDLFile>
<createdBy>diegocarvajalarias</createdBy>
<createdTime>2025-09-16 00:54:27 UTC</createdTime>
<ownerDesignName>s05</ownerDesignName>
<importedID>EF71D84E-8000-310E-A789-3F8750208433</importedID>
<useDomainConstraints>false</useDomainConstraints>
<use>0</use>
<logicalDatatype>LOGDT024</logicalDatatype>
<domain>9F9C44FD-DDB2-DDA6-8F4D-2CF6A3C7FE27</domain>
<ownDataTypeParameters>,,</ownDataTypeParameters>
<autoIncrementCycle>false</autoIncrementCycle>
</Column>
<Column name="sexo" id="4557C405-BA8A-9949-2D44-B72401541792">
<sourceDDLFile>1.sql</sourceDDLFile>
<createdBy>diegocarvajalarias</createdBy>
<createdTime>2025-09-16 00:54:27 UTC</createdTime>
<ownerDesignName>s05</ownerDesignName>
<importedID>8E5C8F14-6816-0FFE-A88A-C165D3F6C2B1</importedID>
<useDomainConstraints>false</useDomainConstraints>
<use>0</use>
<logicalDatatype>LOGDT025</logicalDatatype>
<domain>8A2F72CF-F573-629B-7545-293F50BFA3C1</domain>
<ownDataTypeParameters>,,</ownDataTypeParameters>
<autoIncrementCycle>false</autoIncrementCycle>
</Column>
<Column name="fecha_nac" id="2C7FA035-0439-8096-9286-ADB48972585F">
<sourceDDLFile>1.sql</sourceDDLFile>
<createdBy>diegocarvajalarias</createdBy>
<createdTime>2025-09-16 00:54:27 UTC</createdTime>
<ownerDesignName>s05</ownerDesignName>
<importedID>6037AF66-6D15-9DAF-92F9-619BBA740F4A</importedID>
<useDomainConstraints>false</useDomainConstraints>
<use>0</use>
<logicalDatatype>LOGDT007</logicalDatatype>
<domain>C2FEA37B-5119-12BD-6EA5-1D94A1060CCD</domain>
<ownDataTypeParameters>,,</ownDataTypeParameters>
<autoIncrementCycle>false</autoIncrementCycle>
</Column>
<Column name="direccion" id="31A8A071-7CBE-136D-8BEA-D09F2A5771C8">
<sourceDDLFile>1.sql</sourceDDLFile>
<createdBy>diegocarvajalarias</createdBy>
<createdTime>2025-09-16 00:54:27 UTC</createdTime>
<ownerDesignName>s05</ownerDesignName>
<importedID>88683268-AD4C-91CC-9CDB-603CA8E508FE</importedID>
<useDomainConstraints>false</useDomainConstraints>
<use>0</use>
<logicalDatatype>LOGDT024</logicalDatatype>
<domain>9F9C44FD-DDB2-DDA6-8F4D-2CF6A3C7FE27</domain>
<ownDataTypeParameters>,,</ownDataTypeParameters>
<autoIncrementCycle>false</autoIncrementCycle>
</Column>
<Column name="COMUNA_id" id="187A2210-BC4E-ABB8-5EED-1633D50EBBFF">
<sourceDDLFile>1.sql</sourceDDLFile>
<createdBy>diegocarvajalarias</createdBy>
<createdTime>2025-09-16 00:54:27 UTC</createdTime>
<ownerDesignName>s05</ownerDesignName>
<importedID>EAFE7A0D-6223-9D5E-4BAF-6AF287FCBE9F</importedID>
<use>0</use>
<logicalDatatype>LOGDT019</logicalDatatype>
<domain>0DA354A4-33E3-B3E3-68E3-C02E094F16F1</domain>
<ownDataTypeParameters>,,</ownDataTypeParameters>
<autoIncrementCycle>false</autoIncrementCycle>
<associations>
<colAssociation fkAssociation="A6C211DC-6A2B-B67A-E28A-049FF6BA5DDE" referredColumn="73430156-E7D4-632D-E0A6-D24C2A21A729"/>
</associations>
</Column>
<Column name="tipo_usuario" id="FBFBD264-7F00-00F7-9221-19A6111C932E">
<sourceDDLFile>1.sql</sourceDDLFile>
<createdBy>diegocarvajalarias</createdBy>
<createdTime>2025-09-16 00:54:27 UTC</createdTime>
<ownerDesignName>s05</ownerDesignName>
<importedID>F6DA4EE8-C299-E9E7-3B7F-658B8B238C44</importedID>
<useDomainConstraints>false</useDomainConstraints>
<use>0</use>
<logicalDatatype>LOGDT024</logicalDatatype>
<domain>7152225A-ED81-6F9D-7124-449E900A1EE0</domain>
<ownDataTypeParameters>,,</ownDataTypeParameters>
<autoIncrementCycle>false</autoIncrementCycle>
</Column>
<Column name="email" id="0A4DF78C-28D8-5A1B-4AD1-7779FE28B4FF">
<sourceDDLFile>1.sql</sourceDDLFile>
<createdBy>diegocarvajalarias</createdBy>
<createdTime>2025-09-16 00:54:27 UTC</createdTime>
<ownerDesignName>s05</ownerDesignName>
<importedID>D2D39ED2-51F2-85FA-AA10-FD00ABE6AF2E</importedID>
<nullsAllowed>true</nullsAllowed>
<useDomainConstraints>false</useDomainConstraints>
<use>0</use>
<logicalDatatype>LOGDT024</logicalDatatype>
<domain>9F9C44FD-DDB2-DDA6-8F4D-2CF6A3C7FE27</domain>
<ownDataTypeParameters>,,</ownDataTypeParameters>
<autoIncrementCycle>false</autoIncrementCycle>
</Column>
<Column name="telefono" id="21BF3C31-15A7-9A49-35B0-4A40884DDA12">
<sourceDDLFile>1.sql</sourceDDLFile>
<createdBy>diegocarvajalarias</createdBy>
<createdTime>2025-09-16 00:54:27 UTC</createdTime>
<ownerDesignName>s05</ownerDesignName>
<importedID>263F6304-0626-DD42-0A7E-35C8C7BA936A</importedID>
<nullsAllowed>true</nullsAllowed>
<useDomainConstraints>false</useDomainConstraints>
<use>0</use>
<logicalDatatype>LOGDT024</logicalDatatype>
<domain>81F9B2CE-C4C4-16BE-8DE5-25B7D22F6D46</domain>
<ownDataTypeParameters>,,</ownDataTypeParameters>
<autoIncrementCycle>false</autoIncrementCycle>
</Column>
</columns>
<indexes itemClass="oracle.dbtools.crest.model.design.relational.Index">
<ind_PK_UK id="817F0598-9D96-68AA-4D36-CAEA94EB4A6E" name="PACIENTE_PK">
<sourceDDLFile>1.sql</sourceDDLFile>
<createdBy>diegocarvajalarias</createdBy>
<createdTime>2025-09-16 00:54:27 UTC</createdTime>
<ownerDesignName>s05</ownerDesignName>
<importedID>080B77E9-9200-2551-F2D2-3E01A1AFC4B6</importedID>
<pk>true</pk>
<indexState>Primary Constraint</indexState>
<isSurrogateKey>false</isSurrogateKey>
<indexColumnUsage>
<colUsage columnID="0C1129CD-FADA-0EEA-D771-31BF10312593"/>
</indexColumnUsage>
</ind_PK_UK>
<ind_PK_UK id="579F768D-9288-BBDD-8DFB-11EE5C8522BD" name="IX_PAC_COMUNA">
<sourceDDLFile>1.sql</sourceDDLFile>
<createdBy>diegocarvajalarias</createdBy>
<createdTime>2025-09-16 00:54:27 UTC</createdTime>
<ownerDesignName>s05</ownerDesignName>
<importedID>99FA471F-C332-4F3D-98E4-E601BA85DE81</importedID>
<isSurrogateKey>false</isSurrogateKey>
<indexColumnUsage>
<colUsage columnID="187A2210-BC4E-ABB8-5EED-1633D50EBBFF"/>
</indexColumnUsage>
</ind_PK_UK>
<ind_PK_UK id="09A6F8D5-D766-10E8-5CD5-3CE29625B51E" name="PACIENTE_COMUNA_FK">
<createdBy>diegocarvajalarias</createdBy>
<createdTime>2025-09-16 00:54:27 UTC</createdTime>
<ownerDesignName>s05</ownerDesignName>
<indexState>Foreign Key</indexState>
<isSurrogateKey>false</isSurrogateKey>
<indexColumnUsage>
<colUsage columnID="187A2210-BC4E-ABB8-5EED-1633D50EBBFF"/>
</indexColumnUsage>
</ind_PK_UK>
</indexes>
<tableCheckConstraints itemClass="oracle.dbtools.crest.model.design.constraint.TableLevelConstraint">
<tableCheckConstraint name="CHK_PAC_SEXO" directorySegmentName="seg_0" id="EE960404-1000-5CF2-AA38-3B5DC325A9AF">
<sourceDDLFile>1.sql</sourceDDLFile>
<createdBy>diegocarvajalarias</createdBy>
<createdTime>2025-09-16 00:54:27 UTC</createdTime>
<ownerDesignName>s05</ownerDesignName>
<importedID>0133EBEB-AB32-99E7-728F-8CAFE853B20A</importedID>
<rule><![CDATA[sexo IN ('M','F','O')]]></rule>
</tableCheckConstraint>
<tableCheckConstraint name="CHK_PAC_TIPO" directorySegmentName="seg_0" id="7882085A-7AB6-643A-84EA-9320F7463486">
<sourceDDLFile>1.sql</sourceDDLFile>
<createdBy>diegocarvajalarias</createdBy>
<createdTime>2025-09-16 00:54:27 UTC</createdTime>
<ownerDesignName>s05</ownerDesignName>
<importedID>6FC64D0E-115C-E27E-1A89-B612964B5294</importedID>
<rule><![CDATA[tipo_usuario IN ('estudiante','funcionario','externo')]]></rule>
</tableCheckConstraint>
</tableCheckConstraints>
</Table>