<?xml version = '1.0' encoding = 'UTF-8'?>
<Table class="oracle.dbtools.crest.model.design.relational.Table" directorySegmentName="seg_0" id="FDC4A7F8-C835-39CA-F2DE-2113344E4C1F" name="PAGO_ATENCION">
<sourceDDLFile>1.sql</sourceDDLFile>
<createdBy>diegocarvajalarias</createdBy>
<createdTime>2025-09-16 00:54:27 UTC</createdTime>
<ownerDesignName>s05</ownerDesignName>
<importedID>C37F1536-1AB5-20DA-AB57-3F821A22A77C</importedID>
<allowColumnReorder>false</allowColumnReorder>
<existDependencyGenerateInDDl>true</existDependencyGenerateInDDl>
<parsed>true</parsed>
<columns itemClass="oracle.dbtools.crest.model.design.relational.Column">
<Column name="id" id="5B7719F9-E82D-10FA-5616-D5A17F310C19">
<sourceDDLFile>1.sql</sourceDDLFile>
<createdBy>diegocarvajalarias</createdBy>
<createdTime>2025-09-16 00:54:27 UTC</createdTime>
<ownerDesignName>s05</ownerDesignName>
<importedID>BAED3563-0A26-2DBB-F945-77A8F1006E7E</importedID>
<useDomainConstraints>false</useDomainConstraints>
<use>0</use>
<logicalDatatype>LOGDT019</logicalDatatype>
<domain>FE61A19F-4ADE-3CF3-1F24-A5EC3B06F609</domain>
<ownDataTypeParameters>,,</ownDataTypeParameters>
<autoIncrementCycle>false</autoIncrementCycle>
</Column>
<Column name="ATENCION_id" id="E5842551-FFB9-7AF6-F6D5-8DB25F97E02C">
<sourceDDLFile>1.sql</sourceDDLFile>
<createdBy>diegocarvajalarias</createdBy>
<createdTime>2025-09-16 00:54:27 UTC</createdTime>
<ownerDesignName>s05</ownerDesignName>
<importedID>F1320EC7-A6E9-319B-EA54-D957F314C4E7</importedID>
<use>0</use>
<logicalDatatype>LOGDT019</logicalDatatype>
<domain>FE61A19F-4ADE-3CF3-1F24-A5EC3B06F609</domain>
<ownDataTypeParameters>,,</ownDataTypeParameters>
<autoIncrementCycle>false</autoIncrementCycle>
<associations>
<colAssociation fkAssociation="A5C468FD-C559-F4E7-DEF1-E54A403A33E9" referredColumn="62CC0ED3-9E53-D750-9D7E-C06B58CD9070"/>
</associations>
</Column>
<Column name="monto" id="B9E11692-51FA-B89B-A292-F151A12F388F">
<sourceDDLFile>1.sql</sourceDDLFile>
<createdBy>diegocarvajalarias</createdBy>
<createdTime>2025-09-16 00:54:27 UTC</createdTime>
<ownerDesignName>s05</ownerDesignName>
<importedID>74E9A61A-098E-B810-4A86-8E974637C175</importedID>
<useDomainConstraints>false</useDomainConstraints>
<use>1</use>
<logicalDatatype>LOGDT019</logicalDatatype>
<dataTypePrecision>10</dataTypePrecision>
<ownDataTypeParameters>,10,</ownDataTypeParameters>
<autoIncrementCycle>false</autoIncrementCycle>
</Column>
<Column name="tipo_pago" id="C4E0D494-6E7D-0B61-88AE-26612F3DA798">
<sourceDDLFile>1.sql</sourceDDLFile>
<createdBy>diegocarvajalarias</createdBy>
<createdTime>2025-09-16 00:54:27 UTC</createdTime>
<ownerDesignName>s05</ownerDesignName>
<importedID>DA51E577-B7B3-AF54-5147-DF7677FECEF8</importedID>
<useDomainConstraints>false</useDomainConstraints>
<use>0</use>
<logicalDatatype>LOGDT024</logicalDatatype>
<domain>7152225A-ED81-6F9D-7124-449E900A1EE0</domain>
<ownDataTypeParameters>,,</ownDataTypeParameters>
<autoIncrementCycle>false</autoIncrementCycle>
</Column>
<Column name="fecha_pago" id="6D83F61F-224B-FE91-275B-B8317D74FC30">
<sourceDDLFile>1.sql</sourceDDLFile>
<createdBy>diegocarvajalarias</createdBy>
<createdTime>2025-09-16 00:54:27 UTC</createdTime>
<ownerDesignName>s05</ownerDesignName>
<importedID>E504793F-9C44-D89C-976F-E41A92A97D9F</importedID>
<useDomainConstraints>false</useDomainConstraints>
<use>0</use>
<logicalDatatype>LOGDT007</logicalDatatype>
<domain>C2FEA37B-5119-12BD-6EA5-1D94A1060CCD</domain>
<ownDataTypeParameters>,,</ownDataTypeParameters>
<autoIncrementCycle>false</autoIncrementCycle>
</Column>
</columns>
<indexes itemClass="oracle.dbtools.crest.model.design.relational.Index">
<ind_PK_UK id="4BA2ED1D-C623-7C74-459E-EBFE204B2019" name="PAGO_PK">
<sourceDDLFile>1.sql</sourceDDLFile>
<createdBy>diegocarvajalarias</createdBy>
<createdTime>2025-09-16 00:54:27 UTC</createdTime>
<ownerDesignName>s05</ownerDesignName>
<importedID>0E00E862-47A1-4972-7DAE-BB9D01D41D6E</importedID>
<pk>true</pk>
<indexState>Primary Constraint</indexState>
<isSurrogateKey>false</isSurrogateKey>
<indexColumnUsage>
<colUsage columnID="5B7719F9-E82D-10FA-5616-D5A17F310C19"/>
</indexColumnUsage>
</ind_PK_UK>
<ind_PK_UK id="01796F64-0941-325F-F8ED-42ABBF832A1F" name="PAGO_atencion_id_UN">
<sourceDDLFile>1.sql</sourceDDLFile>
<createdBy>diegocarvajalarias</createdBy>
<createdTime>2025-09-16 00:54:27 UTC</createdTime>
<ownerDesignName>s05</ownerDesignName>
<importedID>82B030DD-FAFE-5179-528C-383F9976F18D</importedID>
<indexState>Unique Constraint</indexState>
<isSurrogateKey>false</isSurrogateKey>
<indexColumnUsage>
<colUsage columnID="E5842551-FFB9-7AF6-F6D5-8DB25F97E02C"/>
</indexColumnUsage>
</ind_PK_UK>
<ind_PK_UK id="63EE87CE-E6CC-7E61-EF8D-C07A9AD4C9DD" name="IX_PAGO_ATEN">
<sourceDDLFile>1.sql</sourceDDLFile>
<createdBy>diegocarvajalarias</createdBy>
<createdTime>2025-09-16 00:54:27 UTC</createdTime>
<ownerDesignName>s05</ownerDesignName>
<importedID>F0AACB97-1430-6F5D-1D6C-283BCC635EC9</importedID>
<isSurrogateKey>false</isSurrogateKey>
<indexColumnUsage>
<colUsage columnID="E5842551-FFB9-7AF6-F6D5-8DB25F97E02C"/>
</indexColumnUsage>
</ind_PK_UK>
<ind_PK_UK id="D9886871-2992-6E59-041C-B4B055ED3674" name="PAGO_ATENCION_FK">
<createdBy>diegocarvajalarias</createdBy>
<createdTime>2025-09-16 00:54:27 UTC</createdTime>
<ownerDesignName>s05</ownerDesignName>
<indexState>Foreign Key</indexState>
<isSurrogateKey>false</isSurrogateKey>
<indexColumnUsage>
<colUsage columnID="E5842551-FFB9-7AF6-F6D5-8DB25F97E02C"/>
</indexColumnUsage>
</ind_PK_UK>
</indexes>
<tableCheckConstraints itemClass="oracle.dbtools.crest.model.design.constraint.TableLevelConstraint">
<tableCheckConstraint name="CHK_TIPO_PAGO" directorySegmentName="seg_0" id="93DCF22C-12F1-288D-2AAE-F43DBBA9FFE8">
<sourceDDLFile>1.sql</sourceDDLFile>
<createdBy>diegocarvajalarias</createdBy>
<createdTime>2025-09-16 00:54:27 UTC</createdTime>
<ownerDesignName>s05</ownerDesignName>
<importedID>A036BC59-9CDC-37C7-93E9-452B324D7351</importedID>
<rule><![CDATA[tipo_pago IN ('efectivo','tarjeta','convenio')]]></rule>
</tableCheckConstraint>
<tableCheckConstraint name="CHK_MONTO_POS" directorySegmentName="seg_0" id="DF826234-B537-0D3A-0077-128086464A28">
<sourceDDLFile>1.sql</sourceDDLFile>
<createdBy>diegocarvajalarias</createdBy>
<createdTime>2025-09-16 00:54:27 UTC</createdTime>
<ownerDesignName>s05</ownerDesignName>
<importedID>DC4FCF08-DC88-1D96-15E8-F20A66594DB2</importedID>
<rule><![CDATA[monto >= 0]]></rule>
</tableCheckConstraint>
</tableCheckConstraints>
</Table>